match_id,prob,prob_min,prob_max,model
12115,0.44147000000000003,0.27055,0.61239,of_to
12116,0.4759,0.32734,0.62446,of_to
12117,0.459555,0.2943,0.62481,of_to
12118,0.417795,0.24353,0.59206,of_to
12119,0.430785,0.26537,0.5962,of_to
12120,0.437065,0.26461,0.60952,of_to
12121,0.18933999999999998,0.03206,0.34662,of_to
12122,0.43478000000000006,0.26989,0.59967,of_to
12123,0.46436,0.29962,0.6291,of_to
12124,0.44702,0.29165,0.60239,of_to
12125,0.407915,0.24646,0.56937,of_to
12126,0.443315,0.27627,0.61036,of_to
12127,0.42844000000000004,0.25026,0.60662,of_to
12128,0.43654,0.28403,0.58905,of_to
12129,0.51492,0.3584,0.67144,of_to
12130,0.41406,0.24744,0.58068,of_to
12131,0.190225,0.02295,0.3575,of_to
12132,0.47813000000000005,0.31617,0.64009,of_to
12133,0.52694,0.36889,0.68499,of_to
12134,0.45806,0.28276,0.63336,of_to
12135,0.460475,0.28998,0.63097,of_to
12136,0.45189999999999997,0.28634,0.61746,of_to
12137,0.41156000000000004,0.24462,0.5785,of_to
12138,0.430295,0.25479,0.6058,of_to
12139,0.4346,0.26751,0.60169,of_to
12140,0.44977500000000004,0.2384,0.66115,of_to
12141,0.511675,0.34701,0.67634,of_to
12142,0.448895,0.26361,0.63418,of_to
12143,0.44818,0.28918,0.60718,of_to
12144,0.497135,0.33397,0.6603,of_to
12145,0.45173,0.28171,0.62175,of_to
12146,0.42522499999999996,0.2517,0.59875,of_to
12147,0.50569,0.34323,0.66815,of_to
12148,0.46013499999999996,0.26731,0.65296,of_to
12149,0.5054000000000001,0.33319,0.67761,of_to
12150,0.486085,0.31426,0.65791,of_to
12151,0.43742499999999995,0.2677,0.60715,of_to
12152,0.5278849999999999,0.37314,0.68263,of_to
12153,0.41903,0.24655,0.59151,of_to
12154,0.39752499999999996,0.24959,0.54546,of_to
12155,0.488465,0.32406,0.65287,of_to
12156,0.5032099999999999,0.3318,0.67462,of_to
12157,0.48975499999999994,0.32996,0.64955,of_to
12158,0.50995,0.35601,0.66389,of_to
12159,0.42357500000000003,0.2406,0.60655,of_to
12160,0.41742,0.26474,0.5701,of_to
12161,0.403535,0.2369,0.57017,of_to
12162,0.422705,0.24754,0.59787,of_to
12163,0.467465,0.30026,0.63467,of_to
12164,0.40048500000000004,0.23216,0.56881,of_to
12165,0.427565,0.25362,0.60151,of_to
12166,0.426535,0.25412,0.59895,of_to
12167,0.50239,0.33837,0.66641,of_to
12168,0.198495,0.0367,0.36029,of_to
12169,0.4341,0.26791,0.60029,of_to
12170,0.43688000000000005,0.26521,0.60855,of_to
12171,0.44140999999999997,0.29012,0.5927,of_to
12172,0.439805,0.27256,0.60705,of_to
12173,0.47128,0.3077,0.63486,of_to
12174,0.519975,0.35001,0.68994,of_to
12175,0.457235,0.27415,0.64032,of_to
12176,0.46087,0.29963,0.62211,of_to
12177,0.49011499999999997,0.3257,0.65453,of_to
12178,0.49572499999999997,0.30885,0.6826,of_to
12179,0.42164999999999997,0.2684,0.5749,of_to
12180,0.44219,0.27417,0.61021,of_to
12181,0.517095,0.35405,0.68014,of_to
12182,0.16716,0.01492,0.3194,of_to
12183,0.41532,0.23003,0.60061,of_to
12184,0.42508999999999997,0.26435,0.58583,of_to
12185,0.448335,0.2882,0.60847,of_to
12186,0.44517000000000007,0.26562,0.62472,of_to
12187,0.459355,0.30138,0.61733,of_to
12188,0.41879,0.2264,0.61118,of_to
12189,0.503315,0.33892,0.66771,of_to
12190,0.426095,0.2437,0.60849,of_to
12191,0.192815,0.03013,0.3555,of_to
12192,0.5211,0.36463,0.67757,of_to
12193,0.46529,0.31156,0.61902,of_to
12194,0.47062000000000004,0.31949,0.62175,of_to
12195,0.46504,0.30418,0.6259,of_to
12196,0.17895,0.0276,0.3303,of_to
12197,0.498445,0.34254,0.65435,of_to
12198,0.46302,0.30457,0.62147,of_to
12199,0.40502,0.22976,0.58028,of_to
12200,0.523875,0.36472,0.68303,of_to
12201,0.48275999999999997,0.30285,0.66267,of_to
12202,0.41756499999999996,0.24816,0.58697,of_to
12203,0.4311,0.2207,0.6415,of_to
12204,0.43718,0.28365,0.59071,of_to
12205,0.47753999999999996,0.32632,0.62876,of_to
12206,0.42443,0.26999,0.57887,of_to
12207,0.415605,0.23606,0.59515,of_to
12208,0.394065,0.23064,0.55749,of_to
12209,0.45304,0.28285,0.62323,of_to
12210,0.148605,0.0173,0.27991,of_to
12211,0.47523000000000004,0.31166,0.6388,of_to
12212,0.45177500000000004,0.28814,0.61541,of_to
12213,0.53691,0.39284,0.68098,of_to
12214,0.4507,0.23659,0.66481,of_to
12215,0.486735,0.32748,0.64599,of_to
12216,0.44070000000000004,0.27578,0.60562,of_to
12217,0.49681,0.31421,0.67941,of_to
12218,0.439345,0.23783,0.64086,of_to
12219,0.44818500000000006,0.30085,0.59552,of_to
12220,0.18748,0.03579,0.33917,of_to
12221,0.406935,0.23666,0.57721,of_to
12222,0.45823499999999995,0.29227,0.6242,of_to
12223,0.40656499999999995,0.23896,0.57417,of_to
12224,0.50147,0.34334,0.6596,of_to
12225,0.43821,0.21212,0.6643,of_to
12226,0.446435,0.26048,0.63239,of_to
12227,0.47272499999999995,0.31434,0.63111,of_to
12228,0.420885,0.25727,0.5845,of_to
12229,0.470395,0.30821,0.63258,of_to
12230,0.4206,0.25394,0.58726,of_to
12231,0.17049,0.02191,0.31907,of_to
12232,0.5241549999999999,0.37124,0.67707,of_to
12233,0.508025,0.33071,0.68534,of_to
12234,0.440615,0.26424,0.61699,of_to
12235,0.44064000000000003,0.28366,0.59762,of_to
12236,0.45001,0.29422,0.6058,of_to
12237,0.5331600000000001,0.35929,0.70703,of_to
12238,0.43882,0.22219,0.65545,of_to
12239,0.436025,0.26961,0.60244,of_to
12240,0.43018999999999996,0.2564,0.60398,of_to
12241,0.48614500000000005,0.30658,0.66571,of_to
12242,0.44703499999999996,0.28433,0.60974,of_to
12243,0.19209,0.04069,0.34349,of_to
12244,0.41578,0.23827,0.59329,of_to
12245,0.47880500000000004,0.28356,0.67405,of_to
12246,0.42984500000000003,0.25265,0.60704,of_to
12247,0.437735,0.2132,0.66227,of_to
12248,0.44516500000000003,0.28361,0.60672,of_to
12249,0.45591499999999996,0.28461,0.62722,of_to
12250,0.44795,0.27884,0.61706,of_to
12251,0.484815,0.29775,0.67188,of_to
12252,0.444605,0.28301,0.6062,of_to
12253,0.543925,0.37532,0.71253,of_to
12254,0.134745,0.01117,0.25832,of_to
12255,0.456835,0.29381,0.61986,of_to
12256,0.50642,0.33221,0.68063,of_to
12257,0.21808,0.04266,0.3935,of_to
12258,0.430445,0.26761,0.59328,of_to
12259,0.51041,0.33707,0.68375,of_to
12260,0.42536,0.26405,0.58667,of_to
12261,0.4003,0.22009,0.58051,of_to
12262,0.46584000000000003,0.30449,0.62719,of_to
12263,0.41354,0.24753,0.57955,of_to
12264,0.435365,0.26725,0.60348,of_to
12265,0.480345,0.31559,0.6451,of_to
12266,0.388065,0.20793,0.5682,of_to
12267,0.5184,0.34659,0.69021,of_to
12268,0.40991500000000003,0.22738,0.59245,of_to
12269,0.423495,0.24676,0.60023,of_to
12270,0.20875000000000002,0.02267,0.39483,of_to
12271,0.46580499999999997,0.30838,0.62323,of_to
12272,0.45805,0.2763,0.6398,of_to
12273,0.46621999999999997,0.30419,0.62825,of_to
12274,0.448785,0.28346,0.61411,of_to
12275,0.50501,0.32695,0.68307,of_to
12276,0.45434,0.26603,0.64265,of_to
12277,0.43254,0.2704,0.59468,of_to
12278,0.40483499999999994,0.24067,0.569,of_to
12279,0.42554000000000003,0.25526,0.59582,of_to
12280,0.46981,0.24761,0.69201,of_to
12281,0.41988,0.25198,0.58778,of_to
12282,0.20551000000000003,0.03894,0.37208,of_to
12283,0.4422,0.25766,0.62674,of_to
12284,0.523415,0.36786,0.67897,of_to
12285,0.20491499999999999,0.04023,0.3696,of_to
12286,0.431785,0.24028,0.62329,of_to
12287,0.486665,0.32318,0.65015,of_to
12288,0.43776499999999996,0.26787,0.60766,of_to
12289,0.484665,0.32404,0.64529,of_to
12290,0.48829,0.2454,0.73118,of_to
12291,0.46321500000000004,0.3031,0.62333,of_to
12292,0.51285,0.33474,0.69096,of_to
12293,0.41475,0.2621,0.5674,of_to
12294,0.465845,0.29215,0.63954,of_to
12295,0.47264,0.31111,0.63417,of_to
12296,0.441475,0.25166,0.63129,of_to
12297,0.50585,0.3079,0.7038,of_to
12298,0.544215,0.39188,0.69655,of_to
12299,0.3813,0.22044,0.54216,of_to
12300,0.471005,0.31076,0.63125,of_to
12301,0.432155,0.22582,0.63849,of_to
12302,0.19616,0.02977,0.36255,of_to
12303,0.470085,0.29899,0.64118,of_to
12304,0.453145,0.29151,0.61478,of_to
12305,0.44937000000000005,0.28214,0.6166,of_to
12306,0.434525,0.25193,0.61712,of_to
12307,0.50446,0.33655,0.67237,of_to
12308,0.378965,0.2129,0.54503,of_to
12309,0.47858,0.27747,0.67969,of_to
12310,0.47722,0.30818,0.64626,of_to
12311,0.45396000000000003,0.26456,0.64336,of_to
12312,0.15723,0.01345,0.30101,of_to
12313,0.46338,0.28672,0.64004,of_to
12314,0.521475,0.34463,0.69832,of_to
12315,0.447555,0.21341,0.6817,of_to
12316,0.193555,0.02636,0.36075,of_to
12317,0.43676000000000004,0.27968,0.59384,of_to
12318,0.48299,0.31816,0.64782,of_to
12319,0.514795,0.3319,0.69769,of_to
12320,0.5263450000000001,0.35032,0.70237,of_to
12321,0.423675,0.24965,0.5977,of_to
12322,0.40856000000000003,0.24204,0.57508,of_to
12323,0.436365,0.27776,0.59497,of_to
12324,0.47802,0.31241,0.64363,of_to
12325,0.43117,0.22583,0.63651,of_to
12326,0.395905,0.22583,0.56598,of_to
12327,0.51423,0.35723,0.67123,of_to
12328,0.48087,0.29271,0.66903,of_to
12329,0.2173,0.03091,0.40369,of_to
12330,0.41035,0.24272,0.57798,of_to
12331,0.42377,0.25125,0.59629,of_to
12332,0.5006200000000001,0.3547,0.64654,of_to
12333,0.47307999999999995,0.31388,0.63228,of_to
12334,0.46311,0.27972,0.6465,of_to
12335,0.45160500000000003,0.27284,0.63037,of_to
12336,0.44891000000000003,0.25789,0.63993,of_to
12337,0.480305,0.32631,0.6343,of_to
12338,0.414895,0.2178,0.61199,of_to
12339,0.43906,0.26764,0.61048,of_to
12340,0.397645,0.22867,0.56662,of_to
12341,0.45949,0.2652,0.65378,of_to
12342,0.198765,0.03138,0.36615,of_to
12343,0.52453,0.36947,0.67959,of_to
12344,0.500745,0.30297,0.69852,of_to
12345,0.44682,0.29496,0.59868,of_to
12346,0.423005,0.24626,0.59975,of_to
12347,0.428065,0.26315,0.59298,of_to
12348,0.48582000000000003,0.33691,0.63473,of_to
12349,0.42749,0.26127,0.59371,of_to
12350,0.498965,0.32506,0.67287,of_to
12351,0.49174999999999996,0.31392,0.66958,of_to
12352,0.18278,0.0206,0.34496,of_to
12353,0.42076,0.22799,0.61353,of_to
12354,0.47616,0.31254,0.63978,of_to
12355,0.37404,0.20372,0.54436,of_to
12356,0.46697500000000003,0.30103,0.63292,of_to
12357,0.500205,0.30075,0.69966,of_to
12358,0.39888,0.23595,0.56181,of_to
12359,0.20276,0.02447,0.38105,of_to
12360,0.45004999999999995,0.26831,0.63179,of_to
12361,0.444385,0.25776,0.63101,of_to
12362,0.49883500000000003,0.33983,0.65784,of_to
12363,0.453075,0.29958,0.60657,of_to
12364,0.536665,0.39265,0.68068,of_to
12365,0.461485,0.27403,0.64894,of_to
12366,0.44723,0.28297,0.61149,of_to
12367,0.41174999999999995,0.24384,0.57966,of_to
12368,0.435015,0.27798,0.59205,of_to
12369,0.24720999999999999,0.03829,0.45613,of_to
12370,0.481505,0.32853,0.63448,of_to
12371,0.45222,0.27574,0.6287,of_to
12372,0.450855,0.29007,0.61164,of_to
12373,0.421535,0.25608,0.58699,of_to
12374,0.55892,0.40291,0.71493,of_to
12375,0.41129,0.23361,0.58897,of_to
12376,0.469695,0.30987,0.62952,of_to
12377,0.42757,0.25994,0.5952,of_to
12378,0.44030500000000006,0.26772,0.61289,of_to
12379,0.430145,0.25061,0.60968,of_to
12380,0.158825,0.01319,0.30446,of_to
12381,0.53407,0.36539,0.70275,of_to
12382,0.5178,0.34527,0.69033,of_to
12383,0.42692,0.26805,0.58579,of_to
12384,0.42221,0.2524,0.59202,of_to
12385,0.427645,0.25739,0.5979,of_to
12386,0.43738,0.27769,0.59707,of_to
12387,0.42377000000000004,0.24887,0.59867,of_to
12388,0.503825,0.32606,0.68159,of_to
12389,0.51417,0.35025,0.67809,of_to
12390,0.501295,0.33532,0.66727,of_to
12391,0.414595,0.24451,0.58468,of_to
12392,0.174085,0.01419,0.33398,of_to
12393,0.5218400000000001,0.35053,0.69315,of_to
12394,0.23088999999999998,0.02258,0.4392,of_to
12395,0.5016700000000001,0.34005,0.66329,of_to
12396,0.40562000000000004,0.22645,0.58479,of_to
12397,0.41320999999999997,0.25153,0.57489,of_to
12398,0.43957999999999997,0.25886,0.6203,of_to
12399,0.47901,0.32724,0.63078,of_to
12400,0.42544499999999996,0.25411,0.59678,of_to
12401,0.478395,0.29437,0.66242,of_to
12402,0.5248349999999999,0.35387,0.6958,of_to
12403,0.461325,0.26911,0.65354,of_to
12404,0.45074,0.28247,0.61901,of_to
12405,0.43206,0.26698,0.59714,of_to
12406,0.49012,0.32819,0.65205,of_to
12407,0.395275,0.21946,0.57109,of_to
12408,0.21551,0.0438,0.38722,of_to
12409,0.426615,0.22241,0.63082,of_to
12410,0.40603500000000003,0.24138,0.57069,of_to
12411,0.43213,0.28035,0.58391,of_to
12412,0.44577999999999995,0.27999,0.61157,of_to
12413,0.446695,0.26913,0.62426,of_to
12414,0.558075,0.39195,0.7242,of_to
12415,0.392245,0.21818,0.56631,of_to
12416,0.431855,0.26532,0.59839,of_to
12417,0.496055,0.33128,0.66083,of_to
12418,0.42110500000000006,0.25213,0.59008,of_to
12419,0.513655,0.33305,0.69426,of_to
12420,0.44723999999999997,0.27018,0.6243,of_to
12421,0.508365,0.34992,0.66681,of_to
12422,0.386455,0.22119,0.55172,of_to
12423,0.386625,0.1779,0.59535,of_to
12424,0.46499,0.29472,0.63526,of_to
12425,0.23587,0.01702,0.45472,of_to
12426,0.41143,0.24187,0.58099,of_to
12427,0.50011,0.31973,0.68049,of_to
12428,0.45425,0.27356,0.63494,of_to
12429,0.400595,0.22792,0.57327,of_to
12430,0.513285,0.35735,0.66922,of_to
12431,0.388945,0.21617,0.56172,of_to
12432,0.47345000000000004,0.30678,0.64012,of_to
12433,0.427765,0.25298,0.60255,of_to
12434,0.20055499999999998,0.0179,0.38321,of_to
12435,0.38671999999999995,0.20798,0.56546,of_to
12436,0.42743,0.25583,0.59903,of_to
12437,0.5579000000000001,0.4012,0.7146,of_to
12438,0.41129,0.23149,0.59109,of_to
12439,0.548465,0.39355,0.70338,of_to
12440,0.422195,0.23964,0.60475,of_to
12441,0.507285,0.34411,0.67046,of_to
12442,0.426415,0.24386,0.60897,of_to
12443,0.42001,0.25089,0.58913,of_to
12444,0.45284,0.28662,0.61906,of_to
12445,0.48206,0.28293,0.68119,of_to
12446,0.34279000000000004,0.1689,0.51668,of_to
12447,0.23234500000000002,0.0577,0.40699,of_to
12448,0.488535,0.30842,0.66865,of_to
12449,0.44256999999999996,0.27601,0.60913,of_to
12450,0.438955,0.27705,0.60086,of_to
12451,0.489635,0.31606,0.66321,of_to
12452,0.18031999999999998,0.01824,0.3424,of_to
12453,0.510175,0.33787,0.68248,of_to
12454,0.425505,0.26312,0.58789,of_to
12455,0.44744999999999996,0.27928,0.61562,of_to
12456,0.425635,0.25621,0.59506,of_to
12457,0.49536499999999994,0.32171,0.66902,of_to
12458,0.467105,0.26992,0.66429,of_to
12459,0.48612500000000003,0.30774,0.66451,of_to
12460,0.49026,0.32809,0.65243,of_to
12461,0.468995,0.28513,0.65286,of_to
12462,0.458525,0.28454,0.63251,of_to
12463,0.39198999999999995,0.21842,0.56556,of_to
12464,0.36266000000000004,0.18632,0.539,of_to
12465,0.400275,0.23599,0.56456,of_to
12466,0.195245,0.02816,0.36233,of_to
12467,0.49631000000000003,0.31629,0.67633,of_to
12468,0.476265,0.29721,0.65532,of_to
12469,0.33855,0.16978,0.50732,of_to
12470,0.528035,0.3697,0.68637,of_to
12471,0.37773999999999996,0.21454,0.54094,of_to
12472,0.44679,0.27361,0.61997,of_to
12473,0.35794000000000004,0.17846,0.53742,of_to
12474,0.40828000000000003,0.23533,0.58123,of_to
12475,0.431345,0.2789,0.58379,of_to
12476,0.48751,0.3241,0.65092,of_to
12477,0.425235,0.22905,0.62142,of_to
12478,0.44401,0.27687,0.61115,of_to
12479,0.52918,0.36632,0.69204,of_to
12480,0.479955,0.31876,0.64115,of_to
12481,0.45727999999999996,0.26574,0.64882,of_to
12482,0.488295,0.31745,0.65914,of_to
12483,0.39209,0.23381,0.55037,of_to
12484,0.421935,0.26549,0.57838,of_to
12485,0.43239,0.28103,0.58375,of_to
12486,0.485055,0.31246,0.65765,of_to
12487,0.452895,0.26461,0.64118,of_to
12488,0.46416,0.28185,0.64647,of_to
12489,0.42146,0.25317,0.58975,of_to
12490,0.40045000000000003,0.22826,0.57264,of_to
12491,0.48511499999999996,0.29988,0.67035,of_to
12492,0.34964500000000004,0.18386,0.51543,of_to
12493,0.46684000000000003,0.27526,0.65842,of_to
12494,0.476625,0.29379,0.65946,of_to
14040,0.51955,0.34101,0.69809,of_to
14041,0.495355,0.31459,0.67612,of_to
14042,0.47762499999999997,0.28855,0.6667,of_to
14043,0.516825,0.36307,0.67058,of_to
14044,0.42288,0.24898,0.59678,of_to
14045,0.50235,0.33388,0.67082,of_to
14046,0.43855,0.24837,0.62873,of_to
14047,0.441415,0.26967,0.61316,of_to
14048,0.41872,0.25776,0.57968,of_to
14049,0.46201499999999995,0.27133,0.6527,of_to
14050,0.516095,0.36062,0.67157,of_to
14051,0.47057499999999997,0.28884,0.65231,of_to
14052,0.5185299999999999,0.3295,0.70756,of_to
14053,0.46972,0.24967,0.68977,of_to
14054,0.406965,0.24826,0.56567,of_to
14055,0.446525,0.24237,0.65068,of_to
14056,0.43938499999999997,0.26503,0.61374,of_to
14057,0.501485,0.34696,0.65601,of_to
14058,0.473125,0.28384,0.66241,of_to
14059,0.447645,0.27118,0.62411,of_to
14060,0.5027550000000001,0.34402,0.66149,of_to
14061,0.476395,0.28777,0.66502,of_to
14062,0.40142500000000003,0.22957,0.57328,of_to
14063,0.44401,0.25775,0.63027,of_to
14064,0.48755,0.32775,0.64735,of_to
14065,0.48797999999999997,0.28384,0.69212,of_to
14066,0.42782,0.22452,0.63112,of_to
14067,0.49058,0.31313,0.66803,of_to
14068,0.487255,0.32671,0.6478,of_to
14069,0.43410499999999996,0.27914,0.58907,of_to
14070,0.508175,0.31599,0.70036,of_to
14071,0.439555,0.26925,0.60986,of_to
14072,0.409605,0.22155,0.59766,of_to
14073,0.490935,0.32136,0.66051,of_to
14074,0.55401,0.38379,0.72423,of_to
14075,0.454295,0.30374,0.60485,of_to
14076,0.4908,0.32239,0.65921,of_to
14077,0.384615,0.21395,0.55528,of_to
14078,0.49761,0.35599,0.63923,of_to
14079,0.45712,0.29457,0.61967,of_to
14080,0.52495,0.35568,0.69422,of_to
14081,0.44021,0.2834,0.59702,of_to
14082,0.417715,0.25563,0.5798,of_to
14083,0.444975,0.24787,0.64208,of_to
14084,0.462915,0.29476,0.63107,of_to
14085,0.48278,0.30561,0.65995,of_to
14086,0.5125649999999999,0.27559,0.74954,of_to
14087,0.532095,0.33828,0.72591,of_to
14088,0.520085,0.35863,0.68154,of_to
14089,0.45809500000000003,0.30034,0.61585,of_to
14090,0.5390900000000001,0.38263,0.69555,of_to
14091,0.40902499999999997,0.23906,0.57899,of_to
14092,0.45440500000000006,0.29026,0.61855,of_to
14093,0.478055,0.2863,0.66981,of_to
14094,0.52005,0.36151,0.67859,of_to
14095,0.51797,0.34884,0.6871,of_to
14096,0.430325,0.23792,0.62273,of_to
14097,0.474245,0.27744,0.67105,of_to
14098,0.50107,0.331,0.67114,of_to
14099,0.46709,0.27058,0.6636,of_to
14100,0.486365,0.31111,0.66162,of_to
14101,0.458005,0.28046,0.63555,of_to
14102,0.522885,0.30164,0.74413,of_to
14103,0.49768,0.30578,0.68958,of_to
14104,0.462555,0.29245,0.63266,of_to
14105,0.4264,0.25704,0.59576,of_to
14106,0.530735,0.32015,0.74132,of_to
14107,0.57764,0.41151,0.74377,of_to
14108,0.44486,0.27718,0.61254,of_to
14109,0.46997,0.29664,0.6433,of_to
14110,0.54513,0.34605,0.74421,of_to
14111,0.46124999999999994,0.25587,0.66663,of_to
14112,0.558145,0.3962,0.72009,of_to
14113,0.46765999999999996,0.31546,0.61986,of_to
14114,0.52519,0.36236,0.68802,of_to
14115,0.49537,0.2963,0.69444,of_to
14116,0.450055,0.29184,0.60827,of_to
14117,0.45778,0.26407,0.65149,of_to
14118,0.36385999999999996,0.19178,0.53594,of_to
14119,0.533705,0.37441,0.693,of_to
14120,0.48941500000000004,0.33117,0.64766,of_to
14121,0.508545,0.32631,0.69078,of_to
14122,0.43782,0.25141,0.62423,of_to
14123,0.57782,0.42653,0.72911,of_to
14124,0.41989,0.22478,0.615,of_to
14125,0.49875,0.34357,0.65393,of_to
14126,0.501375,0.32779,0.67496,of_to
14127,0.488475,0.30078,0.67617,of_to
14128,0.477905,0.30756,0.64825,of_to
14129,0.42707,0.25273,0.60141,of_to
14130,0.51468,0.34311,0.68625,of_to
14131,0.42777,0.26614,0.5894,of_to
14132,0.50818,0.34403,0.67233,of_to
14133,0.42552500000000004,0.26426,0.58679,of_to
14134,0.510985,0.31489,0.70708,of_to
14135,0.419445,0.23028,0.60861,of_to
14136,0.4521,0.27117,0.63303,of_to
14137,0.55633,0.40072,0.71194,of_to
14138,0.47726,0.28227,0.67225,of_to
14139,0.501625,0.33784,0.66541,of_to
14140,0.55905,0.40276,0.71534,of_to
14141,0.41735,0.23595,0.59875,of_to
14142,0.46868999999999994,0.30366,0.63372,of_to
14143,0.503875,0.31834,0.68941,of_to
14144,0.490475,0.25938,0.72157,of_to
14145,0.46755499999999994,0.30471,0.6304,of_to
14146,0.495385,0.32048,0.67029,of_to
14147,0.475225,0.3215,0.62895,of_to
14148,0.494085,0.34341,0.64476,of_to
14149,0.409585,0.23849,0.58068,of_to
14150,0.439955,0.27044,0.60947,of_to
14151,0.47078,0.26045,0.68111,of_to
14152,0.55863,0.40737,0.70989,of_to
14153,0.502425,0.33864,0.66621,of_to
14154,0.50231,0.29097,0.71365,of_to
14155,0.35021500000000005,0.18073,0.5197,of_to
14156,0.40605,0.23382,0.57828,of_to
14157,0.49902,0.33742,0.66062,of_to
14158,0.466015,0.3054,0.62663,of_to
14159,0.469885,0.30109,0.63868,of_to
14160,0.44930499999999995,0.28195,0.61666,of_to
14161,0.42727,0.24656,0.60798,of_to
14162,0.5914200000000001,0.43994,0.7429,of_to
14163,0.44569000000000003,0.2805,0.61088,of_to
14164,0.44747000000000003,0.29404,0.6009,of_to
14165,0.470225,0.2731,0.66735,of_to
14166,0.490405,0.32411,0.6567,of_to
14167,0.44190999999999997,0.24181,0.64201,of_to
14168,0.47596499999999997,0.2663,0.68563,of_to
14169,0.40096,0.23013,0.57179,of_to
14170,0.4558,0.28099,0.63061,of_to
14171,0.443025,0.2368,0.64925,of_to
14172,0.47619500000000003,0.2921,0.66029,of_to
14173,0.53772,0.37632,0.69912,of_to
14174,0.454685,0.28029,0.62908,of_to
14175,0.34540000000000004,0.17141,0.51939,of_to
14176,0.431245,0.2492,0.61329,of_to
14177,0.571835,0.38542,0.75825,of_to
14178,0.472395,0.30973,0.63506,of_to
14179,0.4567,0.28158,0.63182,of_to
14180,0.43516499999999997,0.26947,0.60086,of_to
14181,0.43962999999999997,0.26697,0.61229,of_to
14182,0.53721,0.37495,0.69947,of_to
14183,0.407455,0.24407,0.57084,of_to
14184,0.502515,0.32605,0.67898,of_to
14185,0.45528,0.27971,0.63085,of_to
14186,0.597015,0.44459,0.74944,of_to
14187,0.45998,0.27096,0.649,of_to
14188,0.448355,0.27139,0.62532,of_to
14189,0.431635,0.27037,0.5929,of_to
14190,0.43479999999999996,0.2683,0.6013,of_to
14191,0.48251,0.30138,0.66364,of_to
14192,0.492805,0.2994,0.68621,of_to
14193,0.540515,0.30051,0.78052,of_to
14194,0.48433000000000004,0.31293,0.65573,of_to
14195,0.41532499999999994,0.2506,0.58005,of_to
14196,0.48357000000000006,0.28648,0.68066,of_to
14197,0.52231,0.32384,0.72078,of_to
14198,0.382675,0.20959,0.55576,of_to
14199,0.5140899999999999,0.35217,0.67601,of_to
14200,0.457105,0.25017,0.66404,of_to
14201,0.50969,0.29968,0.7197,of_to
14202,0.4457,0.26008,0.63132,of_to
14203,0.5360699999999999,0.35411,0.71803,of_to
14204,0.48772,0.30925,0.66619,of_to
14205,0.40975,0.24241,0.57709,of_to
14206,0.40947,0.23982,0.57912,of_to
14207,0.5203949999999999,0.36292,0.67787,of_to
14208,0.514695,0.3535,0.67589,of_to
14209,0.40274499999999996,0.24142,0.56407,of_to
14210,0.49028,0.34041,0.64015,of_to
14211,0.45631499999999997,0.28645,0.62618,of_to
14212,0.54099,0.34552,0.73646,of_to
14213,0.47278,0.29552,0.65004,of_to
14214,0.46491499999999997,0.31495,0.61488,of_to
14215,0.43505,0.24354,0.62656,of_to
14216,0.471075,0.29822,0.64393,of_to
14217,0.503415,0.32593,0.6809,of_to
14218,0.47788,0.29003,0.66573,of_to
14219,0.42838,0.26299,0.59377,of_to
14220,0.44159499999999996,0.29007,0.59312,of_to
14221,0.436375,0.26276,0.60999,of_to
14222,0.50238,0.28109,0.72367,of_to
14223,0.422245,0.25506,0.58943,of_to
14224,0.45519,0.29957,0.61081,of_to
14225,0.49565,0.32536,0.66594,of_to
14226,0.51176,0.34881,0.67471,of_to
14227,0.46812,0.2783,0.65794,of_to
14228,0.47582499999999994,0.28317,0.66848,of_to
14229,0.537705,0.36268,0.71273,of_to
14230,0.44599,0.28394,0.60804,of_to
14231,0.46665,0.25541,0.67789,of_to
14232,0.44918,0.24684,0.65152,of_to
14233,0.48810000000000003,0.31335,0.66285,of_to
14234,0.50536,0.30167,0.70905,of_to
14235,0.40404500000000004,0.22184,0.58625,of_to
14236,0.45448999999999995,0.27475,0.63423,of_to
14237,0.5955699999999999,0.45063,0.74051,of_to
14238,0.44886000000000004,0.28595,0.61177,of_to
14239,0.469855,0.28227,0.65744,of_to
14240,0.46604,0.26695,0.66513,of_to
14241,0.48918500000000004,0.29498,0.68339,of_to
14242,0.40666,0.2125,0.60082,of_to
14243,0.580905,0.39531,0.7665,of_to
14244,0.525415,0.36239,0.68844,of_to
14245,0.388585,0.21885,0.55832,of_to
14246,0.470855,0.32116,0.62055,of_to
14247,0.5350050000000001,0.3874,0.68261,of_to
14248,0.47830500000000004,0.31452,0.64209,of_to
14249,0.38883999999999996,0.23245,0.54523,of_to
14250,0.47514,0.32122,0.62906,of_to
14251,0.43631,0.26375,0.60887,of_to
14252,0.47928000000000004,0.30615,0.65241,of_to
14253,0.40893,0.24644,0.57142,of_to
14254,0.511855,0.30054,0.72317,of_to
14255,0.540705,0.38658,0.69483,of_to
14256,0.44429,0.258,0.63058,of_to
14257,0.5305150000000001,0.29967,0.76136,of_to
14258,0.44745999999999997,0.25053,0.64439,of_to
14259,0.45851,0.29509,0.62193,of_to
14260,0.48808999999999997,0.33512,0.64106,of_to
14261,0.424455,0.23546,0.61345,of_to
14262,0.508265,0.31198,0.70455,of_to
14263,0.44856,0.265,0.63212,of_to
14264,0.48538,0.30596,0.6648,of_to
14265,0.46442,0.30065,0.62819,of_to
14266,0.5061599999999999,0.28129,0.73103,of_to
14267,0.43926,0.24869,0.62983,of_to
14268,0.561795,0.35226,0.77133,of_to
14269,0.37843,0.20546,0.5514,of_to
14270,0.555555,0.39107,0.72004,of_to
14271,0.42868000000000006,0.25057,0.60679,of_to
14272,0.5194799999999999,0.26258,0.77638,of_to
14273,0.43052999999999997,0.23835,0.62271,of_to
14274,0.532545,0.37245,0.69264,of_to
14275,0.50941,0.28216,0.73666,of_to
14276,0.43256,0.23803,0.62709,of_to
14277,0.54911,0.37586,0.72236,of_to
14278,0.45813499999999996,0.28751,0.62876,of_to
14279,0.410535,0.24261,0.57846,of_to
14280,0.4515,0.27843,0.62457,of_to
14281,0.46209,0.25849,0.66569,of_to
14282,0.503365,0.33215,0.67458,of_to
14283,0.531145,0.35894,0.70335,of_to
14284,0.51816,0.35927,0.67705,of_to
14285,0.548315,0.28455,0.81208,of_to
14286,0.36062,0.19612,0.52512,of_to
14287,0.42062,0.25766,0.58358,of_to
14288,0.544285,0.32226,0.76631,of_to
14289,0.42078000000000004,0.2554,0.58616,of_to
14290,0.545675,0.35833,0.73302,of_to
14291,0.41086,0.24712,0.5746,of_to
14292,0.49063,0.23597,0.74529,of_to
14293,0.397955,0.22738,0.56853,of_to
14294,0.50373,0.32952,0.67794,of_to
14295,0.5561149999999999,0.39269,0.71954,of_to
14296,0.44947000000000004,0.29004,0.6089,of_to
14297,0.455855,0.28911,0.6226,of_to
14298,0.429215,0.2591,0.59933,of_to
14299,0.45427,0.28454,0.624,of_to
14300,0.42876000000000003,0.26519,0.59233,of_to
14301,0.499145,0.32633,0.67196,of_to
14302,0.47998999999999997,0.31709,0.64289,of_to
14303,0.43007,0.232,0.62814,of_to
14304,0.438455,0.2317,0.64521,of_to
14305,0.44539,0.23912,0.65166,of_to
14306,0.517815,0.36076,0.67487,of_to
14307,0.43801,0.27075,0.60527,of_to
14308,0.430115,0.26788,0.59235,of_to
14309,0.479885,0.28972,0.67005,of_to
14310,0.5161450000000001,0.36409,0.6682,of_to
14311,0.396665,0.23354,0.55979,of_to
14312,0.46825,0.28518,0.65132,of_to
14313,0.49529500000000004,0.3422,0.64839,of_to
14314,0.451275,0.29164,0.61091,of_to
14315,0.46213,0.28755,0.63671,of_to
14316,0.439395,0.2259,0.65289,of_to
14317,0.412065,0.22547,0.59866,of_to
14318,0.41534,0.23776,0.59292,of_to
14319,0.43794,0.24483,0.63105,of_to
14320,0.453685,0.26997,0.6374,of_to
14321,0.423,0.25424,0.59176,of_to
14322,0.416965,0.21961,0.61432,of_to
14323,0.47448,0.28631,0.66265,of_to
14324,0.52605,0.36618,0.68592,of_to
14325,0.47805,0.25111,0.70499,of_to
14326,0.448515,0.24066,0.65637,of_to
14327,0.517355,0.3424,0.69231,of_to
14328,0.50109,0.3418,0.66038,of_to
14329,0.44333500000000003,0.28197,0.6047,of_to
14330,0.424635,0.25546,0.59381,of_to
14331,0.5103949999999999,0.35058,0.67021,of_to
14332,0.46163,0.30285,0.62041,of_to
14333,0.36436,0.20328,0.52544,of_to
14334,0.43022000000000005,0.25974,0.6007,of_to
14335,0.469825,0.28284,0.65681,of_to
14336,0.55203,0.38911,0.71495,of_to
14337,0.41820999999999997,0.24638,0.59004,of_to
14338,0.473465,0.29192,0.65501,of_to
14339,0.42794,0.2524,0.60348,of_to
14340,0.126,0.01491,0.23709,of_to
14341,0.41327499999999995,0.22847,0.59808,of_to
14342,0.390755,0.21677,0.56474,of_to
14343,0.45921999999999996,0.29243,0.62601,of_to
14344,0.5095449999999999,0.34717,0.67192,of_to
14345,0.515245,0.31938,0.71111,of_to
14346,0.47295,0.30016,0.64574,of_to
14347,0.499955,0.3459,0.65401,of_to
14348,0.45987500000000003,0.27358,0.64617,of_to
14349,0.385605,0.23324,0.53797,of_to
14350,0.463285,0.29579,0.63078,of_to
14351,0.15738500000000002,0.03377,0.281,of_to
14352,0.46360499999999993,0.29688,0.63033,of_to
14353,0.41988000000000003,0.25492,0.58484,of_to
14354,0.45166,0.28886,0.61446,of_to
14355,0.40288,0.22024,0.58552,of_to
14356,0.40366,0.22147,0.58585,of_to
14357,0.52326,0.36018,0.68634,of_to
14358,0.445335,0.28032,0.61035,of_to
14359,0.46187500000000004,0.25353,0.67022,of_to
14360,0.435175,0.27177,0.59858,of_to
14361,0.44159499999999996,0.26819,0.615,of_to
14362,0.55435,0.40116,0.70754,of_to
14363,0.451285,0.29903,0.60354,of_to
14364,0.44754000000000005,0.2827,0.61238,of_to
14365,0.35821000000000003,0.1812,0.53522,of_to
14366,0.39146000000000003,0.21813,0.56479,of_to
14367,0.49206,0.3275,0.65662,of_to
14368,0.490775,0.29647,0.68508,of_to
14369,0.50922,0.31886,0.69958,of_to
14370,0.46569499999999997,0.3028,0.62859,of_to
14371,0.404875,0.24245,0.5673,of_to
14372,0.48953499999999994,0.32398,0.65509,of_to
14373,0.48251499999999997,0.32175,0.64328,of_to
14374,0.39452,0.22252,0.56652,of_to
14375,0.542305,0.39363,0.69098,of_to
14376,0.44123,0.26292,0.61954,of_to
14377,0.46476,0.2953,0.63422,of_to
14378,0.492425,0.31074,0.67411,of_to
14379,0.442875,0.2735,0.61225,of_to
14380,0.430265,0.24987,0.61066,of_to
14381,0.45977500000000004,0.28721,0.63234,of_to
14382,0.5248999999999999,0.36578,0.68402,of_to
14383,0.458185,0.26329,0.65308,of_to
14384,0.372625,0.21125,0.534,of_to
14385,0.481325,0.32012,0.64253,of_to
14386,0.38517,0.2139,0.55644,of_to
14387,0.555015,0.41736,0.69267,of_to
14388,0.48436,0.30708,0.66164,of_to
14389,0.49302,0.33528,0.65076,of_to
14390,0.55081,0.3971,0.70452,of_to
14391,0.44989999999999997,0.27058,0.62922,of_to
14392,0.4558,0.29259,0.61901,of_to
14393,0.505355,0.32893,0.68178,of_to
14394,0.36329,0.19473,0.53185,of_to
14395,0.488175,0.33177,0.64458,of_to
14396,0.45742499999999997,0.28012,0.63473,of_to
14397,0.47097,0.26086,0.68108,of_to
14398,0.460605,0.27566,0.64555,of_to
14399,0.527585,0.36915,0.68602,of_to
14400,0.43316999999999994,0.25404,0.6123,of_to
14401,0.365535,0.20629,0.52478,of_to
14402,0.45382,0.2829,0.62474,of_to
14403,0.49163,0.31228,0.67098,of_to
14404,0.45483,0.25529,0.65437,of_to
14405,0.514605,0.35558,0.67363,of_to
14406,0.434855,0.25489,0.61482,of_to
14407,0.589345,0.44558,0.73311,of_to
14408,0.5173,0.35889,0.67571,of_to
14409,0.45865999999999996,0.29756,0.61976,of_to
14410,0.476825,0.3163,0.63735,of_to
14411,0.44113500000000005,0.27753,0.60474,of_to
14412,0.47433000000000003,0.31458,0.63408,of_to
14413,0.495285,0.33003,0.66054,of_to
14414,0.40016,0.21955,0.58077,of_to
14415,0.43974,0.272,0.60748,of_to
14416,0.36574999999999996,0.12515,0.60635,of_to
14417,0.4617,0.27989,0.64351,of_to
14418,0.45125499999999996,0.26792,0.63459,of_to
14419,0.45310000000000006,0.28248,0.62372,of_to
22342,0.50431,0.34769,0.66093,of_to
22343,0.46448500000000004,0.29378,0.63519,of_to
22344,0.54203,0.39024,0.69382,of_to
22345,0.36934,0.20886,0.52982,of_to
22346,0.49646500000000005,0.28953,0.7034,of_to
22347,0.560825,0.4137,0.70795,of_to
22348,0.436235,0.2611,0.61137,of_to
22349,0.44672,0.25796,0.63548,of_to
22350,0.48944,0.32286,0.65602,of_to
22351,0.48901000000000006,0.32629,0.65173,of_to
22352,0.491435,0.32745,0.65542,of_to
22353,0.48638499999999996,0.33074,0.64203,of_to
22354,0.39642999999999995,0.19461,0.59825,of_to
22355,0.48727999999999994,0.32169,0.65287,of_to
22356,0.45935499999999996,0.27972,0.63899,of_to
22357,0.49366499999999996,0.3198,0.66753,of_to
22358,0.48854,0.31559,0.66149,of_to
22359,0.53657,0.37507,0.69807,of_to
22360,0.594305,0.45861,0.73,of_to
22361,0.47079000000000004,0.31778,0.6238,of_to
22362,0.524765,0.33986,0.70967,of_to
22363,0.5104,0.3523,0.6685,of_to
22364,0.46491499999999997,0.26687,0.66296,of_to
22365,0.374925,0.20363,0.54622,of_to
22366,0.486785,0.32243,0.65114,of_to
22367,0.566655,0.41753,0.71578,of_to
22368,0.433975,0.25523,0.61272,of_to
22369,0.54881,0.39954,0.69808,of_to
22370,0.45182,0.2873,0.61634,of_to
22371,0.47668499999999997,0.31414,0.63923,of_to
22372,0.50365,0.33893,0.66837,of_to
22373,0.45015499999999997,0.28543,0.61488,of_to
22374,0.445995,0.27308,0.61891,of_to
22375,0.500495,0.33883,0.66216,of_to
22376,0.5453,0.40155,0.68905,of_to
22377,0.5121450000000001,0.34875,0.67554,of_to
22378,0.439695,0.2591,0.62029,of_to
22379,0.545285,0.36973,0.72084,of_to
22380,0.43843499999999996,0.2502,0.62667,of_to
22381,0.43352999999999997,0.27658,0.59048,of_to
22382,0.471665,0.3017,0.64163,of_to
22383,0.5316649999999999,0.38258,0.68075,of_to
22384,0.384005,0.21824,0.54977,of_to
22385,0.430685,0.25679,0.60458,of_to
22386,0.42920500000000006,0.25474,0.60367,of_to
22387,0.528015,0.3815,0.67453,of_to
22388,0.45130000000000003,0.23828,0.66432,of_to
22389,0.54425,0.38516,0.70334,of_to
22390,0.5125,0.31445,0.71055,of_to
22391,0.503455,0.3529,0.65401,of_to
22392,0.51054,0.3409,0.68018,of_to
22393,0.395625,0.22655,0.5647,of_to
22394,0.37576,0.19705,0.55447,of_to
22395,0.48055000000000003,0.30164,0.65946,of_to
22396,0.528555,0.36036,0.69675,of_to
22397,0.468945,0.27793,0.65996,of_to
22398,0.46894,0.30552,0.63236,of_to
22399,0.519215,0.35691,0.68152,of_to
22400,0.47747,0.31043,0.64451,of_to
22401,0.557685,0.41523,0.70014,of_to
22402,0.46420000000000006,0.29187,0.63653,of_to
22403,0.510085,0.34951,0.67066,of_to
22404,0.546025,0.3829,0.70915,of_to
22405,0.41342999999999996,0.22713,0.59973,of_to
22406,0.423735,0.26091,0.58656,of_to
22407,0.49154,0.32976,0.65332,of_to
22408,0.412335,0.23017,0.5945,of_to
22409,0.45575,0.26726,0.64424,of_to
22410,0.47080999999999995,0.30812,0.6335,of_to
22411,0.50557,0.33208,0.67906,of_to
22412,0.436445,0.24653,0.62636,of_to
22413,0.434785,0.2692,0.60037,of_to
22414,0.517085,0.28788,0.74629,of_to
22415,0.47418,0.30721,0.64115,of_to
22416,0.5556650000000001,0.39432,0.71701,of_to
22417,0.537645,0.32529,0.75,of_to
22418,0.380495,0.20421,0.55678,of_to
22419,0.44273999999999997,0.24832,0.63716,of_to
22420,0.559375,0.40637,0.71238,of_to
22421,0.484945,0.3196,0.65029,of_to
22422,0.537445,0.37736,0.69753,of_to
22423,0.47043999999999997,0.28706,0.65382,of_to
22424,0.453175,0.28439,0.62196,of_to
22425,0.451545,0.27431,0.62878,of_to
22426,0.39150999999999997,0.19519,0.58783,of_to
22427,0.43201999999999996,0.26445,0.59959,of_to
22428,0.526925,0.33349,0.72036,of_to
22429,0.513005,0.33754,0.68847,of_to
22430,0.5758099999999999,0.39922,0.7524,of_to
22431,0.47243999999999997,0.30421,0.64067,of_to
22432,0.5016700000000001,0.32192,0.68142,of_to
22433,0.529995,0.38368,0.67631,of_to
22434,0.4172,0.24388,0.59052,of_to
22435,0.364865,0.19349,0.53624,of_to
22436,0.44862500000000005,0.26731,0.62994,of_to
22437,0.49658,0.31915,0.67401,of_to
22438,0.43438,0.26204,0.60672,of_to
22439,0.62905,0.48043,0.77767,of_to
22440,0.49363999999999997,0.30909,0.67819,of_to
22441,0.502705,0.33705,0.66836,of_to
22442,0.60595,0.46198,0.74992,of_to
22443,0.44882500000000003,0.28085,0.6168,of_to
22444,0.424705,0.24295,0.60646,of_to
22445,0.51281,0.33132,0.6943,of_to
22446,0.44481000000000004,0.25028,0.63934,of_to
22447,0.385645,0.21142,0.55987,of_to
22448,0.514285,0.34531,0.68326,of_to
22449,0.47927,0.27464,0.6839,of_to
22450,0.410155,0.21423,0.60608,of_to
22451,0.504545,0.34842,0.66067,of_to
22452,0.5306850000000001,0.37902,0.68235,of_to
22453,0.44014,0.26163,0.61865,of_to
22454,0.4307,0.23951,0.62189,of_to
22455,0.45435000000000003,0.24546,0.66324,of_to
22456,0.460455,0.22288,0.69803,of_to
22457,0.53502,0.35683,0.71321,of_to
22458,0.440025,0.26138,0.61867,of_to
22459,0.484085,0.30117,0.667,of_to
22460,0.518155,0.34849,0.68782,of_to
22461,0.51982,0.37106,0.66858,of_to
22462,0.42034,0.24434,0.59634,of_to
22463,0.43372,0.22032,0.64712,of_to
22464,0.45417,0.25119,0.65715,of_to
22465,0.529045,0.36403,0.69406,of_to
22466,0.512525,0.35223,0.67282,of_to
22467,0.448255,0.24395,0.65256,of_to
22468,0.42317,0.23421,0.61213,of_to
22469,0.484615,0.32335,0.64588,of_to
22470,0.551745,0.38506,0.71843,of_to
22471,0.52368,0.37294,0.67442,of_to
22472,0.42952999999999997,0.26235,0.59671,of_to
22473,0.45323,0.27399,0.63247,of_to
22474,0.42710499999999996,0.23325,0.62096,of_to
22475,0.554955,0.40869,0.70122,of_to
22476,0.53427,0.37915,0.68939,of_to
22477,0.43687,0.25916,0.61458,of_to
22478,0.51698,0.37172,0.66224,of_to
22479,0.467775,0.29974,0.63581,of_to
22480,0.48321000000000003,0.28517,0.68125,of_to
22481,0.44975999999999994,0.26541,0.63411,of_to
22482,0.53615,0.384,0.6883,of_to
22483,0.45652000000000004,0.2888,0.62424,of_to
22484,0.44962,0.28371,0.61553,of_to
22485,0.48079000000000005,0.31188,0.6497,of_to
22486,0.399625,0.2174,0.58185,of_to
22487,0.46194,0.2914,0.63248,of_to
22488,0.49278500000000003,0.31769,0.66788,of_to
22489,0.48643499999999995,0.30366,0.66921,of_to
22490,0.524265,0.36935,0.67918,of_to
22491,0.44966000000000006,0.25474,0.64458,of_to
22492,0.41908999999999996,0.24476,0.59342,of_to
22493,0.45121,0.25713,0.64529,of_to
22494,0.394635,0.21594,0.57333,of_to
22495,0.470495,0.29036,0.65063,of_to
22496,0.5606599999999999,0.39495,0.72637,of_to
22497,0.455535,0.26778,0.64329,of_to
22498,0.429205,0.25681,0.6016,of_to
22499,0.5012800000000001,0.3139,0.68866,of_to
22500,0.56595,0.39309,0.73881,of_to
22501,0.498965,0.34879,0.64914,of_to
22502,0.41956,0.24098,0.59814,of_to
22503,0.427385,0.23685,0.61792,of_to
22504,0.45040499999999994,0.27231,0.6285,of_to
22505,0.546045,0.39108,0.70101,of_to
22506,0.49539,0.31338,0.6774,of_to
22507,0.46887500000000004,0.28558,0.65217,of_to
22508,0.47538,0.3103,0.64046,of_to
22509,0.43290500000000004,0.23128,0.63453,of_to
22510,0.456275,0.28539,0.62716,of_to
22511,0.507445,0.34611,0.66878,of_to
22512,0.43975,0.24561,0.63389,of_to
22513,0.511945,0.33308,0.69081,of_to
22514,0.40817000000000003,0.22926,0.58708,of_to
22515,0.497545,0.33031,0.66478,of_to
22516,0.485355,0.27975,0.69096,of_to
22517,0.46208499999999997,0.28036,0.64381,of_to
22518,0.574885,0.38669,0.76308,of_to
22519,0.46030000000000004,0.3018,0.6188,of_to
22520,0.42316,0.24891,0.59741,of_to
22521,0.54352,0.38022,0.70682,of_to
22522,0.46216,0.30803,0.61629,of_to
22523,0.45727,0.28013,0.63441,of_to
22524,0.45621,0.27989,0.63253,of_to
22525,0.504535,0.32709,0.68198,of_to
22526,0.555845,0.40671,0.70498,of_to
22527,0.519565,0.34059,0.69854,of_to
22528,0.373695,0.20413,0.54326,of_to
22529,0.49007,0.31843,0.66171,of_to
22530,0.48114500000000004,0.26597,0.69632,of_to
22531,0.425045,0.24353,0.60656,of_to
22532,0.482545,0.32106,0.64403,of_to
22533,0.491815,0.33873,0.6449,of_to
22534,0.42157,0.23463,0.60851,of_to
22535,0.40037,0.23271,0.56803,of_to
22536,0.50572,0.3173,0.69414,of_to
22537,0.475835,0.31364,0.63803,of_to
22538,0.446395,0.23723,0.65556,of_to
22539,0.48341,0.31388,0.65294,of_to
22540,0.49640999999999996,0.33895,0.65387,of_to
22541,0.46670999999999996,0.28887,0.64455,of_to
22542,0.523315,0.31407,0.73256,of_to
22543,0.55565,0.36609,0.74521,of_to
22544,0.460835,0.26568,0.65599,of_to
22545,0.367055,0.19295,0.54116,of_to
22546,0.50549,0.33565,0.67533,of_to
22547,0.5114,0.36342,0.65938,of_to
22548,0.42463999999999996,0.22854,0.62074,of_to
22549,0.527825,0.37259,0.68306,of_to
22550,0.49932,0.30992,0.68872,of_to
22551,0.487795,0.31885,0.65674,of_to
22552,0.515875,0.36805,0.6637,of_to
22553,0.46573,0.2919,0.63956,of_to
22554,0.43259,0.25842,0.60676,of_to
22555,0.480915,0.31433,0.6475,of_to
22556,0.43793,0.27893,0.59693,of_to
22557,0.50768,0.32148,0.69388,of_to
22558,0.41007000000000005,0.25018,0.56996,of_to
22559,0.45457000000000003,0.25311,0.65603,of_to
22560,0.5526599999999999,0.36385,0.74147,of_to
22561,0.463575,0.30952,0.61763,of_to
22562,0.49936,0.33878,0.65994,of_to
22563,0.549485,0.40597,0.693,of_to
22564,0.375415,0.20401,0.54682,of_to
22565,0.391955,0.2312,0.55271,of_to
22566,0.51883,0.32444,0.71322,of_to
22567,0.532905,0.38099,0.68482,of_to
22568,0.44945999999999997,0.24762,0.6513,of_to
22569,0.504775,0.34658,0.66297,of_to
22570,0.468885,0.30204,0.63573,of_to
22571,0.45465,0.2854,0.6239,of_to
22572,0.43764500000000006,0.26228,0.61301,of_to
22573,0.513215,0.27976,0.74667,of_to
22574,0.45906,0.28519,0.63293,of_to
22575,0.439785,0.27649,0.60308,of_to
22576,0.49270499999999995,0.3331,0.65231,of_to
22577,0.461995,0.26632,0.65767,of_to
22578,0.46582500000000004,0.2997,0.63195,of_to
22579,0.41863,0.24798,0.58928,of_to
22580,0.46609999999999996,0.30949,0.62271,of_to
22581,0.516575,0.32262,0.71053,of_to
22582,0.43255499999999997,0.24959,0.61552,of_to
22583,0.500995,0.31337,0.68862,of_to
22584,0.423535,0.24607,0.601,of_to
22585,0.56534,0.38937,0.74131,of_to
22586,0.472715,0.30662,0.63881,of_to
22587,0.50711,0.32884,0.68538,of_to
22588,0.37622,0.20329,0.54915,of_to
22589,0.44584,0.27698,0.6147,of_to
22590,0.493255,0.30537,0.68114,of_to
22591,0.5948,0.4574,0.7322,of_to
22592,0.47165,0.29746,0.64584,of_to
22593,0.5234449999999999,0.33596,0.71093,of_to
22594,0.441215,0.27564,0.60679,of_to
22595,0.440415,0.23475,0.64608,of_to
22596,0.42951,0.21087,0.64815,of_to
22597,0.51293,0.34082,0.68504,of_to
22598,0.555085,0.37576,0.73441,of_to
22599,0.47458999999999996,0.30675,0.64243,of_to
22600,0.51263,0.34694,0.67832,of_to
22601,0.460715,0.2984,0.62303,of_to
22602,0.519285,0.37135,0.66722,of_to
22603,0.41977000000000003,0.23343,0.60611,of_to
22604,0.426695,0.2519,0.60149,of_to
22605,0.5460349999999999,0.36365,0.72842,of_to
22606,0.39208,0.21456,0.5696,of_to
22607,0.46858,0.29851,0.63865,of_to
22608,0.483745,0.28833,0.67916,of_to
22609,0.41272,0.24718,0.57826,of_to
22610,0.556315,0.39206,0.72057,of_to
22611,0.489255,0.29722,0.68129,of_to
22612,0.491715,0.32058,0.66285,of_to
22613,0.42751000000000006,0.22242,0.6326,of_to
22614,0.445955,0.2799,0.61201,of_to
22615,0.395975,0.22521,0.56674,of_to
22616,0.44523,0.28371,0.60675,of_to
22617,0.504705,0.34559,0.66382,of_to
22618,0.471885,0.30791,0.63586,of_to
22619,0.5830500000000001,0.44555,0.72055,of_to
22620,0.44619,0.27157,0.62081,of_to
22621,0.42178,0.25485,0.58871,of_to
22622,0.44516500000000003,0.27682,0.61351,of_to
22623,0.40271,0.21075,0.59467,of_to
22624,0.442705,0.27481,0.6106,of_to
22625,0.5447,0.36289,0.72651,of_to
22626,0.41116,0.21306,0.60926,of_to
22627,0.536685,0.36559,0.70778,of_to
22628,0.451395,0.28395,0.61884,of_to
22629,0.471105,0.30928,0.63293,of_to
22630,0.46513,0.29471,0.63555,of_to
22631,0.488375,0.30136,0.67539,of_to
22632,0.45991000000000004,0.30729,0.61253,of_to
22633,0.539035,0.37713,0.70094,of_to
22634,0.448975,0.29317,0.60478,of_to
22635,0.41977,0.24384,0.5957,of_to
22636,0.40314,0.2416,0.56468,of_to
22637,0.54479,0.38655,0.70303,of_to
22638,0.367265,0.17731,0.55722,of_to
22639,0.5311699999999999,0.32514,0.7372,of_to
22640,0.51928,0.34363,0.69493,of_to
22641,0.437955,0.27746,0.59845,of_to
22642,0.49821499999999996,0.33481,0.66162,of_to
22643,0.420825,0.25811,0.58354,of_to
22644,0.38719,0.2007,0.57368,of_to
22645,0.42718999999999996,0.24162,0.61276,of_to
22646,0.486225,0.31393,0.65852,of_to
22647,0.470345,0.29187,0.64882,of_to
22648,0.469905,0.27795,0.66186,of_to
22649,0.46126500000000004,0.30583,0.6167,of_to
22650,0.42988,0.23741,0.62235,of_to
22651,0.51373,0.35611,0.67135,of_to
22652,0.44099,0.27092,0.61106,of_to
22653,0.47211499999999995,0.30605,0.63818,of_to
22654,0.53695,0.36293,0.71097,of_to
22655,0.43405,0.24968,0.61842,of_to
22656,0.483855,0.2792,0.68851,of_to
22657,0.52808,0.37841,0.67775,of_to
22658,0.383865,0.15331,0.61442,of_to
22659,0.45432000000000006,0.27621,0.63243,of_to
22660,0.479835,0.32476,0.63491,of_to
22661,0.411045,0.24105,0.58104,of_to
22662,0.470815,0.30469,0.63694,of_to
22663,0.47181,0.27723,0.66639,of_to
22664,0.40226,0.22605,0.57847,of_to
22665,0.548955,0.41199,0.68592,of_to
22666,0.47147500000000003,0.27927,0.66368,of_to
22667,0.42601500000000003,0.22321,0.62882,of_to
22668,0.55573,0.38853,0.72293,of_to
22669,0.52966,0.36693,0.69239,of_to
22670,0.395335,0.2371,0.55357,of_to
22671,0.49285,0.3106,0.6751,of_to
22672,0.41805,0.24405,0.59205,of_to
22673,0.43932499999999997,0.24555,0.6331,of_to
22674,0.39305999999999996,0.23681,0.54931,of_to
22675,0.498115,0.32378,0.67245,of_to
22676,0.53099,0.37377,0.68821,of_to
22677,0.412965,0.18078,0.64515,of_to
22678,0.504005,0.35368,0.65433,of_to
22679,0.44938500000000003,0.28133,0.61744,of_to
22680,0.553545,0.38877,0.71832,of_to
22681,0.50397,0.34892,0.65902,of_to
22682,0.482645,0.30763,0.65766,of_to
22683,0.53668,0.37898,0.69438,of_to
22684,0.492815,0.3256,0.66003,of_to
22685,0.440575,0.25085,0.6303,of_to
22686,0.36938,0.17908,0.55968,of_to
22687,0.36227,0.19931,0.52523,of_to
22688,0.50058,0.32422,0.67694,of_to
22689,0.416175,0.23988,0.59247,of_to
22690,0.44859,0.26669,0.63049,of_to
22691,0.48075,0.30902,0.65248,of_to
22692,0.38743,0.21124,0.56362,of_to
22693,0.373145,0.18315,0.56314,of_to
22694,0.39128,0.21746,0.5651,of_to
22695,0.48429,0.31482,0.65376,of_to
22696,0.48267499999999997,0.32436,0.64099,of_to
22697,0.376865,0.18707,0.56666,of_to
22698,0.51612,0.31943,0.71281,of_to
22699,0.506255,0.361,0.65151,of_to
22700,0.53711,0.3733,0.70092,of_to
22701,0.496105,0.31464,0.67757,of_to
22702,0.42224,0.24663,0.59785,of_to
22703,0.50006,0.32854,0.67158,of_to
22704,0.5037849999999999,0.3359,0.67167,of_to
22705,0.53164,0.37147,0.69181,of_to
22706,0.44087,0.27568,0.60606,of_to
22707,0.37885499999999994,0.2123,0.54541,of_to
22708,0.49058,0.27789,0.70327,of_to
22709,0.45891000000000004,0.26765,0.65017,of_to
22710,0.3846,0.19691,0.57229,of_to
22711,0.50694,0.35417,0.65971,of_to
22712,0.44399500000000003,0.25035,0.63764,of_to
22713,0.431415,0.25727,0.60556,of_to
22714,0.411215,0.20688,0.61555,of_to
22715,0.46012000000000003,0.28559,0.63465,of_to
22716,0.47877000000000003,0.30134,0.6562,of_to
22717,0.375345,0.19657,0.55412,of_to
22718,0.48195,0.28941,0.67449,of_to
22719,0.49562000000000006,0.30353,0.68771,of_to
22720,0.472155,0.31115,0.63316,of_to
22721,0.44143,0.29143,0.59143,of_to
38308,0.482385,0.32501,0.63976,of_to
38309,0.43315000000000003,0.26112,0.60518,of_to
38310,0.19668999999999998,0.02151,0.37187,of_to
38311,0.445075,0.23199,0.65816,of_to
38312,0.49857,0.33953,0.65761,of_to
38313,0.58882,0.43472,0.74292,of_to
38314,0.47419,0.31762,0.63076,of_to
38315,0.486395,0.32657,0.64622,of_to
38316,0.45733,0.28659,0.62807,of_to
38317,0.51198,0.33867,0.68529,of_to
38318,0.523045,0.35659,0.6895,of_to
38319,0.47692,0.31282,0.64102,of_to
38320,0.43515000000000004,0.23357,0.63673,of_to
38321,0.47525500000000004,0.27539,0.67512,of_to
38322,0.46145500000000006,0.27865,0.64426,of_to
38323,0.48385,0.31771,0.64999,of_to
38324,0.518525,0.36629,0.67076,of_to
38325,0.45208499999999996,0.27109,0.63308,of_to
38326,0.24429,0.04362,0.44496,of_to
38327,0.4694,0.30272,0.63608,of_to
38328,0.445275,0.2885,0.60205,of_to
38329,0.47312,0.30858,0.63766,of_to
38330,0.41165,0.23949,0.58381,of_to
38331,0.37842,0.19504,0.5618,of_to
38332,0.492305,0.32485,0.65976,of_to
38333,0.6255649999999999,0.48095,0.77018,of_to
38334,0.451705,0.26893,0.63448,of_to
38335,0.50735,0.33781,0.67689,of_to
38336,0.44511500000000004,0.26075,0.62948,of_to
38337,0.544555,0.36945,0.71966,of_to
38338,0.41112499999999996,0.23337,0.58888,of_to
38339,0.538025,0.38386,0.69219,of_to
38340,0.40761000000000003,0.23736,0.57786,of_to
38341,0.538915,0.3075,0.77033,of_to
38342,0.4304,0.25864,0.60216,of_to
38343,0.43621,0.24859,0.62383,of_to
38344,0.557245,0.38019,0.7343,of_to
38345,0.48977000000000004,0.32113,0.65841,of_to
38346,0.470645,0.28603,0.65526,of_to
38347,0.477345,0.32329,0.6314,of_to
38348,0.49597500000000005,0.33156,0.66039,of_to
38349,0.43532499999999996,0.25552,0.61513,of_to
38350,0.48684000000000005,0.31734,0.65634,of_to
38351,0.440365,0.22536,0.65537,of_to
38352,0.47691,0.28462,0.6692,of_to
38353,0.43262500000000004,0.26116,0.60409,of_to
38354,0.46299500000000005,0.291,0.63499,of_to
38355,0.498955,0.31897,0.67894,of_to
38356,0.51949,0.3627,0.67628,of_to
38357,0.48817,0.33399,0.64235,of_to
38358,0.46914500000000003,0.29526,0.64303,of_to
38359,0.42696999999999996,0.25586,0.59808,of_to
38360,0.475365,0.31092,0.63981,of_to
38361,0.48203999999999997,0.27991,0.68417,of_to
38362,0.44058,0.24446,0.6367,of_to
38363,0.399115,0.23067,0.56756,of_to
38364,0.451135,0.27964,0.62263,of_to
38365,0.508375,0.33961,0.67714,of_to
38366,0.5579149999999999,0.41638,0.69945,of_to
38367,0.524635,0.30879,0.74048,of_to
38368,0.44853,0.28453,0.61253,of_to
38369,0.46202,0.27443,0.64961,of_to
38370,0.43183499999999997,0.25955,0.60412,of_to
38371,0.51956,0.32945,0.70967,of_to
38372,0.43321,0.24994,0.61648,of_to
38373,0.407505,0.23707,0.57794,of_to
38374,0.52242,0.33889,0.70595,of_to
38375,0.46246,0.30013,0.62479,of_to
38376,0.535085,0.3786,0.69157,of_to
38377,0.47916499999999995,0.3232,0.63513,of_to
38378,0.45615,0.2874,0.6249,of_to
38379,0.435685,0.26303,0.60834,of_to
38380,0.473955,0.27076,0.67715,of_to
38381,0.418235,0.25001,0.58646,of_to
38382,0.515385,0.35591,0.67486,of_to
38383,0.5399849999999999,0.383,0.69697,of_to
38384,0.51524,0.3567,0.67378,of_to
38385,0.49982499999999996,0.29982,0.69983,of_to
38386,0.506335,0.3234,0.68927,of_to
38387,0.467475,0.30034,0.63461,of_to
38388,0.51638,0.35857,0.67419,of_to
38389,0.47056,0.30236,0.63876,of_to
38390,0.38132999999999995,0.2012,0.56146,of_to
38391,0.5536949999999999,0.37204,0.73535,of_to
38392,0.47450000000000003,0.28527,0.66373,of_to
38393,0.444295,0.27207,0.61652,of_to
38394,0.528925,0.36364,0.69421,of_to
38395,0.44023999999999996,0.26114,0.61934,of_to
38396,0.508155,0.36096,0.65535,of_to
38397,0.51808,0.32407,0.71209,of_to
38398,0.46818499999999996,0.30112,0.63525,of_to
38399,0.501405,0.30826,0.69455,of_to
38400,0.449685,0.2706,0.62877,of_to
38401,0.5137849999999999,0.31475,0.71282,of_to
38402,0.526065,0.35035,0.70178,of_to
38403,0.451135,0.27849,0.62378,of_to
38404,0.56172,0.40508,0.71836,of_to
38405,0.452935,0.27948,0.62639,of_to
38406,0.583895,0.42624,0.74155,of_to
38407,0.44305,0.25117,0.63493,of_to
38408,0.50973,0.35113,0.66833,of_to
38409,0.527665,0.36591,0.68942,of_to
38410,0.44867999999999997,0.27887,0.61849,of_to
38411,0.48686,0.26566,0.70806,of_to
38412,0.47253,0.29896,0.6461,of_to
38413,0.44227,0.26073,0.62381,of_to
38414,0.53217,0.34825,0.71609,of_to
38415,0.46773,0.2727,0.66276,of_to
38416,0.48644999999999994,0.31281,0.66009,of_to
38417,0.540975,0.39418,0.68777,of_to
38418,0.51084,0.33728,0.6844,of_to
38419,0.41317499999999996,0.23747,0.58888,of_to
38420,0.50786,0.30723,0.70849,of_to
38421,0.48048499999999994,0.31898,0.64199,of_to
38422,0.44684,0.25636,0.63732,of_to
38423,0.506785,0.34877,0.6648,of_to
38424,0.50405,0.33676,0.67134,of_to
38425,0.589785,0.43279,0.74678,of_to
38426,0.45313499999999995,0.28024,0.62603,of_to
38427,0.49124999999999996,0.3021,0.6804,of_to
38428,0.482695,0.32408,0.64131,of_to
38429,0.48913000000000006,0.32324,0.65502,of_to
38430,0.458495,0.28868,0.62831,of_to
38431,0.44562,0.27188,0.61936,of_to
38432,0.47056999999999993,0.30981,0.63133,of_to
38433,0.530445,0.35246,0.70843,of_to
38434,0.5722700000000001,0.37051,0.77403,of_to
38435,0.50339,0.31639,0.69039,of_to
38436,0.541115,0.34543,0.7368,of_to
38437,0.465925,0.28511,0.64674,of_to
38438,0.577325,0.39253,0.76212,of_to
38439,0.48466,0.2755,0.69382,of_to
38440,0.480405,0.3042,0.65661,of_to
38441,0.46250499999999994,0.28012,0.64489,of_to
38442,0.44135,0.24413,0.63857,of_to
38443,0.521765,0.34146,0.70207,of_to
38444,0.5144299999999999,0.34252,0.68634,of_to
38445,0.534795,0.34916,0.72043,of_to
38446,0.45081499999999997,0.27468,0.62695,of_to
38447,0.550095,0.38816,0.71203,of_to
38448,0.44559499999999996,0.26723,0.62396,of_to
38449,0.47073,0.26082,0.68064,of_to
38450,0.497185,0.34041,0.65396,of_to
38451,0.50749,0.34188,0.6731,of_to
38452,0.572155,0.42753,0.71678,of_to
38453,0.5050749999999999,0.33316,0.67699,of_to
38454,0.43105499999999997,0.26303,0.59908,of_to
38455,0.5347500000000001,0.32221,0.74729,of_to
38456,0.453315,0.28155,0.62508,of_to
38457,0.525575,0.37463,0.67652,of_to
38458,0.45514,0.28508,0.6252,of_to
38459,0.507315,0.31848,0.69615,of_to
38460,0.483215,0.29976,0.66667,of_to
38461,0.41337,0.24967,0.57707,of_to
38462,0.5481199999999999,0.33846,0.75778,of_to
38463,0.47637,0.29889,0.65385,of_to
38464,0.6129800000000001,0.42901,0.79695,of_to
38465,0.54723,0.39938,0.69508,of_to
38466,0.48860000000000003,0.29432,0.68288,of_to
38467,0.46672,0.27704,0.6564,of_to
38468,0.49491,0.28518,0.70464,of_to
38469,0.5268550000000001,0.36087,0.69284,of_to
38470,0.47695,0.30562,0.64828,of_to
38471,0.415015,0.24195,0.58808,of_to
38472,0.576095,0.42189,0.7303,of_to
38473,0.53677,0.3565,0.71704,of_to
38474,0.533365,0.33808,0.72865,of_to
38475,0.536785,0.38787,0.6857,of_to
38476,0.44115000000000004,0.24626,0.63604,of_to
38477,0.4944,0.33309,0.65571,of_to
38478,0.4871,0.334,0.6402,of_to
38479,0.45228999999999997,0.29006,0.61452,of_to
38480,0.455465,0.29314,0.61779,of_to
38481,0.564865,0.33877,0.79096,of_to
38482,0.549995,0.36728,0.73271,of_to
38483,0.45189999999999997,0.25828,0.64552,of_to
38484,0.56239,0.3716,0.75318,of_to
38485,0.446825,0.27351,0.62014,of_to
38486,0.48687,0.29607,0.67767,of_to
38487,0.53594,0.3642,0.70768,of_to
38488,0.46391499999999997,0.30278,0.62505,of_to
38489,0.492745,0.32975,0.65574,of_to
38490,0.46074,0.26691,0.65457,of_to
38491,0.512845,0.33338,0.69231,of_to
38492,0.589865,0.38538,0.79435,of_to
38493,0.479605,0.30564,0.65357,of_to
38494,0.4724,0.30325,0.64155,of_to
38495,0.506345,0.31438,0.69831,of_to
38496,0.521995,0.36827,0.67572,of_to
38497,0.512985,0.28978,0.73619,of_to
38498,0.42732,0.259,0.59564,of_to
38499,0.48660500000000007,0.31785,0.65536,of_to
38500,0.5297999999999999,0.3112,0.7484,of_to
38501,0.44762,0.27827,0.61697,of_to
38502,0.45899,0.29178,0.6262,of_to
38503,0.515465,0.35364,0.67729,of_to
38504,0.534855,0.38245,0.68726,of_to
38505,0.52074,0.3464,0.69508,of_to
38506,0.56169,0.39768,0.7257,of_to
38507,0.462845,0.2683,0.65739,of_to
38508,0.490765,0.32916,0.65237,of_to
38509,0.48126500000000005,0.29658,0.66595,of_to
38510,0.48587500000000006,0.28938,0.68237,of_to
38511,0.456245,0.24015,0.67234,of_to
38512,0.528545,0.3561,0.70099,of_to
38513,0.43262999999999996,0.24899,0.61627,of_to
38514,0.55862,0.38445,0.73279,of_to
38515,0.4919,0.32474,0.65906,of_to
38516,0.421395,0.25002,0.59277,of_to
38517,0.533555,0.34747,0.71964,of_to
38518,0.43738,0.25386,0.6209,of_to
38519,0.505325,0.33114,0.67951,of_to
38520,0.38181,0.2105,0.55312,of_to
38521,0.48139,0.26966,0.69312,of_to
38522,0.51814,0.32023,0.71605,of_to
38523,0.486175,0.31546,0.65689,of_to
38524,0.56516,0.36056,0.76976,of_to
38525,0.5517350000000001,0.37746,0.72601,of_to
38526,0.6197550000000001,0.46903,0.77048,of_to
38527,0.47908,0.32074,0.63742,of_to
38528,0.5157700000000001,0.32509,0.70645,of_to
38529,0.42303,0.25219,0.59387,of_to
38530,0.528275,0.37388,0.68267,of_to
38531,0.46846999999999994,0.25453,0.68241,of_to
38532,0.44050500000000004,0.27051,0.6105,of_to
38533,0.48163,0.31874,0.64452,of_to
38534,0.40202000000000004,0.22857,0.57547,of_to
38535,0.517085,0.32693,0.70724,of_to
38536,0.501285,0.30901,0.69356,of_to
38537,0.528025,0.36882,0.68723,of_to
38538,0.44919000000000003,0.29181,0.60657,of_to
38539,0.42815000000000003,0.24482,0.61148,of_to
38540,0.48337,0.29742,0.66932,of_to
38541,0.42504000000000003,0.24868,0.6014,of_to
38542,0.5624750000000001,0.41289,0.71206,of_to
38543,0.49233000000000005,0.32888,0.65578,of_to
38544,0.53024,0.36715,0.69333,of_to
38545,0.489805,0.28391,0.6957,of_to
38546,0.53988,0.33765,0.74211,of_to
38547,0.55879,0.36687,0.75071,of_to
38548,0.49362000000000006,0.27904,0.7082,of_to
38549,0.52978,0.33264,0.72692,of_to
38550,0.403285,0.22179,0.58478,of_to
38551,0.45764499999999997,0.24208,0.67321,of_to
38552,0.484625,0.32219,0.64706,of_to
38553,0.49951,0.33419,0.66483,of_to
38554,0.5609999999999999,0.41891,0.70309,of_to
38555,0.54596,0.36336,0.72856,of_to
38556,0.5151749999999999,0.32784,0.70251,of_to
38557,0.49949499999999997,0.33163,0.66736,of_to
38558,0.502015,0.30771,0.69632,of_to
38559,0.503145,0.32302,0.68327,of_to
38560,0.523365,0.36327,0.68346,of_to
38561,0.451545,0.25037,0.65272,of_to
38562,0.46995000000000003,0.29715,0.64275,of_to
38563,0.530325,0.33473,0.72592,of_to
38564,0.48048,0.28641,0.67455,of_to
38565,0.60438,0.41321,0.79555,of_to
38566,0.48119999999999996,0.30334,0.65906,of_to
38567,0.47074499999999997,0.30283,0.63866,of_to
38568,0.481275,0.28825,0.6743,of_to
38569,0.448695,0.26822,0.62917,of_to
38570,0.56016,0.37842,0.7419,of_to
38571,0.4632,0.25312,0.67328,of_to
38572,0.48639,0.28763,0.68515,of_to
38573,0.53388,0.36265,0.70511,of_to
38574,0.54516,0.35327,0.73705,of_to
38575,0.578645,0.43343,0.72386,of_to
38576,0.40987,0.2338,0.58594,of_to
38577,0.47983,0.31044,0.64922,of_to
38578,0.451025,0.28176,0.62029,of_to
38579,0.434585,0.24807,0.6211,of_to
38580,0.570435,0.38865,0.75222,of_to
38581,0.436315,0.25393,0.6187,of_to
38582,0.53756,0.32341,0.75171,of_to
38583,0.49992499999999995,0.32452,0.67533,of_to
38584,0.51823,0.33816,0.6983,of_to
38585,0.502675,0.33817,0.66718,of_to
38586,0.46316999999999997,0.28146,0.64488,of_to
38587,0.434015,0.26103,0.607,of_to
38588,0.46545500000000006,0.26301,0.6679,of_to
38589,0.433145,0.24093,0.62536,of_to
38590,0.46823000000000004,0.29237,0.64409,of_to
38591,0.51938,0.35137,0.68739,of_to
38592,0.49998,0.297,0.70296,of_to
38593,0.486275,0.32729,0.64526,of_to
38594,0.567365,0.39546,0.73927,of_to
38595,0.50558,0.32322,0.68794,of_to
38596,0.45182500000000003,0.27616,0.62749,of_to
38597,0.37912999999999997,0.2042,0.55406,of_to
38598,0.549955,0.40049,0.69942,of_to
38599,0.419135,0.244,0.59427,of_to
38600,0.49198000000000003,0.31852,0.66544,of_to
38601,0.492155,0.30981,0.6745,of_to
38602,0.38526499999999997,0.20973,0.5608,of_to
38603,0.536085,0.33886,0.73331,of_to
38604,0.52503,0.3586,0.69146,of_to
38605,0.5295099999999999,0.34597,0.71305,of_to
38606,0.47107,0.28443,0.65771,of_to
38607,0.47326499999999994,0.28434,0.66219,of_to
38608,0.41172,0.23217,0.59127,of_to
38609,0.41676,0.24377,0.58975,of_to
38610,0.51302,0.34392,0.68212,of_to
38611,0.48547,0.3055,0.66544,of_to
38612,0.49988999999999995,0.33501,0.66477,of_to
38613,0.60556,0.4436,0.76752,of_to
38614,0.55327,0.39277,0.71377,of_to
38615,0.44425499999999996,0.25894,0.62957,of_to
38616,0.43747500000000006,0.25418,0.62077,of_to
38617,0.50261,0.3445,0.66072,of_to
38618,0.466215,0.30086,0.63157,of_to
38619,0.45055,0.24436,0.65674,of_to
38620,0.5172300000000001,0.34404,0.69042,of_to
38621,0.446705,0.23221,0.6612,of_to
38622,0.46921499999999994,0.26575,0.67268,of_to
38623,0.52422,0.33391,0.71453,of_to
38624,0.50014,0.33386,0.66642,of_to
38625,0.572725,0.40448,0.74097,of_to
38626,0.548455,0.38632,0.71059,of_to
38627,0.48092,0.3117,0.65014,of_to
38628,0.495285,0.32234,0.66823,of_to
38629,0.477265,0.29625,0.65828,of_to
38630,0.49773,0.33831,0.65715,of_to
38631,0.441965,0.24719,0.63674,of_to
38632,0.47175,0.28284,0.66066,of_to
38633,0.47149,0.27949,0.66349,of_to
38634,0.44874499999999995,0.2769,0.62059,of_to
38635,0.541635,0.36465,0.71862,of_to
38636,0.491625,0.30253,0.68072,of_to
38637,0.5584250000000001,0.41055,0.7063,of_to
38638,0.427585,0.24926,0.60591,of_to
38639,0.45753,0.27402,0.64104,of_to
38640,0.50665,0.34619,0.66711,of_to
38641,0.48558999999999997,0.31785,0.65333,of_to
38642,0.47550000000000003,0.30302,0.64798,of_to
38643,0.52729,0.33582,0.71876,of_to
38644,0.54436,0.38804,0.70068,of_to
38645,0.435925,0.25681,0.61504,of_to
38646,0.49307500000000004,0.28465,0.7015,of_to
38647,0.4812,0.32196,0.64044,of_to
38648,0.51724,0.34949,0.68499,of_to
38649,0.420535,0.25481,0.58626,of_to
38650,0.436265,0.26527,0.60726,of_to
38651,0.500935,0.31857,0.6833,of_to
38652,0.53949,0.38931,0.68967,of_to
38653,0.444095,0.23813,0.65006,of_to
38654,0.5188900000000001,0.30581,0.73197,of_to
38655,0.40952,0.23577,0.58327,of_to
38656,0.49151500000000004,0.32945,0.65358,of_to
38657,0.49810999999999994,0.3132,0.68302,of_to
38658,0.4355,0.26002,0.61098,of_to
38659,0.548515,0.36343,0.7336,of_to
38660,0.5157,0.33727,0.69413,of_to
38661,0.427635,0.26035,0.59492,of_to
38662,0.509995,0.35551,0.66448,of_to
38663,0.454685,0.27779,0.63158,of_to
38664,0.56198,0.38895,0.73501,of_to
38665,0.41322499999999995,0.21491,0.61154,of_to
38666,0.549055,0.37921,0.7189,of_to
38667,0.499925,0.31833,0.68152,of_to
38668,0.47274,0.31125,0.63423,of_to
38669,0.20237,0.02242,0.38232,of_to
38670,0.411935,0.24661,0.57726,of_to
38671,0.48973,0.29469,0.68477,of_to
38672,0.49563,0.3326,0.65866,of_to
38673,0.472695,0.29782,0.64757,of_to
38674,0.556555,0.38514,0.72797,of_to
38675,0.46660999999999997,0.29465,0.63857,of_to
38676,0.43811,0.25924,0.61698,of_to
38677,0.49484,0.3348,0.65488,of_to
38678,0.49095500000000003,0.3269,0.65501,of_to
38679,0.503875,0.34396,0.66379,of_to
38680,0.21598,0.03959,0.39237,of_to
38681,0.45156999999999997,0.28074,0.6224,of_to
38682,0.49456500000000003,0.29743,0.6917,of_to
38683,0.528985,0.36909,0.68888,of_to
38684,0.490045,0.31438,0.66571,of_to
38685,0.36871,0.17318,0.56424,of_to
38686,0.544855,0.3917,0.69801,of_to
38687,0.47894,0.29616,0.66172,of_to
46605,0.42356,0.27432,0.5728,of_to
46606,0.349565,0.19752,0.50161,of_to
46607,0.41112499999999996,0.25818,0.56407,of_to
46608,0.44167,0.29486,0.58848,of_to
46609,0.48431,0.33517,0.63345,of_to
46610,0.504065,0.35557,0.65256,of_to
46611,0.433315,0.28035,0.58628,of_to
46612,0.503515,0.33581,0.67122,of_to
46613,0.49972000000000005,0.35369,0.64575,of_to
46614,0.47009999999999996,0.31539,0.62481,of_to
46615,0.461205,0.31815,0.60426,of_to
46616,0.39369,0.22897,0.55841,of_to
46617,0.440515,0.2938,0.58723,of_to
46618,0.466125,0.30308,0.62917,of_to
46619,0.467655,0.29716,0.63815,of_to
46620,0.547275,0.42628,0.66827,of_to
46621,0.385135,0.21286,0.55741,of_to
46622,0.421075,0.25533,0.58682,of_to
46623,0.41292,0.23615,0.58969,of_to
46624,0.519795,0.37804,0.66155,of_to
46625,0.442395,0.29992,0.58487,of_to
46626,0.422315,0.23256,0.61207,of_to
46627,0.41388500000000006,0.25789,0.56988,of_to
46628,0.44728,0.28818,0.60638,of_to
46629,0.505375,0.36904,0.64171,of_to
46630,0.391545,0.21485,0.56824,of_to
46631,0.455225,0.26441,0.64604,of_to
46632,0.48241,0.34496,0.61986,of_to
46633,0.4463,0.28684,0.60576,of_to
46634,0.45004999999999995,0.30088,0.59922,of_to
46635,0.544605,0.38828,0.70093,of_to
46636,0.411145,0.26136,0.56093,of_to
46637,0.42437,0.25279,0.59595,of_to
46638,0.47077499999999994,0.29761,0.64394,of_to
46639,0.46765,0.31158,0.62372,of_to
46640,0.38764,0.23464,0.54064,of_to
46641,0.529065,0.35321,0.70492,of_to
46642,0.43183499999999997,0.28236,0.58131,of_to
46643,0.45972999999999997,0.29911,0.62035,of_to
46644,0.37951500000000005,0.23433,0.5247,of_to
46645,0.44969499999999996,0.29724,0.60215,of_to
46646,0.361985,0.20463,0.51934,of_to
46647,0.43232000000000004,0.28244,0.5822,of_to
46648,0.41013999999999995,0.24889,0.57139,of_to
46649,0.531915,0.39351,0.67032,of_to
46650,0.40337,0.26149,0.54525,of_to
46651,0.390875,0.2329,0.54885,of_to
46652,0.5095700000000001,0.35509,0.66405,of_to
46653,0.46235000000000004,0.31154,0.61316,of_to
46654,0.46357499999999996,0.30871,0.61844,of_to
46655,0.48989000000000005,0.32986,0.64992,of_to
46656,0.381515,0.23287,0.53016,of_to
46657,0.44478,0.26376,0.6258,of_to
46658,0.47365999999999997,0.30909,0.63823,of_to
46659,0.42862999999999996,0.27068,0.58658,of_to
46660,0.472905,0.30627,0.63954,of_to
46661,0.520435,0.34858,0.69229,of_to
46662,0.43491499999999994,0.27451,0.59532,of_to
46663,0.37904,0.19191,0.56617,of_to
46664,0.50222,0.35979,0.64465,of_to
46665,0.46009,0.29757,0.62261,of_to
46666,0.34784,0.20078,0.4949,of_to
46667,0.45657500000000006,0.28099,0.63216,of_to
46668,0.427225,0.28413,0.57032,of_to
46669,0.51808,0.34527,0.69089,of_to
46670,0.45289,0.30328,0.6025,of_to
46671,0.552565,0.40322,0.70191,of_to
46672,0.38536000000000004,0.23369,0.53703,of_to
46673,0.47978,0.3206,0.63896,of_to
46674,0.470215,0.30418,0.63625,of_to
46675,0.4,0.24378,0.55622,of_to
46676,0.48045499999999997,0.34,0.62091,of_to
46677,0.43682,0.287,0.58664,of_to
46678,0.428115,0.27536,0.58087,of_to
46679,0.50822,0.37353,0.64291,of_to
46680,0.469075,0.32115,0.617,of_to
46681,0.372255,0.1847,0.55981,of_to
46682,0.465925,0.25559,0.67626,of_to
46683,0.40811000000000003,0.25868,0.55754,of_to
46684,0.407385,0.266,0.54877,of_to
46685,0.47226999999999997,0.30333,0.64121,of_to
46686,0.321705,0.16693,0.47648,of_to
46687,0.44410499999999997,0.26413,0.62408,of_to
46688,0.44882,0.26964,0.628,of_to
46689,0.41798499999999994,0.27573,0.56024,of_to
46690,0.45063,0.30632,0.59494,of_to
46691,0.5704,0.43658,0.70422,of_to
46692,0.43179,0.27975,0.58383,of_to
46693,0.42279999999999995,0.28309,0.56251,of_to
46694,0.43749000000000005,0.28436,0.59062,of_to
46695,0.41015999999999997,0.26955,0.55077,of_to
46696,0.44465499999999997,0.2945,0.59481,of_to
46697,0.43113,0.28047,0.58179,of_to
46698,0.50218,0.34325,0.66111,of_to
46699,0.510025,0.35453,0.66552,of_to
46700,0.439915,0.28103,0.5988,of_to
46701,0.41368000000000005,0.26099,0.56637,of_to
46702,0.44930499999999995,0.27707,0.62154,of_to
46703,0.38921,0.2181,0.56032,of_to
46704,0.38554499999999997,0.23637,0.53472,of_to
46705,0.493985,0.34414,0.64383,of_to
46706,0.49937,0.34706,0.65168,of_to
46707,0.40064500000000003,0.24911,0.55218,of_to
46708,0.395415,0.23316,0.55767,of_to
46709,0.45526,0.31055,0.59997,of_to
46710,0.45299500000000004,0.2907,0.61529,of_to
46711,0.52518,0.33457,0.71579,of_to
46712,0.400575,0.25659,0.54456,of_to
46713,0.434005,0.27709,0.59092,of_to
46714,0.401375,0.25151,0.55124,of_to
46715,0.40885000000000005,0.26618,0.55152,of_to
46716,0.42806,0.28088,0.57524,of_to
46717,0.48374,0.34882,0.61866,of_to
46718,0.478055,0.33555,0.62056,of_to
46719,0.49731499999999995,0.35272,0.64191,of_to
46720,0.361595,0.20916,0.51403,of_to
46721,0.39501,0.21575,0.57427,of_to
46722,0.459025,0.28846,0.62959,of_to
46723,0.399305,0.2565,0.54211,of_to
46724,0.43686,0.24799,0.62573,of_to
46725,0.466535,0.31455,0.61852,of_to
46726,0.45471500000000004,0.28527,0.62416,of_to
46727,0.428955,0.22429,0.63362,of_to
46728,0.452685,0.30656,0.59881,of_to
46729,0.49621,0.33251,0.65991,of_to
46730,0.38659,0.23346,0.53972,of_to
46731,0.5375099999999999,0.34821,0.72681,of_to
46732,0.39193500000000003,0.23538,0.54849,of_to
46733,0.44994500000000004,0.28643,0.61346,of_to
46734,0.39657,0.25539,0.53775,of_to
46735,0.42196500000000003,0.28055,0.56338,of_to
46736,0.35131,0.20185,0.50077,of_to
46737,0.48583,0.32318,0.64848,of_to
46738,0.50292,0.3546,0.65124,of_to
46739,0.5285799999999999,0.37326,0.6839,of_to
46740,0.49017,0.31448,0.66586,of_to
46741,0.37542,0.23581,0.51503,of_to
46742,0.461895,0.27354,0.65025,of_to
46743,0.358155,0.21312,0.50319,of_to
46744,0.44298000000000004,0.27572,0.61024,of_to
46745,0.46511499999999995,0.3263,0.60393,of_to
46746,0.49468,0.32493,0.66443,of_to
46747,0.47028000000000003,0.30325,0.63731,of_to
46748,0.504015,0.36387,0.64416,of_to
46749,0.386755,0.24375,0.52976,of_to
46750,0.38854,0.21223,0.56485,of_to
46751,0.46740000000000004,0.29148,0.64332,of_to
46752,0.366225,0.21811,0.51434,of_to
46753,0.417315,0.25861,0.57602,of_to
46754,0.37705,0.2232,0.5309,of_to
46755,0.45406500000000005,0.31519,0.59294,of_to
46756,0.420035,0.23603,0.60404,of_to
46757,0.465055,0.29959,0.63052,of_to
46758,0.441745,0.28542,0.59807,of_to
46759,0.56879,0.42122,0.71636,of_to
46760,0.41458,0.26334,0.56582,of_to
46761,0.356645,0.20182,0.51147,of_to
46762,0.42084,0.27871,0.56297,of_to
46763,0.41509,0.2763,0.55388,of_to
46764,0.37046,0.21128,0.52964,of_to
46765,0.5043150000000001,0.3699,0.63873,of_to
46766,0.42203,0.2796,0.56446,of_to
46767,0.40822,0.22945,0.58699,of_to
46768,0.45191000000000003,0.29085,0.61297,of_to
46769,0.40390499999999996,0.25113,0.55668,of_to
46770,0.472905,0.32673,0.61908,of_to
46771,0.507325,0.36656,0.64809,of_to
46772,0.43840999999999997,0.2664,0.61042,of_to
46773,0.350665,0.20026,0.50107,of_to
46774,0.45975999999999995,0.30183,0.61769,of_to
46775,0.456805,0.28814,0.62547,of_to
46776,0.360915,0.21977,0.50206,of_to
46777,0.41207499999999997,0.25916,0.56499,of_to
46778,0.459025,0.31902,0.59903,of_to
46779,0.51502,0.37577,0.65427,of_to
46780,0.447175,0.28763,0.60672,of_to
46781,0.40852499999999997,0.22749,0.58956,of_to
46782,0.448585,0.28445,0.61272,of_to
46783,0.47266,0.33194,0.61338,of_to
46784,0.47163,0.33038,0.61288,of_to
46785,0.38206999999999997,0.2442,0.51994,of_to
46786,0.36099,0.22861,0.49337,of_to
46787,0.443665,0.28002,0.60731,of_to
46788,0.41578499999999996,0.27241,0.55916,of_to
46789,0.438115,0.29433,0.5819,of_to
46790,0.5070749999999999,0.36578,0.64837,of_to
46791,0.5007900000000001,0.36149,0.64009,of_to
46792,0.39435000000000003,0.24863,0.54007,of_to
46793,0.44059499999999996,0.29856,0.58263,of_to
46794,0.509675,0.36258,0.65677,of_to
46795,0.45995,0.3254,0.5945,of_to
46796,0.36653499999999994,0.21325,0.51982,of_to
46797,0.48189000000000004,0.34147,0.62231,of_to
46798,0.513505,0.36681,0.6602,of_to
46799,0.413675,0.23924,0.58811,of_to
46800,0.44284500000000004,0.28619,0.5995,of_to
46801,0.341805,0.20177,0.48184,of_to
46802,0.42145,0.27437,0.56853,of_to
46803,0.41764999999999997,0.28456,0.55074,of_to
46804,0.472045,0.32623,0.61786,of_to
46805,0.51519,0.3818,0.64858,of_to
46806,0.47223499999999996,0.28761,0.65686,of_to
46807,0.45882,0.29314,0.6245,of_to
46808,0.4557,0.31421,0.59719,of_to
46809,0.427755,0.2843,0.57121,of_to
46810,0.45516,0.3069,0.60342,of_to
46811,0.365735,0.22124,0.51023,of_to
46812,0.42383499999999996,0.26677,0.5809,of_to
46813,0.460195,0.29391,0.62648,of_to
46814,0.38717500000000005,0.22906,0.54529,of_to
46815,0.45260500000000004,0.26989,0.63532,of_to
46816,0.30502,0.15839,0.45165,of_to
46817,0.448195,0.27565,0.62074,of_to
46818,0.45438,0.31903,0.58973,of_to
46819,0.44575,0.29297,0.59853,of_to
46820,0.449715,0.30217,0.59726,of_to
46821,0.439845,0.28542,0.59427,of_to
46822,0.402305,0.25588,0.54873,of_to
46823,0.47491000000000005,0.31746,0.63236,of_to
46824,0.467965,0.29754,0.63839,of_to
46825,0.44039000000000006,0.29231,0.58847,of_to
46826,0.46724,0.30261,0.63187,of_to
46827,0.44811,0.30424,0.59198,of_to
46828,0.5725750000000001,0.42575,0.7194,of_to
46829,0.506265,0.34453,0.668,of_to
46830,0.459855,0.27336,0.64635,of_to
46831,0.36358,0.17407,0.55309,of_to
46832,0.460155,0.28905,0.63126,of_to
46833,0.43013,0.26952,0.59074,of_to
46834,0.403655,0.2507,0.55661,of_to
46835,0.46208499999999997,0.31009,0.61408,of_to
46836,0.35649,0.20068,0.5123,of_to
46837,0.442095,0.28731,0.59688,of_to
46838,0.426635,0.26714,0.58613,of_to
46839,0.50296,0.3606,0.64532,of_to
46840,0.438445,0.29387,0.58302,of_to
46841,0.50481,0.35277,0.65685,of_to
46842,0.48877499999999996,0.31312,0.66443,of_to
46843,0.4437,0.28409,0.60331,of_to
46844,0.449695,0.28061,0.61878,of_to
46845,0.43682,0.23043,0.64321,of_to
46846,0.442055,0.30801,0.5761,of_to
46847,0.417045,0.26685,0.56724,of_to
46848,0.42209,0.264,0.58018,of_to
46849,0.490475,0.32569,0.65526,of_to
46850,0.541995,0.38355,0.70044,of_to
46851,0.37661,0.22424,0.52898,of_to
46852,0.586915,0.42675,0.74708,of_to
46853,0.43123,0.28537,0.57709,of_to
46854,0.440025,0.29644,0.58361,of_to
46855,0.46255,0.31001,0.61509,of_to
46856,0.540065,0.37355,0.70658,of_to
46857,0.42322499999999996,0.28226,0.56419,of_to
46858,0.4858,0.29087,0.68073,of_to
46859,0.44355,0.29395,0.59315,of_to
46860,0.525115,0.36031,0.68992,of_to
46861,0.42541,0.24409,0.60673,of_to
46862,0.345505,0.19526,0.49575,of_to
46863,0.419975,0.27697,0.56298,of_to
46864,0.46809999999999996,0.32659,0.60961,of_to
46865,0.48168,0.32917,0.63419,of_to
46866,0.38680499999999995,0.22569,0.54792,of_to
46867,0.45940000000000003,0.30976,0.60904,of_to
46868,0.446155,0.28483,0.60748,of_to
46869,0.521845,0.36943,0.67426,of_to
46870,0.48946500000000004,0.35401,0.62492,of_to
46871,0.500615,0.35582,0.64541,of_to
46872,0.407535,0.25558,0.55949,of_to
46873,0.43311499999999997,0.2914,0.57483,of_to
46874,0.398515,0.24038,0.55665,of_to
46875,0.38844999999999996,0.21117,0.56573,of_to
46876,0.356115,0.18376,0.52847,of_to
46877,0.43945999999999996,0.29026,0.58866,of_to
46878,0.497615,0.35173,0.6435,of_to
46879,0.5445450000000001,0.3808,0.70829,of_to
46880,0.44637000000000004,0.28004,0.6127,of_to
46881,0.39698,0.24139,0.55257,of_to
46882,0.46847,0.2954,0.64154,of_to
46883,0.45969,0.31492,0.60446,of_to
46884,0.435825,0.28073,0.59092,of_to
46885,0.46612000000000003,0.32667,0.60557,of_to
46886,0.477345,0.33248,0.62221,of_to
46887,0.44620000000000004,0.27223,0.62017,of_to
46888,0.44354000000000005,0.29361,0.59347,of_to
46889,0.48319999999999996,0.33944,0.62696,of_to
46890,0.34836500000000004,0.19811,0.49862,of_to
46891,0.593755,0.43444,0.75307,of_to
46892,0.35913,0.20618,0.51208,of_to
46893,0.43084500000000003,0.26333,0.59836,of_to
46894,0.47559,0.30789,0.64329,of_to
46895,0.43743499999999996,0.22588,0.64899,of_to
46896,0.37453000000000003,0.20552,0.54354,of_to
46897,0.47651,0.31883,0.63419,of_to
46898,0.49229,0.33646,0.64812,of_to
46899,0.504975,0.34786,0.66209,of_to
46900,0.40464999999999995,0.25184,0.55746,of_to
46901,0.38149999999999995,0.21313,0.54987,of_to
46902,0.559365,0.43418,0.68455,of_to
46903,0.44169,0.29864,0.58474,of_to
46904,0.45467,0.30961,0.59973,of_to
46905,0.42469999999999997,0.27534,0.57406,of_to
46906,0.516125,0.31991,0.71234,of_to
46907,0.46898,0.32001,0.61795,of_to
46908,0.433955,0.28689,0.58102,of_to
46909,0.415415,0.25689,0.57394,of_to
46910,0.3954,0.22874,0.56206,of_to
46911,0.37399,0.2268,0.52118,of_to
46912,0.437025,0.2586,0.61545,of_to
46913,0.509045,0.37694,0.64115,of_to
46914,0.407895,0.23618,0.57961,of_to
46915,0.389095,0.21428,0.56391,of_to
46916,0.40647,0.23969,0.57325,of_to
46917,0.350205,0.20106,0.49935,of_to
46918,0.494225,0.34564,0.64281,of_to
46919,0.43573,0.28784,0.58362,of_to
46920,0.457345,0.3072,0.60749,of_to
46921,0.549095,0.41567,0.68252,of_to
46922,0.44362500000000005,0.30795,0.5793,of_to
46923,0.41636,0.27447,0.55825,of_to
46924,0.47082999999999997,0.29021,0.65145,of_to
46925,0.41430999999999996,0.25979,0.56883,of_to
46926,0.44106,0.2727,0.60942,of_to
46927,0.46677500000000005,0.31705,0.6165,of_to
46928,0.498465,0.35087,0.64606,of_to
46929,0.41291500000000003,0.26345,0.56238,of_to
46930,0.42783,0.28091,0.57475,of_to
46931,0.36755499999999997,0.21505,0.52006,of_to
46932,0.49785999999999997,0.32344,0.67228,of_to
46933,0.523485,0.3677,0.67927,of_to
46934,0.47471,0.29313,0.65629,of_to
46935,0.44739999999999996,0.28684,0.60796,of_to
46936,0.48475999999999997,0.34664,0.62288,of_to
46937,0.38244,0.23756,0.52732,of_to
46938,0.49102,0.32871,0.65333,of_to
46939,0.45291499999999996,0.27387,0.63196,of_to
46940,0.44376,0.28533,0.60219,of_to
46941,0.503475,0.34884,0.65811,of_to
46942,0.43959499999999996,0.26319,0.616,of_to
46943,0.37248000000000003,0.22574,0.51922,of_to
46944,0.443635,0.29272,0.59455,of_to
46945,0.470415,0.30891,0.63192,of_to
46946,0.366975,0.21035,0.5236,of_to
46947,0.507255,0.33421,0.6803,of_to
46948,0.48448,0.3398,0.62916,of_to
46949,0.493655,0.34424,0.64307,of_to
46950,0.37228,0.22267,0.52189,of_to
46951,0.43343,0.24416,0.6227,of_to
46952,0.48932,0.35167,0.62697,of_to
46953,0.414565,0.27269,0.55644,of_to
46954,0.47522,0.31319,0.63725,of_to
46955,0.46353,0.30474,0.62232,of_to
46956,0.453765,0.29178,0.61575,of_to
46957,0.40773,0.22185,0.59361,of_to
46958,0.49641,0.34346,0.64936,of_to
46959,0.474865,0.30732,0.64241,of_to
46960,0.45458,0.27959,0.62957,of_to
46961,0.408505,0.2726,0.54441,of_to
46962,0.49951500000000004,0.32827,0.67076,of_to
46963,0.43205499999999997,0.26987,0.59424,of_to
46964,0.427265,0.28842,0.56611,of_to
46965,0.46657000000000004,0.28748,0.64566,of_to
46966,0.338255,0.19767,0.47884,of_to
46967,0.43788499999999997,0.28517,0.5906,of_to
46968,0.48931,0.34918,0.62944,of_to
46969,0.5084599999999999,0.37193,0.64499,of_to
46970,0.353585,0.21251,0.49466,of_to
46971,0.41451499999999997,0.25955,0.56948,of_to
46972,0.529185,0.38959,0.66878,of_to
46973,0.486985,0.32036,0.65361,of_to
46974,0.48352,0.30701,0.66003,of_to
46975,0.39329000000000003,0.25197,0.53461,of_to
46976,0.43157999999999996,0.2837,0.57946,of_to
46977,0.436845,0.25705,0.61664,of_to
46978,0.48625,0.3479,0.6246,of_to
46979,0.375755,0.22172,0.52979,of_to
46980,0.515695,0.37464,0.65675,of_to
46981,0.441295,0.26146,0.62113,of_to
46982,0.500065,0.33229,0.66784,of_to
46983,0.414455,0.25424,0.57467,of_to
46984,0.45331,0.31595,0.59067,of_to
58896,0.474715,0.33554,0.61389,of_to
58897,0.44948499999999997,0.28701,0.61196,of_to
58898,0.44548,0.2476,0.64336,of_to
58899,0.383875,0.23073,0.53702,of_to
58900,0.5024,0.34655,0.65825,of_to
58901,0.502555,0.36852,0.63659,of_to
58902,0.39268000000000003,0.23623,0.54913,of_to
58903,0.39772,0.25663,0.53881,of_to
58904,0.426115,0.26988,0.58235,of_to
58905,0.460935,0.2862,0.63567,of_to
58906,0.51271,0.34371,0.68171,of_to
58907,0.456375,0.27315,0.6396,of_to
58908,0.47175500000000004,0.32293,0.62058,of_to
58909,0.39886,0.24403,0.55369,of_to
58910,0.34722,0.20076,0.49368,of_to
58911,0.451365,0.31311,0.58962,of_to
58912,0.49617500000000003,0.34669,0.64566,of_to
58913,0.38779,0.24219,0.53339,of_to
58914,0.47382500000000005,0.32878,0.61887,of_to
58915,0.501125,0.35667,0.64558,of_to
58916,0.46221,0.32172,0.6027,of_to
58917,0.44233500000000003,0.29056,0.59411,of_to
58918,0.452665,0.29833,0.607,of_to
58919,0.472955,0.31187,0.63404,of_to
58920,0.56424,0.40799,0.72049,of_to
58921,0.523205,0.36701,0.6794,of_to
58922,0.348285,0.18823,0.50834,of_to
58923,0.44147,0.30306,0.57988,of_to
58924,0.36731,0.20716,0.52746,of_to
58925,0.485755,0.31836,0.65315,of_to
58926,0.504895,0.31753,0.69226,of_to
58927,0.42098,0.26202,0.57994,of_to
58928,0.42353,0.25439,0.59267,of_to
58929,0.43563,0.28593,0.58533,of_to
58930,0.37915,0.20084,0.55746,of_to
58931,0.47446499999999997,0.31214,0.63679,of_to
58932,0.541485,0.41186,0.67111,of_to
58933,0.394875,0.24871,0.54104,of_to
58934,0.393045,0.23537,0.55072,of_to
58935,0.48846,0.33532,0.6416,of_to
58936,0.40305,0.25609,0.55001,of_to
58937,0.45069499999999996,0.29792,0.60347,of_to
58938,0.422505,0.26901,0.576,of_to
58939,0.36385500000000004,0.18593,0.54178,of_to
58940,0.454255,0.30689,0.60162,of_to
58941,0.5634,0.39916,0.72764,of_to
58942,0.42374,0.27041,0.57707,of_to
58943,0.43948,0.28691,0.59205,of_to
58944,0.499845,0.36694,0.63275,of_to
58945,0.398255,0.25097,0.54554,of_to
58946,0.5254300000000001,0.356,0.69486,of_to
58947,0.339955,0.18826,0.49165,of_to
58948,0.39988,0.2515,0.54826,of_to
58949,0.47923000000000004,0.34857,0.60989,of_to
58950,0.48173,0.31798,0.64548,of_to
58951,0.479475,0.32784,0.63111,of_to
58952,0.45912,0.31211,0.60613,of_to
58953,0.44716500000000003,0.27589,0.61844,of_to
58954,0.50875,0.34991,0.66759,of_to
58955,0.438535,0.26529,0.61178,of_to
58956,0.428525,0.27905,0.578,of_to
58957,0.415895,0.26288,0.56891,of_to
58958,0.428685,0.27154,0.58583,of_to
58959,0.335315,0.17348,0.49715,of_to
58960,0.504965,0.3607,0.64923,of_to
58961,0.549605,0.38902,0.71019,of_to
58962,0.370275,0.21923,0.52132,of_to
58963,0.464375,0.28824,0.64051,of_to
58964,0.38648499999999997,0.23215,0.54082,of_to
58965,0.474795,0.32406,0.62553,of_to
58966,0.5011950000000001,0.32892,0.67347,of_to
58967,0.4432,0.2996,0.5868,of_to
58968,0.398525,0.23744,0.55961,of_to
58969,0.37921,0.21018,0.54824,of_to
58970,0.48107,0.33363,0.62851,of_to
58971,0.464055,0.32833,0.59978,of_to
58972,0.5522050000000001,0.41655,0.68786,of_to
58973,0.402135,0.24194,0.56233,of_to
58974,0.42435,0.28405,0.56465,of_to
58975,0.47367,0.32067,0.62667,of_to
58976,0.43481499999999995,0.2897,0.57993,of_to
58977,0.44191,0.3047,0.57912,of_to
58978,0.45542,0.30769,0.60315,of_to
58979,0.35243,0.20939,0.49547,of_to
58980,0.515735,0.37288,0.65859,of_to
58981,0.42703500000000005,0.27611,0.57796,of_to
58982,0.376965,0.21371,0.54022,of_to
58983,0.42715500000000006,0.27416,0.58015,of_to
58984,0.56252,0.42297,0.70207,of_to
58985,0.472385,0.3043,0.64047,of_to
58986,0.48632,0.35225,0.62039,of_to
58987,0.49171,0.34142,0.642,of_to
58988,0.43904,0.29234,0.58574,of_to
58989,0.40947999999999996,0.2577,0.56126,of_to
58990,0.35644000000000003,0.20384,0.50904,of_to
58991,0.47534,0.32385,0.62683,of_to
58992,0.40671,0.26372,0.5497,of_to
58993,0.46182999999999996,0.31366,0.61,of_to
58994,0.39533,0.23053,0.56013,of_to
58995,0.463165,0.30262,0.62371,of_to
58996,0.396135,0.2489,0.54337,of_to
58997,0.440225,0.28572,0.59473,of_to
58998,0.43940500000000005,0.30148,0.57733,of_to
58999,0.33774,0.18016,0.49532,of_to
59000,0.359135,0.17241,0.54586,of_to
59001,0.519255,0.37786,0.66065,of_to
59002,0.42164,0.26552,0.57776,of_to
59003,0.5305500000000001,0.40659,0.65451,of_to
59004,0.43487000000000003,0.24909,0.62065,of_to
59005,0.43096999999999996,0.29424,0.5677,of_to
59006,0.47702500000000003,0.34235,0.6117,of_to
59007,0.49841499999999994,0.35538,0.64145,of_to
59008,0.4236,0.2585,0.5887,of_to
59009,0.50682,0.36664,0.647,of_to
59010,0.328835,0.18228,0.47539,of_to
59011,0.44738500000000003,0.30424,0.59053,of_to
59012,0.53826,0.40595,0.67057,of_to
59013,0.368475,0.21811,0.51884,of_to
59014,0.41067,0.2546,0.56674,of_to
59015,0.487325,0.31329,0.66136,of_to
59016,0.47723499999999996,0.32864,0.62583,of_to
59017,0.43647,0.29603,0.57691,of_to
59018,0.37633,0.21705,0.53561,of_to
59019,0.30313500000000004,0.16242,0.44385,of_to
59020,0.4347,0.26725,0.60215,of_to
59021,0.41284,0.25218,0.5735,of_to
59022,0.45764499999999997,0.30077,0.61452,of_to
59023,0.44774,0.27872,0.61676,of_to
59024,0.55771,0.42588,0.68954,of_to
59025,0.431855,0.29199,0.57172,of_to
59026,0.328955,0.17393,0.48398,of_to
59027,0.485555,0.32633,0.64478,of_to
59028,0.41481,0.25768,0.57194,of_to
59029,0.519,0.35552,0.68248,of_to
59030,0.506985,0.32972,0.68425,of_to
59031,0.37826000000000004,0.22501,0.53151,of_to
59032,0.416955,0.26229,0.57162,of_to
59033,0.4614,0.31499,0.60781,of_to
59034,0.5077849999999999,0.37902,0.63655,of_to
59035,0.39507000000000003,0.23909,0.55105,of_to
59036,0.459405,0.30116,0.61765,of_to
59037,0.460245,0.2961,0.62439,of_to
59038,0.46426,0.30481,0.62371,of_to
59039,0.3402,0.19618,0.48422,of_to
59040,0.488475,0.34938,0.62757,of_to
59041,0.43299,0.28259,0.58339,of_to
59042,0.45996499999999996,0.29102,0.62891,of_to
59043,0.42305000000000004,0.25452,0.59158,of_to
59044,0.36725,0.20945,0.52505,of_to
59045,0.506105,0.36741,0.6448,of_to
59046,0.38428,0.22438,0.54418,of_to
59047,0.42847,0.28153,0.57541,of_to
59048,0.41823,0.25344,0.58302,of_to
59049,0.47736,0.3193,0.63542,of_to
59050,0.50356,0.34866,0.65846,of_to
59051,0.51335,0.36469,0.66201,of_to
59052,0.42937499999999995,0.27409,0.58466,of_to
59053,0.4223,0.27616,0.56844,of_to
59054,0.52022,0.38999,0.65045,of_to
59055,0.319635,0.17268,0.46659,of_to
59056,0.36479,0.20029,0.52929,of_to
59057,0.462955,0.31789,0.60802,of_to
59058,0.40782,0.23172,0.58392,of_to
59059,0.43555,0.28043,0.59067,of_to
59060,0.397665,0.24834,0.54699,of_to
59061,0.476765,0.33667,0.61686,of_to
59062,0.397565,0.244,0.55113,of_to
59063,0.411135,0.25347,0.5688,of_to
59064,0.37488499999999997,0.23498,0.51479,of_to
59065,0.39796,0.2568,0.53912,of_to
59066,0.485435,0.33802,0.63285,of_to
59067,0.48568500000000003,0.34825,0.62312,of_to
59068,0.49951999999999996,0.35594,0.6431,of_to
59069,0.373755,0.18494,0.56257,of_to
59070,0.40973499999999996,0.25933,0.56014,of_to
59071,0.391295,0.23434,0.54825,of_to
59072,0.40286,0.25541,0.55031,of_to
59073,0.471395,0.31679,0.626,of_to
59074,0.51826,0.35869,0.67783,of_to
59075,0.39932,0.21475,0.58389,of_to
59076,0.420975,0.28189,0.56006,of_to
59077,0.44345500000000004,0.29068,0.59623,of_to
59078,0.444955,0.27818,0.61173,of_to
59079,0.304915,0.16616,0.44367,of_to
59080,0.44682,0.29595,0.59769,of_to
59081,0.54428,0.40546,0.6831,of_to
59082,0.505655,0.35679,0.65452,of_to
59083,0.469325,0.31496,0.62369,of_to
59084,0.444755,0.30585,0.58366,of_to
59085,0.414815,0.23963,0.59,of_to
59086,0.36692,0.20305,0.53079,of_to
59087,0.44002,0.29996,0.58008,of_to
59088,0.44877,0.30481,0.59273,of_to
59089,0.45530499999999996,0.3141,0.59651,of_to
59090,0.43433999999999995,0.2686,0.60008,of_to
59091,0.44533500000000004,0.27543,0.61524,of_to
59092,0.45122,0.30089,0.60155,of_to
59093,0.32291000000000003,0.17211,0.47371,of_to
59094,0.44281000000000004,0.30358,0.58204,of_to
59095,0.5672649999999999,0.43792,0.69661,of_to
59096,0.5046350000000001,0.37462,0.63465,of_to
59097,0.36934500000000003,0.20679,0.5319,of_to
59098,0.416585,0.26389,0.56928,of_to
59099,0.458885,0.31983,0.59794,of_to
59100,0.437895,0.24898,0.62681,of_to
59101,0.35488000000000003,0.20757,0.50219,of_to
59102,0.49392499999999995,0.32413,0.66372,of_to
59103,0.44899,0.2778,0.62018,of_to
59104,0.4396,0.26033,0.61887,of_to
59105,0.486745,0.34223,0.63126,of_to
59106,0.43767500000000004,0.29371,0.58164,of_to
59107,0.5117700000000001,0.3536,0.66994,of_to
59108,0.490425,0.3339,0.64695,of_to
59109,0.31767,0.1656,0.46974,of_to
59110,0.457555,0.31675,0.59836,of_to
59111,0.366395,0.22203,0.51076,of_to
59112,0.473005,0.34109,0.60492,of_to
59113,0.271545,0.11243,0.43066,of_to
59114,0.450495,0.25483,0.64616,of_to
59115,0.478375,0.33192,0.62483,of_to
59116,0.425685,0.28385,0.56752,of_to
59117,0.369055,0.22103,0.51708,of_to
59118,0.459835,0.31201,0.60766,of_to
59119,0.34317,0.19566,0.49068,of_to
59120,0.567205,0.41865,0.71576,of_to
59121,0.43939,0.29523,0.58355,of_to
59122,0.39687,0.23637,0.55737,of_to
59123,0.40102000000000004,0.24006,0.56198,of_to
59124,0.435775,0.29973,0.57182,of_to
59125,0.49865499999999996,0.33605,0.66126,of_to
59126,0.379115,0.22351,0.53472,of_to
59127,0.33612,0.18007,0.49217,of_to
59128,0.399165,0.23146,0.56687,of_to
59129,0.45265500000000003,0.30815,0.59716,of_to
59130,0.423635,0.26257,0.5847,of_to
59131,0.51057,0.36388,0.65726,of_to
59132,0.5571649999999999,0.42377,0.69056,of_to
59133,0.49085999999999996,0.29749,0.68423,of_to
59134,0.40948,0.26488,0.55408,of_to
59135,0.43228999999999995,0.2807,0.58388,of_to
59136,0.534025,0.38806,0.67999,of_to
59137,0.445245,0.29662,0.59387,of_to
59138,0.35731,0.188,0.52662,of_to
59139,0.41074999999999995,0.26348,0.55802,of_to
59140,0.449365,0.2959,0.60283,of_to
59141,0.505015,0.3604,0.64963,of_to
59142,0.44754499999999997,0.29507,0.60002,of_to
59143,0.43232000000000004,0.25504,0.6096,of_to
59144,0.48201499999999997,0.35055,0.61348,of_to
59145,0.38406999999999997,0.20373,0.56441,of_to
59146,0.44233,0.29066,0.594,of_to
59147,0.47307,0.31923,0.62691,of_to
59148,0.377015,0.22522,0.52881,of_to
59149,0.33369499999999996,0.17756,0.48983,of_to
59150,0.47973,0.34511,0.61435,of_to
59151,0.466425,0.3074,0.62545,of_to
59152,0.47064,0.31836,0.62292,of_to
59153,0.385915,0.2335,0.53833,of_to
59154,0.50417,0.36988,0.63846,of_to
59155,0.312655,0.16416,0.46115,of_to
59156,0.49284,0.31511,0.67057,of_to
59157,0.33669,0.17486,0.49852,of_to
59158,0.46897999999999995,0.33179,0.60617,of_to
59159,0.39226,0.2538,0.53072,of_to
59160,0.522325,0.36765,0.677,of_to
59161,0.487785,0.34933,0.62624,of_to
59162,0.382415,0.21516,0.54967,of_to
59163,0.49305,0.36297,0.62313,of_to
59164,0.433685,0.24677,0.6206,of_to
59165,0.34986,0.19998,0.49974,of_to
59166,0.52268,0.39797,0.64739,of_to
59167,0.421535,0.2611,0.58197,of_to
59168,0.45030000000000003,0.30227,0.59833,of_to
59169,0.510985,0.36854,0.65343,of_to
59170,0.299295,0.16625,0.43234,of_to
59171,0.44779,0.28479,0.61079,of_to
59172,0.459095,0.3004,0.61779,of_to
59173,0.48287,0.29398,0.67176,of_to
59174,0.319245,0.15387,0.48462,of_to
59175,0.52751,0.37647,0.67855,of_to
59176,0.38347000000000003,0.18613,0.58081,of_to
59177,0.46729,0.31771,0.61687,of_to
59178,0.42904,0.28956,0.56852,of_to
59179,0.382415,0.21838,0.54645,of_to
59180,0.47458500000000003,0.32969,0.61948,of_to
59181,0.54994,0.38148,0.7184,of_to
59182,0.414415,0.26589,0.56294,of_to
59183,0.48190500000000003,0.33281,0.631,of_to
59184,0.38685499999999995,0.24201,0.5317,of_to
59185,0.46297999999999995,0.32608,0.59988,of_to
59186,0.525155,0.39407,0.65624,of_to
59187,0.46287,0.307,0.61874,of_to
59188,0.368205,0.22622,0.51019,of_to
59189,0.42245,0.26023,0.58467,of_to
59190,0.326605,0.17325,0.47996,of_to
59191,0.49955499999999997,0.36261,0.6365,of_to
59192,0.33640499999999995,0.19154,0.48127,of_to
59193,0.48658500000000005,0.34935,0.62382,of_to
59194,0.410235,0.23441,0.58606,of_to
59195,0.45942500000000003,0.31991,0.59894,of_to
59196,0.30287,0.15546,0.45028,of_to
59197,0.380715,0.21738,0.54405,of_to
59198,0.424095,0.26929,0.5789,of_to
59199,0.47516,0.33364,0.61668,of_to
59200,0.51622,0.36068,0.67176,of_to
59201,0.408635,0.23609,0.58118,of_to
59202,0.45198,0.29267,0.61129,of_to
59203,0.49948000000000004,0.36716,0.6318,of_to
59204,0.37944999999999995,0.19866,0.56024,of_to
59205,0.46243500000000004,0.31688,0.60799,of_to
59206,0.45636,0.30278,0.60994,of_to
59207,0.50356,0.34629,0.66083,of_to
59208,0.353435,0.18847,0.5184,of_to
59209,0.48390999999999995,0.34674,0.62108,of_to
59210,0.36125,0.20208,0.52042,of_to
59211,0.408025,0.25512,0.56093,of_to
59212,0.37966999999999995,0.23118,0.52816,of_to
59213,0.45826,0.30189,0.61463,of_to
59214,0.392505,0.22222,0.56279,of_to
59215,0.427365,0.29374,0.56099,of_to
59216,0.485215,0.33716,0.63327,of_to
59217,0.40046000000000004,0.24723,0.55369,of_to
59218,0.49682000000000004,0.35791,0.63573,of_to
59219,0.326315,0.17348,0.47915,of_to
59220,0.47431,0.31418,0.63444,of_to
59221,0.5042,0.352,0.6564,of_to
59222,0.5117349999999999,0.33479,0.68868,of_to
59223,0.32904,0.18185,0.47623,of_to
59224,0.42349000000000003,0.27749,0.56949,of_to
59225,0.48958,0.32708,0.65208,of_to
59226,0.27538,0.13091,0.41985,of_to
59227,0.44966000000000006,0.30358,0.59574,of_to
59228,0.42168500000000003,0.27122,0.57215,of_to
59229,0.490465,0.34475,0.63618,of_to
59230,0.44278,0.28705,0.59851,of_to
59231,0.487935,0.34367,0.6322,of_to
59232,0.446295,0.29306,0.59953,of_to
59233,0.455415,0.28106,0.62977,of_to
59234,0.467345,0.32775,0.60694,of_to
59235,0.42662,0.27448,0.57876,of_to
59236,0.425315,0.27912,0.57151,of_to
59237,0.43413999999999997,0.28424,0.58404,of_to
59238,0.47028499999999995,0.31837,0.6222,of_to
59239,0.345955,0.20389,0.48802,of_to
59240,0.458005,0.31009,0.60592,of_to
59241,0.43751,0.27201,0.60301,of_to
59242,0.459715,0.32683,0.5926,of_to
59243,0.444305,0.27191,0.6167,of_to
59244,0.438925,0.29525,0.5826,of_to
59245,0.36445,0.21207,0.51683,of_to
59246,0.32948500000000003,0.187,0.47197,of_to
59247,0.311585,0.16148,0.46169,of_to
59248,0.43206999999999995,0.26721,0.59693,of_to
59249,0.5054000000000001,0.35848,0.65232,of_to
59250,0.42426,0.269,0.57952,of_to
59251,0.444755,0.30264,0.58687,of_to
59252,0.41535999999999995,0.25338,0.57734,of_to
59253,0.39398500000000003,0.22203,0.56594,of_to
59254,0.437265,0.28922,0.58531,of_to
59255,0.5152300000000001,0.38505,0.64541,of_to
59256,0.38807,0.2207,0.55544,of_to
59257,0.38355,0.23068,0.53642,of_to
59258,0.415655,0.26857,0.56274,of_to
59259,0.4827,0.33527,0.63013,of_to
59260,0.39349,0.22794,0.55904,of_to
59261,0.48797500000000005,0.35752,0.61843,of_to
59262,0.433825,0.27231,0.59534,of_to
59263,0.403105,0.2389,0.56731,of_to
59264,0.48621,0.35358,0.61884,of_to
59265,0.35951500000000003,0.21193,0.5071,of_to
59266,0.386185,0.23179,0.54058,of_to
59267,0.41076,0.26464,0.55688,of_to
59268,0.406835,0.24092,0.57275,of_to
59269,0.36052,0.21482,0.50622,of_to
59270,0.492255,0.36182,0.62269,of_to
59271,0.51574,0.37011,0.66137,of_to
59272,0.511455,0.35765,0.66526,of_to
59273,0.34781,0.19347,0.50215,of_to
59274,0.43765,0.28543,0.58987,of_to
59275,0.508545,0.32173,0.69536,of_to
