match_url,away_prob,away_prob_min,away_prob_max,model,home_prob,home_prob_min,home_prob_max,home_prob_softmax
https://www.premierleague.com/match/46605,0.22511,0.12082,0.3294,of_to,0.38339,0.23213,0.53465,0.5394875956265583
https://www.premierleague.com/match/46606,0.3837,0.21271,0.55469,of_to,0.312875,0.16478,0.46097,0.48230114776818395
https://www.premierleague.com/match/46607,0.32391,0.16655,0.48127,of_to,0.3112,0.16174,0.46066,0.49682254277484045
https://www.premierleague.com/match/46608,0.33885,0.19511,0.48259,of_to,0.258665,0.13198,0.38535,0.47996448393644786
https://www.premierleague.com/match/46609,0.30815,0.15939,0.45691,of_to,0.251895,0.12837,0.37542,0.4859399577012556
https://www.premierleague.com/match/46610,0.213165,0.10965,0.31668,of_to,0.3178499999999999,0.16608,0.46962,0.5261473753804077
https://www.premierleague.com/match/46611,0.35033,0.19371,0.50695,of_to,0.256305,0.12969,0.38292,0.47651105234692953
https://www.premierleague.com/match/46612,0.334455,0.16309,0.50582,of_to,0.20392,0.09462,0.31322,0.46741250943421375
https://www.premierleague.com/match/46613,0.2403449999999999,0.13413,0.34656,of_to,0.290805,0.15837,0.42324,0.5126123239764256
https://www.premierleague.com/match/46614,0.33616,0.19256,0.47976,of_to,0.23754,0.10272,0.37236,0.47536496326522565
https://www.premierleague.com/match/46615,0.302525,0.17291,0.43214,of_to,0.27398,0.14112,0.40684,0.49286423452201994
https://www.premierleague.com/match/46616,0.33724,0.19372,0.48076,of_to,0.31894,0.14511,0.49277,0.49542512767253694
https://www.premierleague.com/match/46617,0.34095,0.20802,0.47388,of_to,0.25889,0.12579,0.39199,0.4794965043200207
https://www.premierleague.com/match/46618,0.365775,0.21679,0.51476,of_to,0.21085,0.08947,0.33223,0.46134603267976193
https://www.premierleague.com/match/46619,0.3098849999999999,0.15097,0.4688,of_to,0.26874,0.13278,0.4047,0.48971520089654585
https://www.premierleague.com/match/46620,0.28208,0.17785,0.38631,of_to,0.193245,0.10427,0.28222,0.4778058438033784
https://www.premierleague.com/match/46621,0.4289849999999999,0.23901,0.61896,of_to,0.23201,0.1064,0.35762,0.45091485263645215
https://www.premierleague.com/match/46622,0.36976,0.19894,0.54058,of_to,0.25829,0.12224,0.39434,0.4721613199666363
https://www.premierleague.com/match/46623,0.391615,0.22693,0.5563,of_to,0.25154,0.08654,0.41654,0.4650383964663989
https://www.premierleague.com/match/46624,0.2988349999999999,0.16946,0.42821,of_to,0.2177349999999999,0.10084,0.33463,0.4797361054401718
https://www.premierleague.com/match/46625,0.3537949999999999,0.21326,0.49433,of_to,0.23767,0.1237,0.35164,0.47100132997155125
https://www.premierleague.com/match/46626,0.43065,0.2229,0.6384,of_to,0.18969,0.08242,0.29696,0.44004978740310485
https://www.premierleague.com/match/46627,0.316235,0.17027,0.4622,of_to,0.31563,0.15984,0.47142,0.4998487500046135
https://www.premierleague.com/match/46628,0.359525,0.20659,0.51246,of_to,0.229095,0.11781,0.34038,0.4674386480194509
https://www.premierleague.com/match/46629,0.26263,0.1462,0.37906,of_to,0.26548,0.13621,0.39475,0.500712499517727
https://www.premierleague.com/match/46630,0.411455,0.2242,0.59871,of_to,0.2459,0.11251,0.37929,0.45870552509967416
https://www.premierleague.com/match/46631,0.37526,0.17361,0.57691,of_to,0.227215,0.09526,0.35917,0.46305620112611773
https://www.premierleague.com/match/46632,0.22752,0.12507,0.32997,of_to,0.31948,0.18746,0.4515,0.5229738121734616
https://www.premierleague.com/match/46633,0.35012,0.20812,0.49212,of_to,0.2487,0.1094,0.388,0.4746667111636201
https://www.premierleague.com/match/46634,0.300965,0.17545,0.42648,of_to,0.288575,0.14425,0.4329,0.4969025396247025
https://www.premierleague.com/match/46635,0.29401,0.15241,0.43561,of_to,0.195415,0.09202,0.29881,0.47537119809693945
https://www.premierleague.com/match/46636,0.37149,0.22929,0.51369,of_to,0.253675,0.1319,0.37545,0.47058027186651713
https://www.premierleague.com/match/46637,0.32243,0.16709,0.47777,of_to,0.30525,0.14161,0.46889,0.4957051056368453
https://www.premierleague.com/match/46638,0.299555,0.14629,0.45282,of_to,0.27781,0.12995,0.42567,0.49456396419851906
https://www.premierleague.com/match/46639,0.327955,0.16962,0.48629,of_to,0.2495099999999999,0.11649,0.38253,0.48039880049381306
https://www.premierleague.com/match/46640,0.28533,0.15048,0.42018,of_to,0.371965,0.19733,0.5466,0.5216452132919669
https://www.premierleague.com/match/46641,0.2442899999999999,0.10411,0.38447,of_to,0.276285,0.12161,0.43096,0.5079980677231266
https://www.premierleague.com/match/46642,0.37101,0.22434,0.51768,of_to,0.23123,0.11864,0.34382,0.46511178664024094
https://www.premierleague.com/match/46643,0.39074,0.2159,0.56558,of_to,0.19203,0.0765,0.30756,0.4504853195495971
https://www.premierleague.com/match/46644,0.3115799999999999,0.17179,0.45137,of_to,0.35244,0.19737,0.50751,0.5102135790416497
https://www.premierleague.com/match/46645,0.36298,0.22141,0.50455,of_to,0.2300149999999999,0.09971,0.36032,0.4668076381553973
https://www.premierleague.com/match/46646,0.458595,0.27724,0.63995,of_to,0.22569,0.09907,0.35231,0.44203553568665993
https://www.premierleague.com/match/46647,0.339735,0.20087,0.4786,of_to,0.27268,0.13269,0.41267,0.48324252851640137
https://www.premierleague.com/match/46648,0.346275,0.18738,0.50517,of_to,0.289535,0.14347,0.4356,0.4858188044069122
https://www.premierleague.com/match/46649,0.272965,0.14883,0.3971,of_to,0.234815,0.10887,0.36076,0.49046365658934216
https://www.premierleague.com/match/46650,0.45243,0.3045,0.60036,of_to,0.1720549999999999,0.0822,0.26191,0.43036184221344187
https://www.premierleague.com/match/46651,0.374135,0.2086,0.53967,of_to,0.28568,0.13764,0.43372,0.47790065742125837
https://www.premierleague.com/match/46652,0.243035,0.13216,0.35391,of_to,0.28557,0.13649,0.43465,0.5106321470517281
https://www.premierleague.com/match/46653,0.345935,0.20166,0.49021,of_to,0.2262799999999999,0.11431,0.33825,0.47012188936668325
https://www.premierleague.com/match/46654,0.325045,0.18728,0.46281,of_to,0.252475,0.11303,0.39192,0.48186545795495317
https://www.premierleague.com/match/46655,0.280095,0.1324,0.42779,of_to,0.27556,0.13592,0.4152,0.49886625194307577
https://www.premierleague.com/match/46656,0.32059,0.18215,0.45903,of_to,0.337985,0.19,0.48597,0.5043486403474032
https://www.premierleague.com/match/46657,0.34052,0.19865,0.48239,of_to,0.26137,0.10496,0.41778,0.4802228237988471
https://www.premierleague.com/match/46658,0.319075,0.14747,0.49068,of_to,0.2529949999999999,0.12322,0.38277,0.48348600868269304
https://www.premierleague.com/match/46659,0.30558,0.15554,0.45562,of_to,0.31277,0.15867,0.46687,0.501797492256395
https://www.premierleague.com/match/46660,0.3060549999999999,0.15324,0.45887,of_to,0.26818,0.12595,0.41041,0.4905323817601328
https://www.premierleague.com/match/46661,0.243205,0.10979,0.37662,of_to,0.28024,0.13288,0.4276,0.5092576918767765
https://www.premierleague.com/match/46662,0.346925,0.17659,0.51726,of_to,0.26707,0.12576,0.40838,0.4800468520110668
https://www.premierleague.com/match/46663,0.37404,0.19327,0.55481,of_to,0.317285,0.11681,0.51776,0.48581505742430403
https://www.premierleague.com/match/46664,0.317095,0.16937,0.46482,of_to,0.21987,0.10669,0.33305,0.475712878560595
https://www.premierleague.com/match/46665,0.328185,0.19706,0.45931,of_to,0.253025,0.10971,0.39634,0.48121884043863256
https://www.premierleague.com/match/46666,0.4841999999999999,0.30868,0.65972,of_to,0.210475,0.08963,0.33132,0.43199284251333203
https://www.premierleague.com/match/46667,0.367215,0.20362,0.53081,of_to,0.2268949999999999,0.08586,0.36793,0.46497744645563854
https://www.premierleague.com/match/46668,0.307235,0.17188,0.44259,of_to,0.30259,0.1689,0.43628,0.4988387520879255
https://www.premierleague.com/match/46669,0.33282,0.16129,0.50435,of_to,0.191465,0.08371,0.29922,0.4647199753210553
https://www.premierleague.com/match/46670,0.27797,0.14943,0.40651,of_to,0.30824,0.1627,0.45378,0.507566922228342
https://www.premierleague.com/match/46671,0.254955,0.1257,0.38421,of_to,0.22952,0.10931,0.34973,0.49364159278822345
https://www.premierleague.com/match/46672,0.408405,0.25859,0.55822,of_to,0.246995,0.11469,0.3793,0.4597348816228071
https://www.premierleague.com/match/46673,0.20461,0.07521,0.33401,of_to,0.3602249999999999,0.20002,0.52043,0.5388254317911247
https://www.premierleague.com/match/46674,0.30579,0.15227,0.45931,of_to,0.27018,0.12886,0.4115,0.4910984406317105
https://www.premierleague.com/match/46675,0.2886499999999999,0.14792,0.42938,of_to,0.360765,0.18333,0.5382,0.5180209407416927
https://www.premierleague.com/match/46676,0.3820449999999999,0.2403,0.52379,of_to,0.169115,0.07269,0.26554,0.4469677187866629
https://www.premierleague.com/match/46677,0.349605,0.20012,0.49909,of_to,0.253985,0.12748,0.38049,0.4761131973472677
https://www.premierleague.com/match/46678,0.36853,0.21723,0.51983,of_to,0.24022,0.12759,0.35285,0.4679664365427704
https://www.premierleague.com/match/46679,0.25172,0.12835,0.37509,of_to,0.272185,0.15082,0.39355,0.5051160714434356
https://www.premierleague.com/match/46680,0.3796,0.2227,0.5365,of_to,0.18347,0.08613,0.28081,0.45112407539974547
https://www.premierleague.com/match/46681,0.451655,0.23855,0.66476,of_to,0.22727,0.09828,0.35626,0.444137935083867
https://www.premierleague.com/match/46682,0.34445,0.15147,0.53743,of_to,0.25622,0.09309,0.41935,0.4779567978144592
https://www.premierleague.com/match/46683,0.314275,0.16628,0.46227,of_to,0.31742,0.17713,0.45771,0.5007862493519324
https://www.premierleague.com/match/46684,0.36357,0.21985,0.50729,of_to,0.26731,0.14251,0.39211,0.47595356496388336
https://www.premierleague.com/match/46685,0.330575,0.18976,0.47139,of_to,0.239025,0.10356,0.37449,0.47712847239217204
https://www.premierleague.com/match/46686,0.42216,0.24399,0.60033,of_to,0.308425,0.1482,0.46865,0.4715968611568034
https://www.premierleague.com/match/46687,0.34534,0.19285,0.49783,of_to,0.26427,0.09894,0.4296,0.4797435931259605
https://www.premierleague.com/match/46688,0.39011,0.19686,0.58336,of_to,0.203295,0.09285,0.31374,0.45343160709211977
https://www.premierleague.com/match/46689,0.36573,0.22548,0.50598,of_to,0.253665,0.13291,0.37442,0.47201303354753255
https://www.premierleague.com/match/46690,0.299225,0.17276,0.42569,of_to,0.286845,0.15029,0.4234,0.49690503952883736
https://www.premierleague.com/match/46691,0.251135,0.16115,0.34112,of_to,0.202355,0.09944,0.30527,0.4878074175798279
https://www.premierleague.com/match/46692,0.37366,0.20751,0.53981,of_to,0.240555,0.10754,0.37357,0.4667727925599832
https://www.premierleague.com/match/46693,0.314415,0.18622,0.44261,of_to,0.295085,0.17319,0.41698,0.49516765046590355
https://www.premierleague.com/match/46694,0.31031,0.16562,0.455,of_to,0.299755,0.13979,0.45972,0.4973612744978876
https://www.premierleague.com/match/46695,0.291475,0.16663,0.41632,of_to,0.33549,0.1864,0.48458,0.5110019738618086
https://www.premierleague.com/match/46696,0.33735,0.20347,0.47123,of_to,0.255465,0.12477,0.38616,0.4795401809077921
https://www.premierleague.com/match/46697,0.328715,0.18481,0.47262,of_to,0.278645,0.14875,0.40854,0.48748511446404086
https://www.premierleague.com/match/46698,0.24924,0.12196,0.37652,of_to,0.28683,0.15015,0.42351,0.5093963935943674
https://www.premierleague.com/match/46699,0.26475,0.156,0.3735,of_to,0.259535,0.1207,0.39837,0.4986962529547485
https://www.premierleague.com/match/46700,0.384455,0.2117,0.55721,of_to,0.21597,0.10128,0.33066,0.45797810996669086
https://www.premierleague.com/match/46701,0.44587,0.28034,0.6114,of_to,0.17325,0.07703,0.26947,0.43226400226714573
https://www.premierleague.com/match/46702,0.390885,0.21874,0.56303,of_to,0.21487,0.07,0.35974,0.4561095068378956
https://www.premierleague.com/match/46703,0.33387,0.18857,0.47917,of_to,0.327455,0.1523,0.50261,0.49839625549980077
https://www.premierleague.com/match/46704,0.334995,0.18063,0.48936,of_to,0.32794,0.1805,0.47538,0.49823625731556126
https://www.premierleague.com/match/46705,0.283835,0.13293,0.43474,of_to,0.25868,0.14072,0.37664,0.4937115815921553
https://www.premierleague.com/match/46706,0.346635,0.21367,0.4796,of_to,0.18601,0.0817,0.29032,0.45992986507124417
https://www.premierleague.com/match/46707,0.456805,0.28296,0.63065,of_to,0.177915,0.07847,0.27736,0.43072592833021506
https://www.premierleague.com/match/46708,0.31237,0.15782,0.46692,of_to,0.34589,0.16936,0.52242,0.5083792154475221
https://www.premierleague.com/match/46709,0.338575,0.19287,0.48428,of_to,0.242445,0.12334,0.36155,0.4759859898951643
https://www.premierleague.com/match/46710,0.337225,0.17593,0.49852,of_to,0.25535,0.12044,0.39026,0.4795426767222608
https://www.premierleague.com/match/46711,0.240335,0.09957,0.3811,of_to,0.28894,0.12138,0.4565,0.5121488583423262
https://www.premierleague.com/match/46712,0.382045,0.23887,0.52522,of_to,0.25473,0.12854,0.38092,0.4682141734001047
https://www.premierleague.com/match/46713,0.3369,0.18445,0.48935,of_to,0.270895,0.13439,0.4074,0.4835047382524886
https://www.premierleague.com/match/46714,0.344935,0.19479,0.49508,of_to,0.297395,0.15672,0.43807,0.48811723788699946
https://www.premierleague.com/match/46715,0.3707249999999999,0.22839,0.51306,of_to,0.258395,0.13563,0.38116,0.4719469916043494
https://www.premierleague.com/match/46716,0.3571799999999999,0.21369,0.50067,of_to,0.252905,0.12392,0.38189,0.4739548454030624
https://www.premierleague.com/match/46717,0.313385,0.18581,0.44096,of_to,0.236095,0.12019,0.352,0.48068711322987434
https://www.premierleague.com/match/46718,0.26326,0.15341,0.37311,of_to,0.289325,0.15935,0.4193,0.5065158811052741
https://www.premierleague.com/match/46719,0.22881,0.10796,0.34966,of_to,0.3128,0.16567,0.45993,0.5209851651108276
https://www.premierleague.com/match/46720,0.3469,0.19196,0.50184,of_to,0.33997,0.17283,0.50711,0.49826750693356164
https://www.premierleague.com/match/46721,0.434585,0.23635,0.63282,of_to,0.2236349999999999,0.08939,0.35788,0.447457201427099
https://www.premierleague.com/match/46722,0.350935,0.19401,0.50786,of_to,0.24528,0.08889,0.40167,0.47361079394677624
https://www.premierleague.com/match/46723,0.299815,0.15391,0.44572,of_to,0.341735,0.19519,0.48828,0.5104784655728529
https://www.premierleague.com/match/46724,0.2852099999999999,0.13711,0.43331,of_to,0.33608,0.14787,0.52429,0.5127147582263042
https://www.premierleague.com/match/46725,0.25504,0.1176,0.39248,of_to,0.320385,0.17495,0.46582,0.5163304395409117
https://www.premierleague.com/match/46726,0.32641,0.18626,0.46656,of_to,0.266075,0.11068,0.42147,0.48492082413150756
https://www.premierleague.com/match/46727,0.41608,0.19933,0.63283,of_to,0.225225,0.06982,0.38063,0.4524305579928415
https://www.premierleague.com/match/46728,0.34869,0.20585,0.49153,of_to,0.2367449999999999,0.11256,0.36093,0.4720429396554994
https://www.premierleague.com/match/46729,0.34458,0.18236,0.5068,of_to,0.19449,0.09481,0.29417,0.4625477808210349
https://www.premierleague.com/match/46730,0.28532,0.14143,0.42921,of_to,0.375065,0.20235,0.54778,0.5224212033470362
https://www.premierleague.com/match/46731,0.245255,0.1036,0.38691,of_to,0.266545,0.11338,0.41971,0.5053222989675977
https://www.premierleague.com/match/46732,0.4718799999999999,0.29551,0.64825,of_to,0.169345,0.07321,0.26548,0.42493789862291037
https://www.premierleague.com/match/46733,0.331875,0.19614,0.46761,of_to,0.25934,0.11921,0.39947,0.48187419645034213
https://www.premierleague.com/match/46734,0.37844,0.23256,0.52432,of_to,0.2657899999999999,0.13328,0.3983,0.47186724415172926
https://www.premierleague.com/match/46735,0.350415,0.20957,0.49126,of_to,0.26489,0.13855,0.39123,0.4786317732825878
https://www.premierleague.com/match/46736,0.370685,0.22001,0.52136,of_to,0.32633,0.16665,0.48601,0.48891306761157766
https://www.premierleague.com/match/46737,0.297795,0.14209,0.4535,of_to,0.26145,0.12753,0.39537,0.4909147500815552
https://www.premierleague.com/match/46738,0.2471749999999999,0.13401,0.36034,of_to,0.279335,0.15825,0.40042,0.5080393071137108
https://www.premierleague.com/match/46739,0.24599,0.1115,0.38048,of_to,0.263885,0.13719,0.39058,0.5044736306176939
https://www.premierleague.com/match/46740,0.35346,0.17637,0.53055,of_to,0.196345,0.08968,0.30301,0.46080185110634403
https://www.premierleague.com/match/46741,0.469405,0.31348,0.62533,of_to,0.1913149999999999,0.0853,0.29733,0.4309221000738403
https://www.premierleague.com/match/46742,0.369565,0.18625,0.55288,of_to,0.22451,0.08275,0.36627,0.46379970181636304
https://www.premierleague.com/match/46743,0.295345,0.15989,0.4308,of_to,0.386885,0.23074,0.54303,0.5228690328383251
https://www.premierleague.com/match/46744,0.294705,0.15452,0.43489,of_to,0.31431,0.13776,0.49086,0.5049010930206196
https://www.premierleague.com/match/46745,0.2924799999999999,0.1663,0.41866,of_to,0.27318,0.16383,0.38253,0.4951751497664422
https://www.premierleague.com/match/46746,0.344485,0.17472,0.51425,of_to,0.197335,0.09502,0.29965,0.4632787369337163
https://www.premierleague.com/match/46747,0.2713649999999999,0.11591,0.42682,of_to,0.309105,0.15244,0.46577,0.5094338802976293
https://www.premierleague.com/match/46748,0.27349,0.16085,0.38613,of_to,0.25615,0.12303,0.38927,0.4956651086157947
https://www.premierleague.com/match/46749,0.391905,0.2477,0.53611,of_to,0.26227,0.1253,0.39924,0.46763656024013117
https://www.premierleague.com/match/46750,0.324585,0.18334,0.46583,of_to,0.342185,0.14563,0.53874,0.5043998864248515
https://www.premierleague.com/match/46751,0.321425,0.14972,0.49313,of_to,0.258745,0.12567,0.39182,0.4843351283202213
https://www.premierleague.com/match/46752,0.320215,0.17506,0.46537,of_to,0.36034,0.19516,0.52552,0.5100299043442158
https://www.premierleague.com/match/46753,0.3457949999999999,0.18161,0.50998,of_to,0.28436,0.13855,0.43017,0.48464607883613625
https://www.premierleague.com/match/46754,0.339145,0.17799,0.5003,of_to,0.33404,0.16598,0.5021,0.49872375277169134
https://www.premierleague.com/match/46755,0.3531849999999999,0.21819,0.48818,of_to,0.22397,0.11992,0.32802,0.4677411217551238
https://www.premierleague.com/match/46756,0.434015,0.23668,0.63135,of_to,0.186945,0.0828,0.29109,0.4385448028656565
https://www.premierleague.com/match/46757,0.335005,0.17001,0.5,of_to,0.24422,0.11553,0.37291,0.4773193255454853
https://www.premierleague.com/match/46758,0.338995,0.18693,0.49106,of_to,0.263145,0.12551,0.40078,0.4810465860627598
https://www.premierleague.com/match/46759,0.262165,0.14647,0.37786,of_to,0.2032699999999999,0.08546,0.32108,0.4852805044500333
https://www.premierleague.com/match/46760,0.33526,0.18452,0.486,of_to,0.29412,0.14889,0.43935,0.4897164503677246
https://www.premierleague.com/match/46761,0.42772,0.24808,0.60736,of_to,0.266245,0.11809,0.4144,0.45971873704825117
https://www.premierleague.com/match/46762,0.32244,0.18186,0.46302,of_to,0.29345,0.16346,0.42344,0.49275300753606854
https://www.premierleague.com/match/46763,0.36557,0.21973,0.51141,of_to,0.255915,0.13148,0.38035,0.4726136860885764
https://www.premierleague.com/match/46764,0.4088,0.22405,0.59355,of_to,0.267015,0.12891,0.40512,0.4646130121578394
https://www.premierleague.com/match/46765,0.357125,0.21951,0.49474,of_to,0.167915,0.07562,0.26021,0.45283811740193347
https://www.premierleague.com/match/46766,0.32823,0.1971,0.45936,of_to,0.285425,0.15332,0.41753,0.48930038366385326
https://www.premierleague.com/match/46767,0.35404,0.20738,0.5007,of_to,0.287095,0.12123,0.45296,0.48326999767759465
https://www.premierleague.com/match/46768,0.338075,0.19044,0.48571,of_to,0.253495,0.11521,0.39178,0.4788675965389592
https://www.premierleague.com/match/46769,0.27088,0.14915,0.39261,of_to,0.3637,0.2084,0.519,0.5231883540168334
https://www.premierleague.com/match/46770,0.257225,0.14261,0.37184,of_to,0.305405,0.16019,0.45062,0.5120426705234213
https://www.premierleague.com/match/46771,0.233335,0.13047,0.3362,of_to,0.28996,0.15977,0.42015,0.514152468673496
https://www.premierleague.com/match/46772,0.3568099999999999,0.18227,0.53135,of_to,0.252315,0.12229,0.38234,0.4738999949545903
https://www.premierleague.com/match/46773,0.3941,0.23614,0.55206,of_to,0.305625,0.14503,0.46622,0.47789566719108295
https://www.premierleague.com/match/46774,0.32977,0.19581,0.46373,of_to,0.255435,0.0995,0.41137,0.4814248026143601
https://www.premierleague.com/match/46775,0.320835,0.17877,0.4629,of_to,0.270855,0.11289,0.42882,0.48750760039334007
https://www.premierleague.com/match/46776,0.40373,0.26014,0.54732,of_to,0.269835,0.14919,0.39048,0.4665761699288321
https://www.premierleague.com/match/46777,0.307305,0.16271,0.4519,of_to,0.324435,0.17235,0.47652,0.5042823952827792
https://www.premierleague.com/match/46778,0.31809,0.17026,0.46592,of_to,0.2643999999999999,0.13265,0.39615,0.48658072339703834
https://www.premierleague.com/match/46779,0.2729399999999999,0.1502,0.39568,of_to,0.245395,0.12561,0.36518,0.4931141853656323
https://www.premierleague.com/match/46780,0.32768,0.17493,0.48043,of_to,0.271795,0.13698,0.40661,0.486032385037656
https://www.premierleague.com/match/46781,0.420355,0.2178,0.62291,of_to,0.216995,0.09629,0.3377,0.44933448701633916
https://www.premierleague.com/match/46782,0.33931,0.19518,0.48344,of_to,0.25265,0.12113,0.38417,0.47834854842429064
https://www.premierleague.com/match/46783,0.36678,0.22045,0.51311,of_to,0.191265,0.09389,0.28864,0.45623354636969454
https://www.premierleague.com/match/46784,0.372655,0.22955,0.51576,of_to,0.187195,0.09331,0.28108,0.4537674397582154
https://www.premierleague.com/match/46785,0.328255,0.20111,0.4554,of_to,0.32332,0.1912,0.45544,0.4987662525039127
https://www.premierleague.com/match/46786,0.44196,0.29334,0.59058,of_to,0.22882,0.12055,0.33709,0.4469158099737493
https://www.premierleague.com/match/46787,0.28485,0.13657,0.43313,of_to,0.317555,0.16871,0.4664,0.5081755212899273
https://www.premierleague.com/match/46788,0.34564,0.20671,0.48457,of_to,0.27836,0.14674,0.40998,0.4831863419113776
https://www.premierleague.com/match/46789,0.30915,0.18182,0.43648,of_to,0.28912,0.15477,0.42347,0.49499266741107567
https://www.premierleague.com/match/46790,0.312445,0.18472,0.44017,of_to,0.2102,0.10758,0.31282,0.47446099493955624
https://www.premierleague.com/match/46791,0.245875,0.13732,0.35443,of_to,0.287175,0.15762,0.41673,0.5103235326461804
https://www.premierleague.com/match/46792,0.38258,0.23386,0.5313,of_to,0.26524,0.12651,0.40397,0.4706986123958349
https://www.premierleague.com/match/46793,0.29096,0.15539,0.42653,of_to,0.30149,0.18121,0.42177,0.5026324756757723
https://www.premierleague.com/match/46794,0.326505,0.194,0.45901,of_to,0.2017149999999999,0.07984,0.32359,0.46884292242354936
https://www.premierleague.com/match/46795,0.33769,0.21181,0.46357,of_to,0.23242,0.1247,0.34014,0.47370677681053613
https://www.premierleague.com/match/46796,0.31677,0.17453,0.45901,of_to,0.36375,0.19411,0.53339,0.5117428402575884
https://www.premierleague.com/match/46797,0.3562599999999999,0.21721,0.49531,of_to,0.190435,0.09873,0.28214,0.4586384862606191
https://www.premierleague.com/match/46798,0.25909,0.12439,0.39379,of_to,0.26591,0.13736,0.39446,0.5017049933913938
https://www.premierleague.com/match/46799,0.33616,0.17721,0.49511,of_to,0.30681,0.13763,0.47599,0.4926630266785969
https://www.premierleague.com/match/46800,0.3171,0.16411,0.47009,of_to,0.287545,0.13723,0.43786,0.49261178779123505
https://www.premierleague.com/match/46801,0.4923499999999999,0.31942,0.66528,of_to,0.2080949999999999,0.0824,0.33379,0.4294109162981554
https://www.premierleague.com/match/46802,0.40007,0.24724,0.5529,of_to,0.219745,0.09654,0.34295,0.4550405133900165
https://www.premierleague.com/match/46803,0.35311,0.22085,0.48537,of_to,0.259625,0.14625,0.373,0.4766457561176857
https://www.premierleague.com/match/46804,0.28967,0.14848,0.43086,of_to,0.2804149999999999,0.14765,0.41318,0.497686266515218
https://www.premierleague.com/match/46805,0.324175,0.19211,0.45624,of_to,0.189215,0.094,0.28443,0.4663111191560558
https://www.premierleague.com/match/46806,0.306465,0.13664,0.47629,of_to,0.27325,0.12713,0.41937,0.4916970133322702
https://www.premierleague.com/match/46807,0.31788,0.14719,0.48857,of_to,0.26693,0.13931,0.39455,0.487265254727243
https://www.premierleague.com/match/46808,0.23181,0.12109,0.34253,of_to,0.34699,0.20436,0.48962,0.5287632082655438
https://www.premierleague.com/match/46809,0.35805,0.2144,0.5017,of_to,0.24926,0.13211,0.36641,0.47282929242385213
https://www.premierleague.com/match/46810,0.35531,0.2047,0.50592,of_to,0.2325499999999999,0.11088,0.35422,0.46934848357623515
https://www.premierleague.com/match/46811,0.44809,0.29004,0.60614,of_to,0.22382,0.10645,0.34119,0.4441663264006413
https://www.premierleague.com/match/46812,0.41007,0.2603,0.55984,of_to,0.21211,0.07435,0.34987,0.4506709876581816
https://www.premierleague.com/match/46813,0.34169,0.16393,0.51945,of_to,0.2419649999999999,0.11817,0.36576,0.4750893914027682
https://www.premierleague.com/match/46814,0.29464,0.14943,0.43985,of_to,0.36557,0.2028,0.52834,0.5177250692918868
https://www.premierleague.com/match/46815,0.4117449999999999,0.23117,0.59232,of_to,0.18041,0.0666,0.29422,0.442422795839194
https://www.premierleague.com/match/46816,0.498525,0.31608,0.68097,of_to,0.2410399999999999,0.10805,0.37403,0.43598205109573357
https://www.premierleague.com/match/46817,0.35762,0.20976,0.50548,of_to,0.241085,0.09335,0.38882,0.47089917596591163
https://www.premierleague.com/match/46818,0.32621,0.19677,0.45565,of_to,0.2493949999999999,0.13701,0.36178,0.48080568714628924
https://www.premierleague.com/match/46819,0.3492,0.19194,0.50646,of_to,0.246595,0.1185,0.37469,0.4743712305725037
https://www.premierleague.com/match/46820,0.2993,0.16171,0.43689,of_to,0.2929049999999999,0.15026,0.43555,0.49840125544852104
https://www.premierleague.com/match/46821,0.217415,0.10949,0.32534,of_to,0.3772,0.21957,0.53483,0.5398614766350126
https://www.premierleague.com/match/46822,0.414045,0.25144,0.57665,of_to,0.227345,0.10073,0.35396,0.45346010785397034
https://www.premierleague.com/match/46823,0.374355,0.21347,0.53524,of_to,0.19286,0.07708,0.30864,0.45475039367002384
https://www.premierleague.com/match/46824,0.2807199999999999,0.15102,0.41042,of_to,0.297945,0.1286,0.46729,0.5043061435309034
https://www.premierleague.com/match/46825,0.32165,0.17472,0.46858,of_to,0.283175,0.13405,0.4323,0.4903824363978836
https://www.premierleague.com/match/46826,0.321815,0.16121,0.48242,of_to,0.2538249999999999,0.12756,0.38009,0.48300904475170514
https://www.premierleague.com/match/46827,0.348585,0.20804,0.48913,of_to,0.236085,0.1242,0.34797,0.471904625591613
https://www.premierleague.com/match/46828,0.260825,0.13229,0.38936,of_to,0.1977149999999999,0.1021,0.29333,0.4842277345621972
https://www.premierleague.com/match/46829,0.25766,0.14567,0.36965,of_to,0.27243,0.12372,0.42114,0.5036924328739991
https://www.premierleague.com/match/46830,0.3257449999999999,0.14858,0.50291,of_to,0.263855,0.12744,0.40027,0.48453243689502057
https://www.premierleague.com/match/46831,0.4023299999999999,0.19327,0.61139,of_to,0.294715,0.13585,0.45358,0.47312218430026126
https://www.premierleague.com/match/46832,0.358475,0.1772,0.53975,of_to,0.22801,0.10429,0.35173,0.46742993513783887
https://www.premierleague.com/match/46833,0.357515,0.19401,0.52102,of_to,0.255775,0.12602,0.38553,0.4745869171793305
https://www.premierleague.com/match/46834,0.36002,0.20292,0.51712,of_to,0.27938,0.14641,0.41235,0.4798509176206621
https://www.premierleague.com/match/46835,0.33558,0.20984,0.46132,of_to,0.2419299999999999,0.10183,0.38203,0.47660459627080326
https://www.premierleague.com/match/46836,0.444695,0.26025,0.62914,of_to,0.244115,0.11462,0.37361,0.4500224472286601
https://www.premierleague.com/match/46837,0.31647,0.17606,0.45688,of_to,0.283365,0.14163,0.4251,0.4917245057739974
https://www.premierleague.com/match/46838,0.299625,0.16361,0.43564,of_to,0.319735,0.16311,0.47636,0.5050273305750324
https://www.premierleague.com/match/46839,0.252095,0.1436,0.36059,of_to,0.276555,0.14285,0.41026,0.5061146951388118
https://www.premierleague.com/match/46840,0.423455,0.26933,0.57758,of_to,0.17159,0.07649,0.26669,0.4373645124066541
https://www.premierleague.com/match/46841,0.35485,0.20846,0.50124,of_to,0.1807,0.06143,0.29997,0.4565722018879396
https://www.premierleague.com/match/46842,0.298435,0.1479,0.44897,of_to,0.26529,0.10739,0.42319,0.49171450851666026
https://www.premierleague.com/match/46843,0.312775,0.16069,0.46486,of_to,0.28536,0.15173,0.41899,0.493146679230796
https://www.premierleague.com/match/46844,0.218205,0.11303,0.32338,of_to,0.36884,0.19407,0.54361,0.5375877019557571
https://www.premierleague.com/match/46845,0.38806,0.17813,0.59799,of_to,0.2433999999999999,0.08696,0.39984,0.4638979355874145
https://www.premierleague.com/match/46846,0.33282,0.20094,0.4647,of_to,0.25574,0.14268,0.3688,0.48073953511489437
https://www.premierleague.com/match/46847,0.32082,0.1712,0.47044,of_to,0.30487,0.16167,0.44807,0.49601258453368013
https://www.premierleague.com/match/46848,0.293175,0.15994,0.42641,of_to,0.3283149999999999,0.1702,0.48643,0.5087840961207637
https://www.premierleague.com/match/46849,0.2300849999999999,0.11666,0.34351,of_to,0.321685,0.15631,0.48706,0.5228840014382219
https://www.premierleague.com/match/46850,0.256755,0.10777,0.40574,of_to,0.25092,0.10913,0.39271,0.4985412541388517
https://www.premierleague.com/match/46851,0.328195,0.18672,0.46967,of_to,0.33689,0.18615,0.48763,0.5021737363049306
https://www.premierleague.com/match/46852,0.259085,0.11984,0.39833,of_to,0.1936149999999999,0.08129,0.30594,0.4836383438582585
https://www.premierleague.com/match/46853,0.324605,0.17917,0.47004,of_to,0.28421,0.1494,0.41902,0.48990262300064
https://www.premierleague.com/match/46854,0.32653,0.18748,0.46558,of_to,0.27147,0.14587,0.39707,0.48623847644804546
https://www.premierleague.com/match/46855,0.32357,0.19181,0.45533,of_to,0.253275,0.11565,0.3909,0.4824334829842761
https://www.premierleague.com/match/46856,0.32449,0.16891,0.48007,of_to,0.180555,0.06324,0.29787,0.4640782453636293
https://www.premierleague.com/match/46857,0.35112,0.21856,0.48368,of_to,0.259445,0.13593,0.38296,0.4770972878697142
https://www.premierleague.com/match/46858,0.395915,0.20627,0.58556,of_to,0.168985,0.05774,0.28023,0.4435097165875215
https://www.premierleague.com/match/46859,0.337845,0.19295,0.48274,of_to,0.258735,0.12747,0.39,0.4802328081612764
https://www.premierleague.com/match/46860,0.25077,0.12566,0.37588,of_to,0.26484,0.12664,0.40304,0.5035174419726874
https://www.premierleague.com/match/46861,0.4375,0.2453,0.6297,of_to,0.174285,0.07635,0.27222,0.43457355486437105
https://www.premierleague.com/match/46862,0.386275,0.23647,0.53608,of_to,0.314045,0.1552,0.47289,0.4819503466645883
https://www.premierleague.com/match/46863,0.3586249999999999,0.22037,0.49688,of_to,0.25678,0.13241,0.38115,0.4745607350608201
https://www.premierleague.com/match/46864,0.3192549999999999,0.18055,0.45796,of_to,0.253645,0.12379,0.3835,0.4836033814169325
https://www.premierleague.com/match/46865,0.329995,0.18976,0.47023,of_to,0.22814,0.1005,0.35578,0.4745582415330164
https://www.premierleague.com/match/46866,0.326615,0.17561,0.47762,of_to,0.332495,0.18333,0.48166,0.5014699957646507
https://www.premierleague.com/match/46867,0.375875,0.22638,0.52537,of_to,0.1959,0.09817,0.29363,0.45512730728050094
https://www.premierleague.com/match/46868,0.324415,0.18811,0.46072,of_to,0.27024,0.12827,0.41221,0.4864595615253147
https://www.premierleague.com/match/46869,0.31939,0.17437,0.46441,of_to,0.19765,0.09241,0.30289,0.46960253319118683
https://www.premierleague.com/match/46870,0.26486,0.15071,0.37901,of_to,0.279375,0.15662,0.40213,0.5036286862910081
https://www.premierleague.com/match/46871,0.25601,0.14052,0.3715,of_to,0.279275,0.13622,0.42233,0.5058159876721335
https://www.premierleague.com/match/46872,0.3940099999999999,0.24081,0.54721,of_to,0.2391,0.11181,0.36639,0.46134976026998537
https://www.premierleague.com/match/46873,0.361555,0.21118,0.51193,of_to,0.245035,0.12458,0.36549,0.47090291326467354
https://www.premierleague.com/match/46874,0.260075,0.14349,0.37666,of_to,0.38166,0.21331,0.55001,0.5303588598479178
https://www.premierleague.com/match/46875,0.39029,0.2133,0.56728,of_to,0.27951,0.11504,0.44398,0.47233328851855083
https://www.premierleague.com/match/46876,0.438785,0.26937,0.6082,of_to,0.261425,0.09984,0.42301,0.45577586755872385
https://www.premierleague.com/match/46877,0.32682,0.19107,0.46257,of_to,0.27097,0.13812,0.40382,0.48604112821363
https://www.premierleague.com/match/46878,0.363965,0.21717,0.51076,of_to,0.1707349999999999,0.07862,0.26285,0.45184224900806697
https://www.premierleague.com/match/46879,0.24536,0.12041,0.37031,of_to,0.25204,0.11179,0.39229,0.501669993790077
https://www.premierleague.com/match/46880,0.333455,0.18771,0.4792,of_to,0.265845,0.12091,0.41078,0.4831039356600595
https://www.premierleague.com/match/46881,0.42371,0.2599,0.58752,of_to,0.21837,0.10398,0.33276,0.44884461896735034
https://www.premierleague.com/match/46882,0.32361,0.14746,0.49976,of_to,0.261945,0.11687,0.40702,0.48458863326011875
https://www.premierleague.com/match/46883,0.3889899999999999,0.2404,0.53758,of_to,0.1811749999999999,0.08889,0.27346,0.44823242355035053
https://www.premierleague.com/match/46884,0.3038,0.15057,0.45703,of_to,0.3098599999999999,0.15743,0.46229,0.5015149953636625
https://www.premierleague.com/match/46885,0.347305,0.20984,0.48477,of_to,0.22562,0.10147,0.34977,0.46961623239375716
https://www.premierleague.com/match/46886,0.373685,0.21821,0.52916,of_to,0.195875,0.08399,0.30776,0.4556642498801457
https://www.premierleague.com/match/46887,0.39558,0.22827,0.56289,of_to,0.211655,0.07055,0.35276,0.4541479357009755
https://www.premierleague.com/match/46888,0.34856,0.21787,0.47925,of_to,0.242695,0.11792,0.36747,0.4735584404790387
https://www.premierleague.com/match/46889,0.30669,0.18147,0.43191,of_to,0.242025,0.12726,0.35679,0.48383938099373663
https://www.premierleague.com/match/46890,0.35168,0.2028,0.50056,of_to,0.3446099999999999,0.18678,0.50244,0.49823250736232244
https://www.premierleague.com/match/46891,0.221605,0.10044,0.34277,of_to,0.22507,0.10226,0.34788,0.5008662491333017
https://www.premierleague.com/match/46892,0.35043,0.20529,0.49557,of_to,0.335175,0.17552,0.49483,0.4961863239580228
https://www.premierleague.com/match/46893,0.3625,0.18596,0.53904,of_to,0.25668,0.11663,0.39673,0.47356965903036236
https://www.premierleague.com/match/46894,0.288075,0.14252,0.43363,of_to,0.28288,0.1397,0.42606,0.49870125292088363
https://www.premierleague.com/match/46895,0.378635,0.17384,0.58343,of_to,0.2506,0.09097,0.41023,0.4680349049544663
https://www.premierleague.com/match/46896,0.4315299999999999,0.23883,0.62423,of_to,0.24128,0.11135,0.37121,0.45258044327654834
https://www.premierleague.com/match/46897,0.30145,0.14911,0.45379,of_to,0.2657049999999999,0.12774,0.40367,0.491064701369404
https://www.premierleague.com/match/46898,0.36563,0.21125,0.52001,of_to,0.17479,0.08245,0.26713,0.45243427405271575
https://www.premierleague.com/match/46899,0.26043,0.14452,0.37634,of_to,0.2694249999999999,0.13279,0.40606,0.5022487348379211
https://www.premierleague.com/match/46900,0.332015,0.17734,0.48669,of_to,0.308085,0.1607,0.45547,0.49401778547099545
https://www.premierleague.com/match/46901,0.407085,0.22267,0.5915,of_to,0.25851,0.12409,0.39293,0.4629244270768321
https://www.premierleague.com/match/46902,0.259645,0.14376,0.37553,of_to,0.2092149999999999,0.10937,0.30906,0.48739517125428833
https://www.premierleague.com/match/46903,0.35404,0.20709,0.50099,of_to,0.238305,0.12454,0.35207,0.4710985031093807
https://www.premierleague.com/match/46904,0.34845,0.19741,0.49949,of_to,0.23875,0.11883,0.35867,0.47260246985285953
https://www.premierleague.com/match/46905,0.33331,0.19023,0.47639,of_to,0.282485,0.14522,0.41975,0.48729648450519814
https://www.premierleague.com/match/46906,0.362075,0.17447,0.54968,of_to,0.173945,0.05417,0.29372,0.45310572882404104
https://www.premierleague.com/match/46907,0.314215,0.17984,0.44859,of_to,0.25038,0.13178,0.36898,0.48404666699477533
https://www.premierleague.com/match/46908,0.2453,0.13625,0.35435,of_to,0.35465,0.20149,0.50781,0.5273102920301233
https://www.premierleague.com/match/46909,0.228655,0.11271,0.3446,of_to,0.3935099999999999,0.2188,0.56822,0.5411206635467691
https://www.premierleague.com/match/46910,0.31126,0.15699,0.46553,of_to,0.34042,0.18486,0.49598,0.5072894834832676
https://www.premierleague.com/match/46911,0.428265,0.26476,0.59177,of_to,0.2370749999999999,0.11426,0.35989,0.45234756737149384
https://www.premierleague.com/match/46912,0.34138,0.15881,0.52395,of_to,0.283205,0.11457,0.45184,0.485460350350522
https://www.premierleague.com/match/46913,0.25039,0.14057,0.36021,of_to,0.27349,0.15102,0.39596,0.5057747432138898
https://www.premierleague.com/match/46914,0.30833,0.17354,0.44312,of_to,0.333235,0.14838,0.51809,0.5062259281959807
https://www.premierleague.com/match/46915,0.3218,0.17884,0.46476,of_to,0.339815,0.16075,0.51888,0.5045036281999496
https://www.premierleague.com/match/46916,0.43114,0.2548,0.60748,of_to,0.20566,0.09036,0.32096,0.44386761867032565
https://www.premierleague.com/match/46917,0.4284,0.26012,0.59668,of_to,0.26492,0.12753,0.40231,0.4592207807051706
https://www.premierleague.com/match/46918,0.354475,0.20414,0.50481,of_to,0.187975,0.08127,0.29468,0.45847089571894895
https://www.premierleague.com/match/46919,0.3336449999999999,0.19124,0.47605,of_to,0.2713,0.14159,0.40101,0.48441879655345876
https://www.premierleague.com/match/46920,0.37121,0.21403,0.52839,of_to,0.212145,0.09576,0.32853,0.46031738445575093
https://www.premierleague.com/match/46921,0.26654,0.1572,0.37588,of_to,0.20959,0.11108,0.3081,0.48576634679565134
https://www.premierleague.com/match/46922,0.407265,0.26702,0.54751,of_to,0.1800399999999999,0.08196,0.27812,0.4434369091912336
https://www.premierleague.com/match/46923,0.3162,0.17882,0.45358,of_to,0.30599,0.16872,0.44326,0.4974475221733576
https://www.premierleague.com/match/46924,0.311715,0.13547,0.48796,of_to,0.27227,0.12897,0.41557,0.49014002840092724
https://www.premierleague.com/match/46925,0.33072,0.17403,0.48741,of_to,0.304,0.15674,0.45126,0.4933203974084694
https://www.premierleague.com/match/46926,0.3715699999999999,0.22108,0.52206,of_to,0.23568,0.08718,0.38418,0.4660796819186619
https://www.premierleague.com/match/46927,0.29513,0.16662,0.42364,of_to,0.278885,0.13382,0.42395,0.49593883931130783
https://www.premierleague.com/match/46928,0.21694,0.09609,0.33779,of_to,0.3225949999999999,0.17845,0.46674,0.5263892060532237
https://www.premierleague.com/match/46929,0.22441,0.11824,0.33058,of_to,0.39767,0.23624,0.5591,0.5432069681079414
https://www.premierleague.com/match/46930,0.380265,0.22819,0.53234,of_to,0.233155,0.10915,0.35716,0.4632886830102778
https://www.premierleague.com/match/46931,0.43949,0.26225,0.61673,of_to,0.23321,0.11252,0.3539,0.44861209002650043
https://www.premierleague.com/match/46932,0.34307,0.1677,0.51844,of_to,0.2026599999999999,0.09007,0.31525,0.4649550569183592
https://www.premierleague.com/match/46933,0.23619,0.1263,0.34608,of_to,0.278025,0.13264,0.42341,0.5104572248867977
https://www.premierleague.com/match/46934,0.29572,0.14251,0.44893,of_to,0.284795,0.11764,0.45195,0.4972687771655134
https://www.premierleague.com/match/46935,0.365085,0.20478,0.52539,of_to,0.2357699999999999,0.10161,0.36993,0.46771622589897827
https://www.premierleague.com/match/46936,0.385375,0.23804,0.53271,of_to,0.1619799999999999,0.06698,0.25698,0.4443823592168063
https://www.premierleague.com/match/46937,0.491765,0.33338,0.65015,of_to,0.15332,0.07249,0.23415,0.41618725453702815
https://www.premierleague.com/match/46938,0.33997,0.18209,0.49785,of_to,0.20517,0.09814,0.3122,0.46635093778009123
https://www.premierleague.com/match/46939,0.29322,0.11984,0.4666,of_to,0.31032,0.15013,0.47051,0.5042748958319835
https://www.premierleague.com/match/46940,0.33702,0.17607,0.49797,of_to,0.26693,0.12713,0.40673,0.4824846699090113
https://www.premierleague.com/match/46941,0.27218,0.15289,0.39147,of_to,0.26042,0.12561,0.39523,0.4970600338824434
https://www.premierleague.com/match/46942,0.382135,0.18892,0.57535,of_to,0.231225,0.09728,0.36517,0.46234393728101086
https://www.premierleague.com/match/46943,0.31654,0.1627,0.47038,of_to,0.35725,0.19289,0.52161,0.510176094631872
https://www.premierleague.com/match/46944,0.31704,0.17129,0.46279,of_to,0.287045,0.14146,0.43263,0.49250181216821864
https://www.premierleague.com/match/46945,0.32499,0.18982,0.46016,of_to,0.248215,0.10344,0.39299,0.48081567241708856
https://www.premierleague.com/match/46946,0.463895,0.27839,0.6494,of_to,0.209615,0.09293,0.3263,0.43677032711310004
https://www.premierleague.com/match/46947,0.332535,0.16856,0.49651,of_to,0.199855,0.09072,0.30899,0.46687857483209344
https://www.premierleague.com/match/46948,0.271975,0.15262,0.39133,of_to,0.284255,0.14125,0.42726,0.5030699614213244
https://www.premierleague.com/match/46949,0.2368249999999999,0.11843,0.35522,of_to,0.3101899999999999,0.16163,0.45875,0.5183330277280483
https://www.premierleague.com/match/46950,0.46931,0.29438,0.64424,of_to,0.203465,0.08215,0.32478,0.43392742444734045
https://www.premierleague.com/match/46951,0.3468199999999999,0.15445,0.53919,of_to,0.28062,0.12249,0.43875,0.4834560414675436
https://www.premierleague.com/match/46952,0.24,0.1262,0.3538,of_to,0.304365,0.17503,0.4337,0.5160856969932714
https://www.premierleague.com/match/46953,0.351615,0.21282,0.49041,of_to,0.2679,0.14512,0.39068,0.47908346418107645
https://www.premierleague.com/match/46954,0.30454,0.16138,0.4477,of_to,0.27138,0.11737,0.42539,0.4917107595468668
https://www.premierleague.com/match/46955,0.41023,0.24428,0.57618,of_to,0.17129,0.05463,0.28795,0.44054758758061313
https://www.premierleague.com/match/46956,0.3288,0.15296,0.50464,of_to,0.267125,0.1327,0.40155,0.484586135635606
https://www.premierleague.com/match/46957,0.3014799999999999,0.15425,0.44871,of_to,0.349485,0.15034,0.54863,0.5119989458109193
https://www.premierleague.com/match/46958,0.353225,0.20121,0.50524,of_to,0.189225,0.07754,0.30091,0.45909164817761833
https://www.premierleague.com/match/46959,0.31607,0.15134,0.4808,of_to,0.24992,0.12978,0.37006,0.4834685277927414
https://www.premierleague.com/match/46960,0.320665,0.1545,0.48683,of_to,0.290805,0.10438,0.47723,0.4925355546122425
https://www.premierleague.com/match/46961,0.223955,0.12169,0.32622,of_to,0.397005,0.25696,0.53705,0.5431548596721685
https://www.premierleague.com/match/46962,0.36887,0.19997,0.53777,of_to,0.167765,0.07069,0.26484,0.4498925119626991
https://www.premierleague.com/match/46963,0.379295,0.20802,0.55057,of_to,0.241465,0.09614,0.38679,0.46559694597738266
https://www.premierleague.com/match/46964,0.308115,0.17868,0.43755,of_to,0.30427,0.16503,0.44351,0.4990387511842602
https://www.premierleague.com/match/46965,0.30839,0.14475,0.47203,of_to,0.28586,0.11196,0.45976,0.4943677382430792
https://www.premierleague.com/match/46966,0.44667,0.28197,0.61137,of_to,0.25629,0.12578,0.3868,0.4525482357950048
https://www.premierleague.com/match/46967,0.329745,0.19084,0.46865,of_to,0.27236,0.14109,0.40363,0.4856576855998
https://www.premierleague.com/match/46968,0.2671949999999999,0.15603,0.37836,of_to,0.27302,0.1514,0.39464,0.5014562458823913
https://www.premierleague.com/match/46969,0.263205,0.14851,0.3779,of_to,0.26481,0.13473,0.39489,0.5004012499138641
https://www.premierleague.com/match/46970,0.456285,0.29074,0.62183,of_to,0.22862,0.10821,0.34903,0.44332831962416297
https://www.premierleague.com/match/46971,0.3777899999999999,0.21044,0.54514,of_to,0.2567149999999999,0.11502,0.39841,0.46976817206937693
https://www.premierleague.com/match/46972,0.21656,0.08044,0.35268,of_to,0.306045,0.1568,0.45529,0.5223563336739365
https://www.premierleague.com/match/46973,0.34526,0.17521,0.51531,of_to,0.206025,0.10097,0.31108,0.4652473758478383
https://www.premierleague.com/match/46974,0.29752,0.14519,0.44985,of_to,0.2730249999999999,0.11146,0.43459,0.49387655617169385
https://www.premierleague.com/match/46975,0.371955,0.22544,0.51847,of_to,0.271515,0.14529,0.39774,0.47491108827110734
https://www.premierleague.com/match/46976,0.33604,0.18706,0.48502,of_to,0.269755,0.14551,0.394,0.483434814762124
https://www.premierleague.com/match/46977,0.38402,0.19893,0.56911,of_to,0.234355,0.09198,0.37673,0.46265343636697775
https://www.premierleague.com/match/46978,0.37212,0.23794,0.5063,of_to,0.172975,0.07327,0.27268,0.4503776383616852
https://www.premierleague.com/match/46979,0.32161,0.17635,0.46687,of_to,0.35016,0.18051,0.51981,0.5071370152233398
https://www.premierleague.com/match/46980,0.34891,0.19016,0.50766,of_to,0.180855,0.05862,0.30309,0.4580848525829485
https://www.premierleague.com/match/46981,0.227605,0.10537,0.34984,of_to,0.379925,0.17962,0.58023,0.5380065447015914
https://www.premierleague.com/match/46982,0.3307299999999999,0.17406,0.4874,of_to,0.207175,0.09582,0.31853,0.469150485326266
https://www.premierleague.com/match/46983,0.33855,0.18051,0.49659,of_to,0.296555,0.14175,0.45136,0.48950279267675284
https://www.premierleague.com/match/46984,0.30104,0.17564,0.42644,of_to,0.28071,0.15882,0.4026,0.49491767504630557
