match_id,home_prob,home_prob_min,home_prob_max,model
12115,0.39823000000000003,0.15666,0.6398,of
12116,0.5794199999999999,0.34772,0.81112,of
12117,0.53079,0.28053,0.78105,of
12118,0.40438,0.14964,0.65912,of
12119,0.411025,0.17962,0.64243,of
12120,0.43985,0.19377,0.68593,of
12121,0.731375,0.56467,0.89808,of
12122,0.50735,0.27202,0.74268,of
12123,0.47811,0.23093,0.72529,of
12124,0.39808,0.17178,0.62438,of
12125,0.506995,0.27687,0.73712,of
12126,0.39042499999999997,0.15399,0.62686,of
12127,0.5075999999999999,0.25192,0.76328,of
12128,0.441015,0.20313,0.6789,of
12129,0.5473600000000001,0.30933,0.78539,of
12130,0.441905,0.20124,0.68257,of
12131,0.31494999999999995,0.0943,0.5356,of
12132,0.41359500000000005,0.17263,0.65456,of
12133,0.450355,0.20472,0.69599,of
12134,0.5251399999999999,0.26329,0.78699,of
12135,0.46893,0.21345,0.72441,of
12136,0.318635,0.09767,0.5396,of
12137,0.471405,0.22973,0.71308,of
12138,0.39354,0.14944,0.63764,of
12139,0.45743999999999996,0.17761,0.73727,of
12140,0.45783999999999997,0.16943,0.74625,of
12141,0.441405,0.17993,0.70288,of
12142,0.44486000000000003,0.17763,0.71209,of
12143,0.37708,0.15668,0.59748,of
12144,0.473705,0.22637,0.72104,of
12145,0.475445,0.2381,0.71279,of
12146,0.48988,0.2321,0.74766,of
12147,0.554545,0.30163,0.80746,of
12148,0.5346850000000001,0.27464,0.79473,of
12149,0.530245,0.27599,0.7845,of
12150,0.45136,0.20446,0.69826,of
12151,0.48845,0.24063,0.73627,of
12152,0.541045,0.30317,0.77892,of
12153,0.513275,0.27041,0.75614,of
12154,0.44606,0.21337,0.67875,of
12155,0.47794,0.23054,0.72534,of
12156,0.40890499999999996,0.14706,0.67075,of
12157,0.47963999999999996,0.24111,0.71817,of
12158,0.48709,0.24152,0.73266,of
12159,0.466425,0.19058,0.74227,of
12160,0.462225,0.22374,0.70071,of
12161,0.46578,0.21982,0.71174,of
12162,0.461305,0.18682,0.73579,of
12163,0.356255,0.12638,0.58613,of
12164,0.39913,0.16877,0.62949,of
12165,0.419885,0.16896,0.67081,of
12166,0.49418,0.23893,0.74943,of
12167,0.49880500000000005,0.24423,0.75338,of
12168,0.728,0.54946,0.90654,of
12169,0.480495,0.23477,0.72622,of
12170,0.51549,0.24976,0.78122,of
12171,0.428065,0.18741,0.66872,of
12172,0.587325,0.3552,0.81945,of
12173,0.41217499999999996,0.18036,0.64399,of
12174,0.52946,0.25557,0.80335,of
12175,0.374055,0.12048,0.62763,of
12176,0.53845,0.30729,0.76961,of
12177,0.536225,0.28509,0.78736,of
12178,0.402075,0.12615,0.678,of
12179,0.45608000000000004,0.23091,0.68125,of
12180,0.5172049999999999,0.2693,0.76511,of
12181,0.476445,0.2226,0.73029,of
12182,0.265715,0.0644,0.46703,of
12183,0.577215,0.27133,0.8831,of
12184,0.474115,0.2406,0.70763,of
12185,0.48445000000000005,0.24416,0.72474,of
12186,0.44143,0.16879,0.71407,of
12187,0.531055,0.30919,0.75292,of
12188,0.426375,0.15572,0.69703,of
12189,0.5512699999999999,0.31187,0.79067,of
12190,0.479865,0.2143,0.74543,of
12191,0.63175,0.40459,0.85891,of
12192,0.462225,0.21049,0.71396,of
12193,0.416375,0.18864,0.64411,of
12194,0.385225,0.15177,0.61868,of
12195,0.5610299999999999,0.3217,0.80036,of
12196,0.61856,0.38523,0.85189,of
12197,0.43195,0.18748,0.67642,of
12198,0.581785,0.35358,0.80999,of
12199,0.4864,0.22865,0.74415,of
12200,0.48267499999999997,0.23354,0.73181,of
12201,0.430205,0.16335,0.69706,of
12202,0.4654,0.2239,0.7069,of
12203,0.435465,0.14592,0.72501,of
12204,0.43671000000000004,0.19427,0.67915,of
12205,0.49927499999999997,0.26008,0.73847,of
12206,0.44837499999999997,0.20058,0.69617,of
12207,0.46164499999999997,0.19119,0.7321,of
12208,0.42477,0.19754,0.652,of
12209,0.50023,0.24585,0.75461,of
12210,0.190335,0.04364,0.33703,of
12211,0.351325,0.11528,0.58737,of
12212,0.5195350000000001,0.29662,0.74245,of
12213,0.432205,0.19153,0.67288,of
12214,0.51855,0.21849,0.81861,of
12215,0.47095,0.234,0.7079,of
12216,0.361275,0.12255,0.6,of
12217,0.55489,0.29116,0.81862,of
12218,0.39743500000000004,0.12426,0.67061,of
12219,0.40567000000000003,0.17388,0.63746,of
12220,0.63388,0.41546,0.8523,of
12221,0.529975,0.28379,0.77616,of
12222,0.453455,0.19211,0.7148,of
12223,0.49866,0.26732,0.73,of
12224,0.57879,0.33072,0.82686,of
12225,0.483335,0.18143,0.78524,of
12226,0.42110000000000003,0.1441,0.6981,of
12227,0.502095,0.26455,0.73964,of
12228,0.462565,0.2149,0.71023,of
12229,0.43908,0.19686,0.6813,of
12230,0.42574999999999996,0.18319,0.66831,of
12231,0.271325,0.07242,0.47023,of
12232,0.436405,0.19946,0.67335,of
12233,0.367415,0.10943,0.6254,of
12234,0.548705,0.2874,0.81001,of
12235,0.51681,0.28538,0.74824,of
12236,0.44366,0.20499,0.68233,of
12237,0.49277,0.22315,0.76239,of
12238,0.47115,0.1693,0.773,of
12239,0.441225,0.20221,0.68024,of
12240,0.5589200000000001,0.30501,0.81283,of
12241,0.42396500000000004,0.16814,0.67979,of
12242,0.41951000000000005,0.18573,0.65329,of
12243,0.7446699999999999,0.58823,0.90111,of
12244,0.39565,0.14539,0.64591,of
12245,0.45905,0.18115,0.73695,of
12246,0.43942000000000003,0.17864,0.7002,of
12247,0.49579,0.18215,0.80943,of
12248,0.328425,0.11382,0.54303,of
12249,0.504635,0.26429,0.74498,of
12250,0.47075,0.22233,0.71917,of
12251,0.459875,0.1806,0.73915,of
12252,0.391745,0.16497,0.61852,of
12253,0.504235,0.22518,0.78329,of
12254,0.22034499999999999,0.05506,0.38563,of
12255,0.583685,0.33534,0.83203,of
12256,0.5649649999999999,0.30443,0.8255,of
12257,0.6912699999999999,0.49565,0.88689,of
12258,0.47977,0.24774,0.7118,of
12259,0.39188,0.12853,0.65523,of
12260,0.54867,0.30461,0.79273,of
12261,0.494085,0.22845,0.75972,of
12262,0.394185,0.1627,0.62567,of
12263,0.42414999999999997,0.20043,0.64787,of
12264,0.45761999999999997,0.20185,0.71339,of
12265,0.430965,0.18026,0.68167,of
12266,0.41896,0.16523,0.67269,of
12267,0.58307,0.32482,0.84132,of
12268,0.42826,0.16801,0.68851,of
12269,0.40832,0.14595,0.67069,of
12270,0.291555,0.08361,0.4995,of
12271,0.428495,0.18964,0.66735,of
12272,0.49522,0.23047,0.75997,of
12273,0.5365150000000001,0.31194,0.76109,of
12274,0.320615,0.10156,0.53967,of
12275,0.56723,0.30344,0.83102,of
12276,0.521485,0.24962,0.79335,of
12277,0.584145,0.35536,0.81293,of
12278,0.43226,0.2123,0.65222,of
12279,0.35519,0.14317,0.56721,of
12280,0.579325,0.25675,0.9019,of
12281,0.513585,0.2716,0.75557,of
12282,0.61618,0.40687,0.82549,of
12283,0.46487,0.20501,0.72473,of
12284,0.42286,0.18778,0.65794,of
12285,0.697275,0.4657,0.92885,of
12286,0.589005,0.29124,0.88677,of
12287,0.56099,0.3169,0.80508,of
12288,0.5612550000000001,0.31336,0.80915,of
12289,0.571205,0.33269,0.80972,of
12290,0.45582500000000004,0.12862,0.78303,of
12291,0.450685,0.22055,0.68082,of
12292,0.434645,0.16316,0.70613,of
12293,0.38380000000000003,0.15968,0.60792,of
12294,0.59407,0.35247,0.83567,of
12295,0.52413,0.27543,0.77283,of
12296,0.52071,0.22674,0.81468,of
12297,0.48411000000000004,0.19615,0.77207,of
12298,0.46554,0.2086,0.72248,of
12299,0.37949,0.16837,0.59061,of
12300,0.36705,0.13984,0.59426,of
12301,0.55262,0.26665,0.83859,of
12302,0.24901,0.05501,0.44301,of
12303,0.38703,0.13098,0.64308,of
12304,0.43483,0.20064,0.66902,of
12305,0.536995,0.29731,0.77668,of
12306,0.43615499999999996,0.16987,0.70244,of
12307,0.586005,0.32072,0.85129,of
12308,0.39631,0.17698,0.61564,of
12309,0.47170999999999996,0.18509,0.75833,of
12310,0.40535,0.16088,0.64982,of
12311,0.49677499999999997,0.22513,0.76842,of
12312,0.21147,0.05146,0.37148,of
12313,0.355595,0.11075,0.60044,of
12314,0.379025,0.11202,0.64603,of
12315,0.5186499999999999,0.16949,0.86781,of
12316,0.607805,0.37941,0.8362,of
12317,0.38322,0.16794,0.5985,of
12318,0.535635,0.28984,0.78143,of
12319,0.46277,0.18329,0.74225,of
12320,0.484995,0.21178,0.75821,of
12321,0.459765,0.20524,0.71429,of
12322,0.49017499999999997,0.25654,0.72381,of
12323,0.444535,0.20176,0.68731,of
12324,0.5963350000000001,0.35038,0.84229,of
12325,0.48458,0.19576,0.7734,of
12326,0.47629,0.2365,0.71608,of
12327,0.53483,0.30105,0.76861,of
12328,0.6148450000000001,0.31384,0.91585,of
12329,0.65706,0.40055,0.91357,of
12330,0.44797000000000003,0.20218,0.69376,of
12331,0.62352,0.40101,0.84603,of
12332,0.494425,0.26866,0.72019,of
12333,0.420545,0.18792,0.65317,of
12334,0.40792000000000006,0.13506,0.68078,of
12335,0.32939,0.05969,0.59909,of
12336,0.45064000000000004,0.15036,0.75092,of
12337,0.547145,0.31096,0.78333,of
12338,0.36799,0.12551,0.61047,of
12339,0.477165,0.22712,0.72721,of
12340,0.49958,0.26046,0.7387,of
12341,0.576055,0.30308,0.84903,of
12342,0.20209000000000002,0.0331,0.37108,of
12343,0.40734,0.17031,0.64437,of
12344,0.525305,0.22984,0.82077,of
12345,0.5181899999999999,0.3006,0.73578,of
12346,0.45053499999999996,0.19007,0.711,of
12347,0.32989,0.11238,0.5474,of
12348,0.504245,0.27034,0.73815,of
12349,0.36331500000000005,0.13872,0.58791,of
12350,0.43339000000000005,0.18195,0.68483,of
12351,0.5788949999999999,0.31792,0.83987,of
12352,0.259825,0.0549,0.46475,of
12353,0.55509,0.27089,0.83929,of
12354,0.379185,0.14709,0.61128,of
12355,0.49955000000000005,0.26233,0.73677,of
12356,0.53113,0.288,0.77426,of
12357,0.58216,0.3026,0.86172,of
12358,0.34443,0.12667,0.56219,of
12359,0.6132949999999999,0.36434,0.86225,of
12360,0.467145,0.20756,0.72673,of
12361,0.433775,0.15546,0.71209,of
12362,0.527895,0.28231,0.77348,of
12363,0.413595,0.18902,0.63817,of
12364,0.55067,0.3141,0.78724,of
12365,0.47100000000000003,0.16808,0.77392,of
12366,0.59207,0.35453,0.82961,of
12367,0.408895,0.17382,0.64397,of
12368,0.44445999999999997,0.22137,0.66755,of
12369,0.62076,0.35329,0.88823,of
12370,0.454435,0.21553,0.69334,of
12371,0.422545,0.15959,0.6855,of
12372,0.58855,0.35059,0.82651,of
12373,0.41178,0.1894,0.63416,of
12374,0.49624999999999997,0.2371,0.7554,of
12375,0.46963,0.20965,0.72961,of
12376,0.411005,0.16859,0.65342,of
12377,0.513455,0.27629,0.75062,of
12378,0.52766,0.28408,0.77124,of
12379,0.6316,0.34842,0.91478,of
12380,0.192065,0.02948,0.35465,of
12381,0.46978000000000003,0.19467,0.74489,of
12382,0.560905,0.28957,0.83224,of
12383,0.50467,0.28286,0.72648,of
12384,0.42985,0.18418,0.67552,of
12385,0.352345,0.11877,0.58592,of
12386,0.345005,0.13041,0.5596,of
12387,0.5265299999999999,0.27207,0.78099,of
12388,0.510995,0.23419,0.7878,of
12389,0.457535,0.21392,0.70115,of
12390,0.441875,0.18795,0.6958,of
12391,0.528455,0.29253,0.76438,of
12392,0.20029999999999998,0.04793,0.35267,of
12393,0.50571,0.2385,0.77292,of
12394,0.582205,0.3287,0.83571,of
12395,0.49814500000000006,0.26367,0.73262,of
12396,0.487985,0.23305,0.74292,of
12397,0.422705,0.19535,0.65006,of
12398,0.49133,0.22433,0.75833,of
12399,0.550145,0.32639,0.7739,of
12400,0.537565,0.28802,0.78711,of
12401,0.363855,0.0718,0.65591,of
12402,0.54068,0.27093,0.81043,of
12403,0.52179,0.23232,0.81126,of
12404,0.348105,0.12168,0.57453,of
12405,0.517065,0.28701,0.74712,of
12406,0.396195,0.15474,0.63765,of
12407,0.425615,0.17301,0.67822,of
12408,0.711395,0.51642,0.90637,of
12409,0.40859,0.07903,0.73815,of
12410,0.544315,0.27405,0.81458,of
12411,0.453295,0.21228,0.69431,of
12412,0.459835,0.222,0.69767,of
12413,0.549515,0.28918,0.80985,of
12414,0.5283100000000001,0.25649,0.80013,of
12415,0.40418,0.1665,0.64186,of
12416,0.437735,0.21009,0.66538,of
12417,0.58838,0.3448,0.83196,of
12418,0.38081,0.12644,0.63518,of
12419,0.41672499999999996,0.14533,0.68812,of
12420,0.41579499999999997,0.16687,0.66472,of
12421,0.444635,0.21076,0.67851,of
12422,0.443225,0.21437,0.67208,of
12423,0.44691000000000003,0.16468,0.72914,of
12424,0.448465,0.19015,0.70678,of
12425,0.376975,0.07504,0.67891,of
12426,0.38929,0.14777,0.63081,of
12427,0.5100250000000001,0.22661,0.79344,of
12428,0.534965,0.24778,0.82215,of
12429,0.45203,0.1976,0.70646,of
12430,0.51832,0.27958,0.75706,of
12431,0.474745,0.22234,0.72715,of
12432,0.36876000000000003,0.12165,0.61587,of
12433,0.49762,0.23458,0.76066,of
12434,0.37522500000000003,0.10192,0.64853,of
12435,0.53482,0.2835,0.78614,of
12436,0.54933,0.29983,0.79883,of
12437,0.56541,0.30759,0.82323,of
12438,0.46097499999999997,0.18936,0.73259,of
12439,0.5021100000000001,0.2534,0.75082,of
12440,0.46835499999999997,0.20478,0.73193,of
12441,0.47014,0.22072,0.71956,of
12442,0.521835,0.25388,0.78979,of
12443,0.42339499999999997,0.18404,0.66275,of
12444,0.5141249999999999,0.27005,0.7582,of
12445,0.546335,0.19201,0.90066,of
12446,0.5496,0.30651,0.79269,of
12447,0.57734,0.34145,0.81323,of
12448,0.375665,0.12106,0.63027,of
12449,0.364825,0.14202,0.58763,of
12450,0.5294,0.28575,0.77305,of
12451,0.47046000000000004,0.20247,0.73845,of
12452,0.246075,0.0643,0.42785,of
12453,0.408945,0.13114,0.68675,of
12454,0.515755,0.29168,0.73983,of
12455,0.343685,0.10002,0.58735,of
12456,0.5003150000000001,0.24546,0.75517,of
12457,0.5121,0.25876,0.76544,of
12458,0.46601499999999996,0.17375,0.75828,of
12459,0.5136700000000001,0.22212,0.80522,of
12460,0.53192,0.28569,0.77815,of
12461,0.513625,0.22522,0.80203,of
12462,0.54716,0.28755,0.80677,of
12463,0.48112499999999997,0.23051,0.73174,of
12464,0.4115,0.17455,0.64845,of
12465,0.45847,0.22155,0.69539,of
12466,0.679135,0.46737,0.8909,of
12467,0.525215,0.24045,0.80998,of
12468,0.40448500000000004,0.15751,0.65146,of
12469,0.570485,0.32992,0.81105,of
12470,0.489765,0.23445,0.74508,of
12471,0.47416499999999995,0.24994,0.69839,of
12472,0.4033,0.14764,0.65896,of
12473,0.438625,0.17658,0.70067,of
12474,0.439695,0.16922,0.71017,of
12475,0.352725,0.13676,0.56869,of
12476,0.392395,0.15489,0.6299,of
12477,0.47922,0.19428,0.76416,of
12478,0.4815,0.22797,0.73503,of
12479,0.53707,0.26409,0.81005,of
12480,0.54906,0.31434,0.78378,of
12481,0.4365,0.15459,0.71841,of
12482,0.468865,0.21902,0.71871,of
12483,0.41208999999999996,0.18788,0.6363,of
12484,0.48016499999999995,0.25531,0.70502,of
12485,0.532965,0.31461,0.75132,of
12486,0.58784,0.33278,0.8429,of
12487,0.51576,0.22091,0.81061,of
12488,0.41463,0.14829,0.68097,of
12489,0.47002,0.22728,0.71276,of
12490,0.502465,0.26843,0.7365,of
12491,0.38394,0.1177,0.65018,of
12492,0.542515,0.29216,0.79287,of
12493,0.593295,0.31761,0.86898,of
12494,0.49948,0.22248,0.77648,of
14040,0.5060899999999999,0.22968,0.7825,of
14041,0.369325,0.10347,0.63518,of
14042,0.493495,0.22163,0.76536,of
14043,0.5549,0.31615,0.79365,of
14044,0.360145,0.12179,0.5985,of
14045,0.36326,0.12339,0.60313,of
14046,0.40687,0.12324,0.6905,of
14047,0.500615,0.25017,0.75106,of
14048,0.491865,0.25856,0.72517,of
14049,0.387905,0.12305,0.65276,of
14050,0.44023999999999996,0.19251,0.68797,of
14051,0.46557,0.20729,0.72385,of
14052,0.5994700000000001,0.31519,0.88375,of
14053,0.48851,0.18254,0.79448,of
14054,0.44310499999999997,0.20868,0.67753,of
14055,0.495155,0.17425,0.81606,of
14056,0.58516,0.34059,0.82973,of
14057,0.408485,0.1767,0.64027,of
14058,0.51166,0.24375,0.77957,of
14059,0.54989,0.27992,0.81986,of
14060,0.57009,0.33721,0.80297,of
14061,0.554885,0.25567,0.8541,of
14062,0.461735,0.2241,0.69937,of
14063,0.34163499999999997,0.09561,0.58766,of
14064,0.5600799999999999,0.27557,0.84459,of
14065,0.45084,0.15405,0.74763,of
14066,0.47987,0.19916,0.76058,of
14067,0.5382,0.28155,0.79485,of
14068,0.46772,0.21955,0.71589,of
14069,0.51475,0.29087,0.73863,of
14070,0.54932,0.26865,0.82999,of
14071,0.38946499999999995,0.14116,0.63777,of
14072,0.564365,0.27041,0.85832,of
14073,0.44627,0.19024,0.7023,of
14074,0.58236,0.30379,0.86093,of
14075,0.44326,0.22185,0.66467,of
14076,0.402105,0.1611,0.64311,of
14077,0.396885,0.16266,0.63111,of
14078,0.34506,0.09498,0.59514,of
14079,0.45284500000000005,0.21615,0.68954,of
14080,0.57485,0.32412,0.82558,of
14081,0.49222,0.26837,0.71607,of
14082,0.45898500000000003,0.22833,0.68964,of
14083,0.40385499999999996,0.12657,0.68114,of
14084,0.46797,0.22317,0.71277,of
14085,0.5395099999999999,0.28045,0.79857,of
14086,0.482655,0.14449,0.82082,of
14087,0.643775,0.37561,0.91194,of
14088,0.446565,0.18564,0.70749,of
14089,0.4723,0.23339,0.71121,of
14090,0.38390499999999994,0.13204,0.63577,of
14091,0.42824999999999996,0.18775,0.66875,of
14092,0.46230499999999997,0.23205,0.69256,of
14093,0.564925,0.26467,0.86518,of
14094,0.523155,0.26257,0.78374,of
14095,0.41803,0.16789,0.66817,of
14096,0.395755,0.14112,0.65039,of
14097,0.36898000000000003,0.10204,0.63592,of
14098,0.409175,0.13066,0.68769,of
14099,0.545955,0.25656,0.83535,of
14100,0.48275,0.21029,0.75521,of
14101,0.46233,0.20682,0.71784,of
14102,0.393705,0.07276,0.71465,of
14103,0.55338,0.2653,0.84146,of
14104,0.54233,0.29058,0.79408,of
14105,0.424255,0.18515,0.66336,of
14106,0.44077999999999995,0.12638,0.75518,of
14107,0.52204,0.24775,0.79633,of
14108,0.531605,0.28569,0.77752,of
14109,0.522,0.26088,0.78312,of
14110,0.544465,0.21446,0.87447,of
14111,0.5045550000000001,0.19789,0.81122,of
14112,0.5226999999999999,0.2512,0.7942,of
14113,0.44627,0.21272,0.67982,of
14114,0.40035499999999996,0.15084,0.64987,of
14115,0.51095,0.22465,0.79725,of
14116,0.49003,0.24804,0.73202,of
14117,0.41072,0.14521,0.67623,of
14118,0.47375,0.23326,0.71424,of
14119,0.408215,0.16769,0.64874,of
14120,0.47323,0.22466,0.7218,of
14121,0.37360499999999996,0.11584,0.63137,of
14122,0.455635,0.19576,0.71551,of
14123,0.461235,0.19603,0.72644,of
14124,0.43649000000000004,0.15709,0.71589,of
14125,0.43035,0.17479,0.68591,of
14126,0.48424,0.22928,0.7392,of
14127,0.564985,0.29229,0.83768,of
14128,0.40302000000000004,0.13887,0.66717,of
14129,0.49706,0.2483,0.74582,of
14130,0.496105,0.24039,0.75182,of
14131,0.44238500000000003,0.20471,0.68006,of
14132,0.55171,0.29065,0.81277,of
14133,0.49158,0.24607,0.73709,of
14134,0.36347999999999997,0.09363,0.63333,of
14135,0.507035,0.21338,0.80069,of
14136,0.414675,0.14387,0.68548,of
14137,0.558785,0.29023,0.82734,of
14138,0.541285,0.25247,0.8301,of
14139,0.48017,0.22891,0.73143,of
14140,0.39656499999999995,0.1306,0.66253,of
14141,0.48856,0.22443,0.75269,of
14142,0.466055,0.21435,0.71776,of
14143,0.56633,0.30658,0.82608,of
14144,0.47128499999999995,0.14926,0.79331,of
14145,0.40652499999999997,0.15799,0.65506,of
14146,0.49279500000000004,0.2406,0.74499,of
14147,0.49927,0.27315,0.72539,of
14148,0.315825,0.08237,0.54928,of
14149,0.5029250000000001,0.25991,0.74594,of
14150,0.3875,0.15135,0.62365,of
14151,0.53006,0.22007,0.84005,of
14152,0.53421,0.29349,0.77493,of
14153,0.410555,0.17338,0.64773,of
14154,0.43018,0.13261,0.72775,of
14155,0.46688,0.22612,0.70764,of
14156,0.42689999999999995,0.18044,0.67336,of
14157,0.58765,0.35238,0.82292,of
14158,0.49014,0.25051,0.72977,of
14159,0.50955,0.25644,0.76266,of
14160,0.570395,0.32879,0.812,of
14161,0.37314,0.12938,0.6169,of
14162,0.47001,0.20038,0.73964,of
14163,0.42517,0.18489,0.66545,of
14164,0.452585,0.22326,0.68191,of
14165,0.542565,0.26893,0.8162,of
14166,0.542685,0.28604,0.79933,of
14167,0.432565,0.15679,0.70834,of
14168,0.460465,0.14665,0.77428,of
14169,0.53452,0.29277,0.77627,of
14170,0.39715999999999996,0.16143,0.63289,of
14171,0.468125,0.17767,0.75858,of
14172,0.36323500000000003,0.12151,0.60496,of
14173,0.43734500000000004,0.18659,0.6881,of
14174,0.490925,0.23875,0.7431,of
14175,0.47044,0.23107,0.70981,of
14176,0.412125,0.14586,0.67839,of
14177,0.591895,0.28507,0.89872,of
14178,0.509485,0.26951,0.74946,of
14179,0.39657,0.15084,0.6423,of
14180,0.567995,0.28847,0.84752,of
14181,0.524965,0.27033,0.7796,of
14182,0.51672,0.26128,0.77216,of
14183,0.51003,0.27568,0.74438,of
14184,0.44172,0.17923,0.70421,of
14185,0.47592,0.22394,0.7279,of
14186,0.497,0.22256,0.77144,of
14187,0.418825,0.15551,0.68214,of
14188,0.421975,0.14743,0.69652,of
14189,0.47779499999999997,0.25342,0.70217,of
14190,0.422995,0.18092,0.66507,of
14191,0.33822,0.09052,0.58592,of
14192,0.45828499999999994,0.18039,0.73618,of
14193,0.40124000000000004,0.07674,0.72574,of
14194,0.5675749999999999,0.29084,0.84431,of
14195,0.481935,0.25061,0.71326,of
14196,0.408945,0.1275,0.69039,of
14197,0.51558,0.21855,0.81261,of
14198,0.475275,0.22705,0.7235,of
14199,0.597535,0.3627,0.83237,of
14200,0.48206499999999997,0.18965,0.77448,of
14201,0.442235,0.14481,0.73966,of
14202,0.46418000000000004,0.19671,0.73165,of
14203,0.479545,0.1793,0.77979,of
14204,0.5475399999999999,0.26557,0.82951,of
14205,0.41298999999999997,0.17955,0.64643,of
14206,0.36947,0.14098,0.59796,of
14207,0.586925,0.35725,0.8166,of
14208,0.384475,0.14982,0.61913,of
14209,0.47084,0.23776,0.70392,of
14210,0.47625,0.24225,0.71025,of
14211,0.464755,0.22607,0.70344,of
14212,0.507085,0.20708,0.80709,of
14213,0.44682,0.18395,0.70969,of
14214,0.438905,0.21119,0.66662,of
14215,0.5340699999999999,0.23192,0.83622,of
14216,0.608765,0.37241,0.84512,of
14217,0.318575,0.08699,0.55016,of
14218,0.37904499999999997,0.11967,0.63842,of
14219,0.548805,0.30821,0.7894,of
14220,0.54412,0.31554,0.7727,of
14221,0.5297050000000001,0.277,0.78241,of
14222,0.55872,0.23103,0.88641,of
14223,0.43754000000000004,0.19488,0.6802,of
14224,0.44659000000000004,0.20369,0.68949,of
14225,0.454465,0.21073,0.6982,of
14226,0.5748249999999999,0.33836,0.81129,of
14227,0.402535,0.13457,0.6705,of
14228,0.47979,0.16574,0.79384,of
14229,0.38858,0.11854,0.65862,of
14230,0.33971999999999997,0.11061,0.56883,of
14231,0.501435,0.18419,0.81868,of
14232,0.501915,0.20885,0.79498,of
14233,0.5212600000000001,0.25788,0.78464,of
14234,0.442995,0.14348,0.74251,of
14235,0.366305,0.095,0.63761,of
14236,0.43984999999999996,0.18383,0.69587,of
14237,0.54064,0.28858,0.7927,of
14238,0.51005,0.2719,0.7482,of
14239,0.342325,0.10341,0.58124,of
14240,0.52759,0.25008,0.8051,of
14241,0.473615,0.18342,0.76381,of
14242,0.42645500000000003,0.1325,0.72041,of
14243,0.49685999999999997,0.18622,0.8075,of
14244,0.557925,0.31423,0.80162,of
14245,0.46038,0.22266,0.6981,of
14246,0.37803000000000003,0.1248,0.63126,of
14247,0.5959599999999999,0.37187,0.82005,of
14248,0.48965,0.23868,0.74062,of
14249,0.472275,0.25051,0.69404,of
14250,0.489015,0.25828,0.71975,of
14251,0.38284,0.13468,0.631,of
14252,0.586995,0.33764,0.83635,of
14253,0.457535,0.21728,0.69779,of
14254,0.5433250000000001,0.22646,0.86019,of
14255,0.350535,0.12401,0.57706,of
14256,0.48217000000000004,0.2194,0.74494,of
14257,0.460305,0.12412,0.79649,of
14258,0.36554000000000003,0.11404,0.61704,of
14259,0.50688,0.26325,0.75051,of
14260,0.50661,0.26367,0.74955,of
14261,0.434405,0.16167,0.70714,of
14262,0.51617,0.22432,0.80802,of
14263,0.65089,0.40872,0.89306,of
14264,0.43301,0.17009,0.69593,of
14265,0.45013000000000003,0.21052,0.68974,of
14266,0.46053,0.13501,0.78605,of
14267,0.491935,0.2141,0.76977,of
14268,0.465935,0.14645,0.78542,of
14269,0.42919999999999997,0.18804,0.67036,of
14270,0.5592,0.28864,0.82976,of
14271,0.42296500000000004,0.17029,0.67564,of
14272,0.434215,0.07086,0.79757,of
14273,0.416985,0.15856,0.67541,of
14274,0.400475,0.137,0.66395,of
14275,0.499635,0.16169,0.83758,of
14276,0.44371000000000005,0.17368,0.71374,of
14277,0.5846100000000001,0.3126,0.85662,of
14278,0.475445,0.23373,0.71716,of
14279,0.517815,0.28203,0.7536,of
14280,0.495185,0.24181,0.74856,of
14281,0.475875,0.17674,0.77501,of
14282,0.40529,0.16308,0.6475,of
14283,0.39292,0.13466,0.65118,of
14284,0.55253,0.28378,0.82128,of
14285,0.56754,0.18776,0.94732,of
14286,0.47131999999999996,0.23057,0.71207,of
14287,0.508765,0.2778,0.73973,of
14288,0.453365,0.11039,0.79634,of
14289,0.42503,0.19509,0.65497,of
14290,0.5910150000000001,0.29277,0.88926,of
14291,0.42729999999999996,0.18807,0.66653,of
14292,0.41061,0.05431,0.76691,of
14293,0.44603000000000004,0.21884,0.67322,of
14294,0.49566,0.23193,0.75939,of
14295,0.423975,0.16499,0.68296,of
14296,0.37171,0.15271,0.59071,of
14297,0.644425,0.4359,0.85295,of
14298,0.496625,0.25922,0.73403,of
14299,0.5583450000000001,0.31125,0.80544,of
14300,0.5392,0.30773,0.77067,of
14301,0.42501,0.16239,0.68763,of
14302,0.60993,0.37288,0.84698,of
14303,0.453885,0.18874,0.71903,of
14304,0.43723,0.15384,0.72062,of
14305,0.447605,0.1552,0.74001,of
14306,0.584705,0.34789,0.82152,of
14307,0.48417499999999997,0.23627,0.73208,of
14308,0.555015,0.32337,0.78666,of
14309,0.368525,0.11647,0.62058,of
14310,0.511285,0.26299,0.75958,of
14311,0.43257,0.19906,0.66608,of
14312,0.481065,0.22624,0.73589,of
14313,0.5174000000000001,0.28837,0.74643,of
14314,0.29039,0.1016,0.47918,of
14315,0.445355,0.1957,0.69501,of
14316,0.49223,0.19686,0.7876,of
14317,0.57066,0.28391,0.85741,of
14318,0.46029,0.21559,0.70499,of
14319,0.423365,0.1522,0.69453,of
14320,0.497855,0.1933,0.80241,of
14321,0.42554499999999995,0.17495,0.67614,of
14322,0.49126000000000003,0.18912,0.7934,of
14323,0.454385,0.18397,0.7248,of
14324,0.42213999999999996,0.18488,0.6594,of
14325,0.407115,0.11653,0.6977,of
14326,0.396295,0.11202,0.68057,of
14327,0.61339,0.37773,0.84905,of
14328,0.45741,0.21326,0.70156,of
14329,0.44172,0.20516,0.67828,of
14330,0.48547,0.23605,0.73489,of
14331,0.36872,0.14972,0.58772,of
14332,0.6214,0.40515,0.83765,of
14333,0.46055999999999997,0.24176,0.67936,of
14334,0.517335,0.26536,0.76931,of
14335,0.528895,0.23533,0.82246,of
14336,0.5139400000000001,0.24581,0.78207,of
14337,0.505395,0.24756,0.76323,of
14338,0.407755,0.13108,0.68443,of
14339,0.500785,0.23576,0.76581,of
14340,0.235955,0.07414,0.39777,of
14341,0.555885,0.26672,0.84505,of
14342,0.432515,0.18431,0.68072,of
14343,0.46141000000000004,0.21162,0.7112,of
14344,0.551145,0.30103,0.80126,of
14345,0.384255,0.0947,0.67381,of
14346,0.407275,0.15586,0.65869,of
14347,0.592885,0.36169,0.82408,of
14348,0.560235,0.29615,0.82432,of
14349,0.45801,0.23032,0.6857,of
14350,0.32665,0.09749,0.55581,of
14351,0.62064,0.41883,0.82245,of
14352,0.451195,0.19042,0.71197,of
14353,0.540555,0.31123,0.76988,of
14354,0.47540000000000004,0.23901,0.71179,of
14355,0.41878499999999996,0.1646,0.67297,of
14356,0.45565,0.19878,0.71252,of
14357,0.605205,0.35876,0.85165,of
14358,0.5266850000000001,0.28586,0.76751,of
14359,0.51844,0.21224,0.82464,of
14360,0.40931,0.17015,0.64847,of
14361,0.450705,0.20182,0.69959,of
14362,0.53162,0.27255,0.79069,of
14363,0.41464,0.19792,0.63136,of
14364,0.4194,0.18394,0.65486,of
14365,0.51814,0.26804,0.76824,of
14366,0.479565,0.23948,0.71965,of
14367,0.6396850000000001,0.39806,0.88131,of
14368,0.557975,0.25971,0.85624,of
14369,0.494545,0.21963,0.76946,of
14370,0.5441400000000001,0.29825,0.79003,of
14371,0.39976999999999996,0.1608,0.63874,of
14372,0.36928,0.14117,0.59739,of
14373,0.606125,0.38717,0.82508,of
14374,0.42989999999999995,0.19066,0.66914,of
14375,0.38037,0.14764,0.6131,of
14376,0.532685,0.28719,0.77818,of
14377,0.397695,0.15851,0.63688,of
14378,0.37968999999999997,0.10466,0.65472,of
14379,0.50178,0.25748,0.74608,of
14380,0.406485,0.15598,0.65699,of
14381,0.34292,0.09056,0.59528,of
14382,0.592905,0.30841,0.8774,of
14383,0.4845,0.19995,0.76905,of
14384,0.47141,0.24631,0.69651,of
14385,0.50742,0.2712,0.74364,of
14386,0.48080999999999996,0.22037,0.74125,of
14387,0.512885,0.27726,0.74851,of
14388,0.468815,0.21747,0.72016,of
14389,0.49107,0.24885,0.73329,of
14390,0.45894999999999997,0.20541,0.71249,of
14391,0.34053500000000003,0.10206,0.57901,of
14392,0.42179500000000003,0.18739,0.6562,of
14393,0.5884199999999999,0.32781,0.84903,of
14394,0.450685,0.22192,0.67945,of
14395,0.49123,0.2529,0.72956,of
14396,0.52102,0.28141,0.76063,of
14397,0.492985,0.18821,0.79776,of
14398,0.43226,0.13893,0.72559,of
14399,0.41641,0.16865,0.66417,of
14400,0.380365,0.12344,0.63729,of
14401,0.455515,0.22967,0.68136,of
14402,0.41924999999999996,0.1757,0.6628,of
14403,0.419565,0.14342,0.69571,of
14404,0.49531,0.21822,0.7724,of
14405,0.45588,0.20085,0.71091,of
14406,0.516175,0.22292,0.80943,of
14407,0.48992500000000005,0.2262,0.75365,of
14408,0.444505,0.19726,0.69175,of
14409,0.4709,0.23724,0.70456,of
14410,0.53235,0.28618,0.77852,of
14411,0.46569,0.22171,0.70967,of
14412,0.57785,0.34703,0.80867,of
14413,0.36900999999999995,0.12506,0.61296,of
14414,0.614895,0.36515,0.86464,of
14415,0.526545,0.28817,0.76492,of
14416,0.3449,0.02604,0.66376,of
14417,0.45904999999999996,0.17136,0.74674,of
14418,0.337965,0.08767,0.58826,of
14419,0.45519,0.19102,0.71936,of
22342,0.46655,0.21213,0.72097,of
22343,0.392435,0.14115,0.64372,of
22344,0.53234,0.28545,0.77923,of
22345,0.518115,0.28892,0.74731,of
22346,0.491505,0.15366,0.82935,of
22347,0.5140100000000001,0.27808,0.74994,of
22348,0.25693,0.06151,0.45235,of
22349,0.45076499999999997,0.18763,0.7139,of
22350,0.45539999999999997,0.21771,0.69309,of
22351,0.520525,0.26377,0.77728,of
22352,0.430585,0.17748,0.68369,of
22353,0.5068,0.27192,0.74168,of
22354,0.48064999999999997,0.19548,0.76582,of
22355,0.525175,0.2703,0.78005,of
22356,0.5433250000000001,0.29776,0.78889,of
22357,0.468595,0.20484,0.73235,of
22358,0.4173,0.12781,0.70679,of
22359,0.39080000000000004,0.13707,0.64453,of
22360,0.50715,0.27941,0.73489,of
22361,0.583925,0.36156,0.80629,of
22362,0.514665,0.22801,0.80132,of
22363,0.55952,0.31363,0.80541,of
22364,0.476805,0.18919,0.76442,of
22365,0.419085,0.17198,0.66619,of
22366,0.468205,0.22656,0.70985,of
22367,0.527965,0.27345,0.78248,of
22368,0.39074000000000003,0.1438,0.63768,of
22369,0.56099,0.32058,0.8014,of
22370,0.506835,0.26295,0.75072,of
22371,0.43519,0.19365,0.67673,of
22372,0.523915,0.25533,0.7925,of
22373,0.439525,0.19994,0.67911,of
22374,0.53957,0.29221,0.78693,of
22375,0.35314,0.13865,0.56763,of
22376,0.402055,0.18191,0.6222,of
22377,0.48586,0.23485,0.73687,of
22378,0.47850499999999996,0.20315,0.75386,of
22379,0.334605,0.06012,0.60909,of
22380,0.53053,0.26905,0.79201,of
22381,0.626185,0.40996,0.84241,of
22382,0.46354999999999996,0.20095,0.72615,of
22383,0.52961,0.28468,0.77454,of
22384,0.471005,0.22918,0.71283,of
22385,0.36951,0.11993,0.61909,of
22386,0.52988,0.28255,0.77721,of
22387,0.498885,0.25758,0.74019,of
22388,0.47443,0.15485,0.79401,of
22389,0.629535,0.37656,0.88251,of
22390,0.454805,0.14344,0.76617,of
22391,0.44811,0.22619,0.67003,of
22392,0.513305,0.25126,0.77535,of
22393,0.514755,0.27701,0.7525,of
22394,0.556165,0.30118,0.81115,of
22395,0.532615,0.26807,0.79716,of
22396,0.47613,0.22262,0.72964,of
22397,0.49137,0.20131,0.78143,of
22398,0.356105,0.13409,0.57812,of
22399,0.32221999999999995,0.06678,0.57766,of
22400,0.54017,0.26257,0.81777,of
22401,0.38793999999999995,0.17019,0.60569,of
22402,0.538395,0.27233,0.80446,of
22403,0.396585,0.14907,0.6441,of
22404,0.60563,0.3512,0.86006,of
22405,0.46638,0.21554,0.71722,of
22406,0.24734499999999998,0.07158,0.42311,of
22407,0.593655,0.36202,0.82529,of
22408,0.38941,0.14457,0.63425,of
22409,0.47901499999999997,0.18146,0.77657,of
22410,0.525725,0.26212,0.78933,of
22411,0.55868,0.29585,0.82151,of
22412,0.458515,0.15532,0.76171,of
22413,0.45355,0.22686,0.68024,of
22414,0.41661,0.10695,0.72627,of
22415,0.48928499999999997,0.24752,0.73105,of
22416,0.406535,0.15641,0.65666,of
22417,0.5260050000000001,0.17345,0.87856,of
22418,0.476595,0.22174,0.73145,of
22419,0.53201,0.25476,0.80926,of
22420,0.54972,0.2965,0.80294,of
22421,0.43814,0.17406,0.70222,of
22422,0.556215,0.2987,0.81373,of
22423,0.41657,0.13741,0.69573,of
22424,0.33244999999999997,0.11386,0.55104,of
22425,0.47842,0.22565,0.73119,of
22426,0.44667,0.17659,0.71675,of
22427,0.43238,0.19932,0.66544,of
22428,0.550945,0.24728,0.85461,of
22429,0.40820999999999996,0.14679,0.66963,of
22430,0.53085,0.25209,0.80961,of
22431,0.554825,0.29929,0.81036,of
22432,0.5483199999999999,0.25937,0.83727,of
22433,0.397945,0.17748,0.61841,of
22434,0.47704500000000005,0.23325,0.72084,of
22435,0.50704,0.26511,0.74897,of
22436,0.38160499999999997,0.13259,0.63062,of
22437,0.548785,0.27363,0.82394,of
22438,0.5725250000000001,0.33361,0.81144,of
22439,0.5003850000000001,0.23746,0.76331,of
22440,0.47024499999999997,0.15216,0.78833,of
22441,0.52082,0.26524,0.7764,of
22442,0.458855,0.21848,0.69923,of
22443,0.446565,0.21417,0.67896,of
22444,0.352975,0.11932,0.58663,of
22445,0.428435,0.1388,0.71807,of
22446,0.39590000000000003,0.11872,0.67308,of
22447,0.43035999999999996,0.18812,0.6726,of
22448,0.43323999999999996,0.14353,0.72295,of
22449,0.47580500000000003,0.17219,0.77942,of
22450,0.5291049999999999,0.25115,0.80706,of
22451,0.506685,0.27549,0.73788,of
22452,0.38405500000000004,0.14619,0.62192,of
22453,0.53605,0.26488,0.80722,of
22454,0.511535,0.20474,0.81833,of
22455,0.48835,0.19382,0.78288,of
22456,0.47295499999999996,0.15394,0.79197,of
22457,0.526195,0.24114,0.81125,of
22458,0.533925,0.28191,0.78594,of
22459,0.624235,0.36658,0.88189,of
22460,0.42050000000000004,0.1519,0.6891,of
22461,0.39882,0.17552,0.62212,of
22462,0.40273000000000003,0.15661,0.64885,of
22463,0.499795,0.17757,0.82202,of
22464,0.43047,0.14111,0.71983,of
22465,0.37359,0.12384,0.62334,of
22466,0.5651299999999999,0.31387,0.81639,of
22467,0.411435,0.11514,0.70773,of
22468,0.45753,0.18353,0.73153,of
22469,0.5289349999999999,0.27086,0.78701,of
22470,0.554645,0.30102,0.80827,of
22471,0.49441999999999997,0.25616,0.73268,of
22472,0.570165,0.3231,0.81723,of
22473,0.47259,0.20228,0.7429,of
22474,0.5087349999999999,0.23143,0.78604,of
22475,0.37650999999999996,0.14789,0.60513,of
22476,0.375075,0.13424,0.61591,of
22477,0.54166,0.28966,0.79366,of
22478,0.54616,0.32592,0.7664,of
22479,0.399245,0.16254,0.63595,of
22480,0.5049,0.21339,0.79641,of
22481,0.40635,0.12179,0.69091,of
22482,0.39893,0.15967,0.63819,of
22483,0.45635499999999996,0.208,0.70471,of
22484,0.39747,0.15677,0.63817,of
22485,0.66006,0.41931,0.90081,of
22486,0.541745,0.28924,0.79425,of
22487,0.52003,0.2678,0.77226,of
22488,0.435555,0.16222,0.70889,of
22489,0.53575,0.25776,0.81374,of
22490,0.37496,0.12341,0.62651,of
22491,0.54726,0.2736,0.82092,of
22492,0.48807,0.22752,0.74862,of
22493,0.447355,0.16694,0.72777,of
22494,0.36680999999999997,0.12108,0.61254,of
22495,0.513925,0.2583,0.76955,of
22496,0.582695,0.31293,0.85246,of
22497,0.35598,0.08943,0.62253,of
22498,0.38831499999999997,0.14611,0.63052,of
22499,0.443135,0.16348,0.72279,of
22500,0.5799799999999999,0.28213,0.87783,of
22501,0.384865,0.16568,0.60405,of
22502,0.42286,0.1716,0.67412,of
22503,0.42323,0.14523,0.70123,of
22504,0.328245,0.10729,0.5492,of
22505,0.57804,0.31675,0.83933,of
22506,0.48329,0.19972,0.76686,of
22507,0.49607,0.2286,0.76354,of
22508,0.454135,0.20724,0.70103,of
22509,0.42065,0.14488,0.69642,of
22510,0.410825,0.16608,0.65557,of
22511,0.58474,0.34014,0.82934,of
22512,0.5252049999999999,0.25442,0.79599,of
22513,0.43571499999999996,0.16487,0.70656,of
22514,0.47499,0.2184,0.73158,of
22515,0.5799650000000001,0.34085,0.81908,of
22516,0.494575,0.20122,0.78793,of
22517,0.5747150000000001,0.31552,0.83391,of
22518,0.42028499999999996,0.12186,0.71871,of
22519,0.47837999999999997,0.23939,0.71737,of
22520,0.5561849999999999,0.28357,0.8288,of
22521,0.41274,0.16544,0.66004,of
22522,0.436045,0.20084,0.67125,of
22523,0.5063249999999999,0.2299,0.78275,of
22524,0.345665,0.1138,0.57753,of
22525,0.388295,0.14115,0.63544,of
22526,0.436915,0.19052,0.68331,of
22527,0.460955,0.17269,0.74922,of
22528,0.513045,0.25869,0.7674,of
22529,0.48182,0.22235,0.74129,of
22530,0.466675,0.16713,0.76622,of
22531,0.5965050000000001,0.34129,0.85172,of
22532,0.42402,0.1723,0.67574,of
22533,0.6097600000000001,0.38776,0.83176,of
22534,0.36371,0.10991,0.61751,of
22535,0.35086999999999996,0.12362,0.57812,of
22536,0.52196,0.23863,0.80529,of
22537,0.56498,0.3362,0.79376,of
22538,0.394505,0.11647,0.67254,of
22539,0.62155,0.38576,0.85734,of
22540,0.448105,0.21414,0.68207,of
22541,0.5090399999999999,0.23763,0.78045,of
22542,0.48934,0.17885,0.79983,of
22543,0.530375,0.23938,0.82137,of
22544,0.40241,0.13012,0.6747,of
22545,0.39883500000000005,0.15419,0.64348,of
22546,0.469635,0.20386,0.73541,of
22547,0.600515,0.39181,0.80922,of
22548,0.41373499999999996,0.14175,0.68572,of
22549,0.56997,0.33037,0.80957,of
22550,0.43837,0.14883,0.72791,of
22551,0.452035,0.19604,0.70803,of
22552,0.39559500000000003,0.16317,0.62802,of
22553,0.453875,0.1917,0.71605,of
22554,0.432205,0.19426,0.67015,of
22555,0.31739,0.11264,0.52214,of
22556,0.586375,0.35646,0.81629,of
22557,0.47827000000000003,0.1874,0.76914,of
22558,0.50043,0.2719,0.72896,of
22559,0.524,0.24014,0.80786,of
22560,0.39131,0.10297,0.67965,of
22561,0.474855,0.24868,0.70103,of
22562,0.46829499999999996,0.20617,0.73042,of
22563,0.553615,0.3254,0.78183,of
22564,0.45633,0.21072,0.70194,of
22565,0.35515,0.14159,0.56871,of
22566,0.477165,0.18457,0.76976,of
22567,0.546665,0.30518,0.78815,of
22568,0.421415,0.13691,0.70592,of
22569,0.58212,0.34846,0.81578,of
22570,0.404945,0.15417,0.65572,of
22571,0.5226,0.2685,0.7767,of
22572,0.527665,0.26406,0.79127,of
22573,0.460615,0.1369,0.78433,of
22574,0.3563,0.12973,0.58287,of
22575,0.42606999999999995,0.18329,0.66885,of
22576,0.5456449999999999,0.28654,0.80475,of
22577,0.509015,0.22233,0.7957,of
22578,0.44367500000000004,0.20061,0.68674,of
22579,0.5698,0.32375,0.81585,of
22580,0.45229,0.21845,0.68613,of
22581,0.540175,0.23969,0.84066,of
22582,0.399405,0.16377,0.63504,of
22583,0.45737,0.17899,0.73575,of
22584,0.592475,0.34453,0.84042,of
22585,0.5861149999999999,0.30515,0.86708,of
22586,0.455455,0.21506,0.69585,of
22587,0.450645,0.17808,0.72321,of
22588,0.417115,0.17047,0.66376,of
22589,0.513095,0.26992,0.75627,of
22590,0.51263,0.23867,0.78659,of
22591,0.490135,0.24472,0.73555,of
22592,0.522935,0.25711,0.78876,of
22593,0.488655,0.20138,0.77593,of
22594,0.410035,0.17638,0.64369,of
22595,0.404725,0.12561,0.68384,of
22596,0.51366,0.20027,0.82705,of
22597,0.46941,0.1811,0.75772,of
22598,0.43256500000000003,0.16339,0.70174,of
22599,0.61727,0.38026,0.85428,of
22600,0.368715,0.11819,0.61924,of
22601,0.4899,0.24924,0.73056,of
22602,0.532855,0.31219,0.75352,of
22603,0.499045,0.24268,0.75541,of
22604,0.392065,0.14306,0.64107,of
22605,0.43943,0.14925,0.72961,of
22606,0.26057,0.0571,0.46404,of
22607,0.4859,0.24175,0.73005,of
22608,0.49672,0.21302,0.78042,of
22609,0.52413,0.27319,0.77507,of
22610,0.538655,0.27019,0.80712,of
22611,0.504305,0.21746,0.79115,of
22612,0.5038549999999999,0.23328,0.77443,of
22613,0.56637,0.26442,0.86832,of
22614,0.44885,0.20235,0.69535,of
22615,0.43261,0.18837,0.67685,of
22616,0.29633,0.10158,0.49108,of
22617,0.475955,0.22797,0.72394,of
22618,0.461885,0.22177,0.702,of
22619,0.47530500000000003,0.24248,0.70813,of
22620,0.44631,0.17904,0.71358,of
22621,0.56387,0.32173,0.80601,of
22622,0.432975,0.17774,0.68821,of
22623,0.43509000000000003,0.16998,0.7002,of
22624,0.302485,0.08868,0.51629,of
22625,0.54116,0.25094,0.83138,of
22626,0.607475,0.34073,0.87422,of
22627,0.39176500000000003,0.12984,0.65369,of
22628,0.419635,0.17391,0.66536,of
22629,0.482835,0.24801,0.71766,of
22630,0.654545,0.4288,0.88029,of
22631,0.43503000000000003,0.15129,0.71877,of
22632,0.45255,0.21577,0.68933,of
22633,0.35075500000000004,0.08296,0.61855,of
22634,0.653295,0.43351,0.87308,of
22635,0.47035499999999997,0.21625,0.72446,of
22636,0.37244,0.14446,0.60042,of
22637,0.518685,0.26265,0.77472,of
22638,0.356035,0.09439,0.61768,of
22639,0.486315,0.1726,0.80003,of
22640,0.471425,0.20011,0.74274,of
22641,0.581815,0.35137,0.81226,of
22642,0.39709500000000003,0.14405,0.65014,of
22643,0.305415,0.10097,0.50986,of
22644,0.463455,0.19936,0.72755,of
22645,0.398395,0.11536,0.68143,of
22646,0.496755,0.23582,0.75769,of
22647,0.54205,0.28783,0.79627,of
22648,0.471225,0.19855,0.7439,of
22649,0.458695,0.20996,0.70743,of
22650,0.6827449999999999,0.44996,0.91553,of
22651,0.388995,0.15476,0.62323,of
22652,0.43633,0.18905,0.68361,of
22653,0.4013,0.15985,0.64275,of
22654,0.429975,0.17653,0.68342,of
22655,0.38493,0.13771,0.63215,of
22656,0.44496,0.14272,0.7472,of
22657,0.5646100000000001,0.33092,0.7983,of
22658,0.440335,0.12239,0.75828,of
22659,0.42006,0.15997,0.68015,of
22660,0.56874,0.32566,0.81182,of
22661,0.5969800000000001,0.36063,0.83333,of
22662,0.42590500000000003,0.166,0.68581,of
22663,0.49361999999999995,0.19644,0.7908,of
22664,0.5094650000000001,0.25602,0.76291,of
22665,0.500255,0.27644,0.72407,of
22666,0.433485,0.17285,0.69412,of
22667,0.6102000000000001,0.32806,0.89234,of
22668,0.355685,0.10768,0.60369,of
22669,0.396675,0.14214,0.65121,of
22670,0.60341,0.37847,0.82835,of
22671,0.505735,0.23254,0.77893,of
22672,0.381895,0.13779,0.626,of
22673,0.443535,0.17903,0.70804,of
22674,0.33337500000000003,0.12604,0.54071,of
22675,0.518525,0.24934,0.78771,of
22676,0.610465,0.38736,0.83357,of
22677,0.376585,0.07428,0.67889,of
22678,0.40904,0.1847,0.63338,of
22679,0.42436999999999997,0.16616,0.68258,of
22680,0.6204149999999999,0.36272,0.87811,of
22681,0.52732,0.28471,0.76993,of
22682,0.40532500000000005,0.15346,0.65719,of
22683,0.337925,0.10419,0.57166,of
22684,0.35290999999999995,0.11911,0.58671,of
22685,0.57289,0.31124,0.83454,of
22686,0.5636099999999999,0.30015,0.82707,of
22687,0.34109,0.12465,0.55753,of
22688,0.44025499999999995,0.16975,0.71076,of
22689,0.558805,0.30449,0.81312,of
22690,0.54,0.28436,0.79564,of
22691,0.439265,0.1893,0.68923,of
22692,0.421725,0.17075,0.6727,of
22693,0.53718,0.27461,0.79975,of
22694,0.39014000000000004,0.14858,0.6317,of
22695,0.474305,0.22296,0.72565,of
22696,0.6536500000000001,0.42225,0.88505,of
22697,0.34806499999999996,0.09039,0.60574,of
22698,0.46723,0.17248,0.76198,of
22699,0.36345,0.13903,0.58787,of
22700,0.600965,0.33123,0.8707,of
22701,0.47928000000000004,0.20364,0.75492,of
22702,0.50825,0.2476,0.7689,of
22703,0.47638,0.19698,0.75578,of
22704,0.36042,0.12956,0.59128,of
22705,0.571345,0.32107,0.82162,of
22706,0.418825,0.18951,0.64814,of
22707,0.38293,0.14441,0.62145,of
22708,0.503355,0.19362,0.81309,of
22709,0.530395,0.25712,0.80367,of
22710,0.633165,0.37529,0.89104,of
22711,0.32294,0.11848,0.5274,of
22712,0.475945,0.17591,0.77598,of
22713,0.39583,0.15182,0.63984,of
22714,0.408675,0.12693,0.69042,of
22715,0.47909,0.2192,0.73898,of
22716,0.531765,0.26229,0.80124,of
22717,0.247875,0.05458,0.44117,of
22718,0.436515,0.16481,0.70822,of
22719,0.49877,0.19425,0.80329,of
22720,0.63648,0.40958,0.86338,of
22721,0.437755,0.22968,0.64583,of
38308,0.41272,0.18673,0.63871,of
38309,0.50997,0.23938,0.78056,of
38310,0.308155,0.08143,0.53488,of
38311,0.47336500000000004,0.18683,0.7599,of
38312,0.49934,0.25209,0.74659,of
38313,0.557665,0.29782,0.81751,of
38314,0.313745,0.09973,0.52776,of
38315,0.48065500000000005,0.23696,0.72435,of
38316,0.49329500000000004,0.24699,0.7396,of
38317,0.462415,0.18344,0.74139,of
38318,0.372425,0.13517,0.60968,of
38319,0.482225,0.24612,0.71833,of
38320,0.44267500000000004,0.16053,0.72482,of
38321,0.47404,0.18704,0.76104,of
38322,0.373385,0.12565,0.62112,of
38323,0.511115,0.25194,0.77029,of
38324,0.47596,0.23022,0.7217,of
38325,0.6463099999999999,0.41208,0.88054,of
38326,0.7564550000000001,0.58586,0.92705,of
38327,0.51414,0.25936,0.76892,of
38328,0.447925,0.21132,0.68453,of
38329,0.420235,0.17246,0.66801,of
38330,0.407415,0.17615,0.63868,of
38331,0.480375,0.21517,0.74558,of
38332,0.52605,0.27668,0.77542,of
38333,0.515655,0.25155,0.77976,of
38334,0.41207,0.16538,0.65876,of
38335,0.429005,0.17242,0.68559,of
38336,0.543055,0.2847,0.80141,of
38337,0.473885,0.20174,0.74603,of
38338,0.50048,0.25172,0.74924,of
38339,0.34602,0.11686,0.57518,of
38340,0.430675,0.18504,0.67631,of
38341,0.5054,0.16526,0.84554,of
38342,0.46040000000000003,0.20147,0.71933,of
38343,0.539935,0.25723,0.82264,of
38344,0.40682,0.13508,0.67856,of
38345,0.5605450000000001,0.30584,0.81525,of
38346,0.45996499999999996,0.19561,0.72432,of
38347,0.4555,0.21121,0.69979,of
38348,0.440555,0.18111,0.7,of
38349,0.552225,0.30937,0.79508,of
38350,0.45188,0.16731,0.73645,of
38351,0.462635,0.16985,0.75542,of
38352,0.529065,0.26983,0.7883,of
38353,0.43803000000000003,0.18293,0.69313,of
38354,0.44428,0.18882,0.69974,of
38355,0.45416999999999996,0.19105,0.71729,of
38356,0.35841,0.14781,0.56901,of
38357,0.49717500000000003,0.25729,0.73706,of
38358,0.462495,0.19733,0.72766,of
38359,0.453605,0.19899,0.70822,of
38360,0.5027200000000001,0.25203,0.75341,of
38361,0.39164,0.12813,0.65515,of
38362,0.4691,0.1853,0.7529,of
38363,0.41174999999999995,0.19271,0.63079,of
38364,0.56799,0.31797,0.81801,of
38365,0.5113800000000001,0.25435,0.76841,of
38366,0.5713900000000001,0.34083,0.80195,of
38367,0.47831999999999997,0.1679,0.78874,of
38368,0.443655,0.21143,0.67588,of
38369,0.490645,0.22206,0.75923,of
38370,0.40567,0.16541,0.64593,of
38371,0.415155,0.14389,0.68642,of
38372,0.533445,0.26592,0.80097,of
38373,0.42100499999999996,0.17348,0.66853,of
38374,0.492015,0.21613,0.7679,of
38375,0.37227,0.13634,0.6082,of
38376,0.388295,0.14161,0.63498,of
38377,0.532505,0.29342,0.77159,of
38378,0.43468999999999997,0.17482,0.69456,of
38379,0.53148,0.2802,0.78276,of
38380,0.421795,0.13293,0.71066,of
38381,0.41457,0.17114,0.658,of
38382,0.506165,0.25512,0.75721,of
38383,0.492995,0.25166,0.73433,of
38384,0.6253150000000001,0.38505,0.86558,of
38385,0.49417999999999995,0.1992,0.78916,of
38386,0.592865,0.32515,0.86058,of
38387,0.51273,0.2676,0.75786,of
38388,0.413115,0.17926,0.64697,of
38389,0.48211,0.22119,0.74303,of
38390,0.46045,0.20827,0.71263,of
38391,0.401235,0.12484,0.67763,of
38392,0.536525,0.26073,0.81232,of
38393,0.404255,0.16918,0.63933,of
38394,0.46491499999999997,0.22198,0.70785,of
38395,0.46260999999999997,0.1929,0.73232,of
38396,0.36344,0.13861,0.58827,of
38397,0.507005,0.21628,0.79773,of
38398,0.43701999999999996,0.18143,0.69261,of
38399,0.544205,0.26533,0.82308,of
38400,0.43588,0.17121,0.70055,of
38401,0.495415,0.19033,0.8005,of
38402,0.5388649999999999,0.23758,0.84015,of
38403,0.5867,0.34626,0.82714,of
38404,0.578145,0.33586,0.82043,of
38405,0.481805,0.213,0.75061,of
38406,0.587525,0.33052,0.84453,of
38407,0.49493,0.23215,0.75771,of
38408,0.41826,0.18386,0.65266,of
38409,0.33834000000000003,0.12131,0.55537,of
38410,0.40108499999999997,0.15369,0.64848,of
38411,0.48626500000000006,0.18285,0.78968,of
38412,0.519855,0.26094,0.77877,of
38413,0.42911,0.17445,0.68377,of
38414,0.511695,0.23074,0.79265,of
38415,0.467235,0.19169,0.74278,of
38416,0.45099500000000003,0.16112,0.74087,of
38417,0.37939,0.13636,0.62242,of
38418,0.461495,0.18675,0.73624,of
38419,0.421285,0.16847,0.6741,of
38420,0.44650999999999996,0.15697,0.73605,of
38421,0.342365,0.12681,0.55792,of
38422,0.489845,0.1938,0.78589,of
38423,0.48766,0.23431,0.74101,of
38424,0.51868,0.2581,0.77926,of
38425,0.37268,0.12733,0.61803,of
38426,0.45136499999999996,0.19002,0.71271,of
38427,0.46988,0.1944,0.74536,of
38428,0.40845,0.16653,0.65037,of
38429,0.44084,0.18419,0.69749,of
38430,0.54247,0.28729,0.79765,of
38431,0.527175,0.27171,0.78264,of
38432,0.49579999999999996,0.24674,0.74486,of
38433,0.60633,0.35805,0.85461,of
38434,0.564265,0.26002,0.86851,of
38435,0.416605,0.14667,0.68654,of
38436,0.432655,0.11906,0.74625,of
38437,0.47684499999999996,0.20978,0.74391,of
38438,0.42446,0.12013,0.72879,of
38439,0.44224,0.14444,0.74004,of
38440,0.49187000000000003,0.24126,0.74248,of
38441,0.42292,0.16844,0.6774,of
38442,0.490835,0.21428,0.76739,of
38443,0.5233249999999999,0.24963,0.79702,of
38444,0.505915,0.23143,0.7804,of
38445,0.53385,0.25748,0.81022,of
38446,0.43109,0.16326,0.69892,of
38447,0.31856,0.06409,0.57303,of
38448,0.48873500000000003,0.21698,0.76049,of
38449,0.47626500000000005,0.18488,0.76765,of
38450,0.447565,0.22206,0.67307,of
38451,0.451585,0.19531,0.70786,of
38452,0.559885,0.31775,0.80202,of
38453,0.45415,0.20752,0.70078,of
38454,0.49504000000000004,0.24021,0.74987,of
38455,0.4988,0.18571,0.81189,of
38456,0.54205,0.2889,0.7952,of
38457,0.59402,0.35847,0.82957,of
38458,0.5490900000000001,0.30406,0.79412,of
38459,0.35545,0.08609,0.62481,of
38460,0.52693,0.25852,0.79534,of
38461,0.39113,0.15365,0.62861,of
38462,0.45094500000000004,0.14433,0.75756,of
38463,0.541405,0.27903,0.80378,of
38464,0.42653,0.1188,0.73426,of
38465,0.57204,0.33387,0.81021,of
38466,0.46254,0.16857,0.75651,of
38467,0.504555,0.22895,0.78016,of
38468,0.4839,0.18703,0.78077,of
38469,0.46999,0.21014,0.72984,of
38470,0.45230000000000004,0.18261,0.72199,of
38471,0.49124,0.24643,0.73605,of
38472,0.431935,0.17916,0.68471,of
38473,0.54416,0.26592,0.8224,of
38474,0.437025,0.11961,0.75444,of
38475,0.562385,0.32516,0.79961,of
38476,0.467485,0.1798,0.75517,of
38477,0.520165,0.27021,0.77012,of
38478,0.46384,0.2432,0.68448,of
38479,0.439145,0.19746,0.68083,of
38480,0.283365,0.08768,0.47905,of
38481,0.48039,0.14093,0.81985,of
38482,0.41093,0.12849,0.69337,of
38483,0.48363,0.18776,0.7795,of
38484,0.505985,0.21238,0.79959,of
38485,0.40181500000000003,0.15314,0.65049,of
38486,0.51455,0.2272,0.8019,of
38487,0.439075,0.17825,0.6999,of
38488,0.43273500000000004,0.19747,0.668,of
38489,0.47879,0.24116,0.71642,of
38490,0.5665450000000001,0.29279,0.8403,of
38491,0.47685500000000003,0.20052,0.75319,of
38492,0.465395,0.13068,0.80011,of
38493,0.540775,0.29238,0.78917,of
38494,0.657625,0.45035,0.8649,of
38495,0.476825,0.14093,0.81272,of
38496,0.581095,0.33469,0.8275,of
38497,0.460555,0.14803,0.77308,of
38498,0.405065,0.18003,0.6301,of
38499,0.463925,0.18882,0.73903,of
38500,0.491585,0.16384,0.81933,of
38501,0.50873,0.25429,0.76317,of
38502,0.563255,0.30768,0.81883,of
38503,0.48414999999999997,0.23018,0.73812,of
38504,0.63191,0.40155,0.86227,of
38505,0.47876,0.22051,0.73701,of
38506,0.530385,0.25889,0.80188,of
38507,0.47421,0.19172,0.7567,of
38508,0.51329,0.25617,0.77041,of
38509,0.48199,0.20792,0.75606,of
38510,0.36499,0.10144,0.62854,of
38511,0.504725,0.2077,0.80175,of
38512,0.44406,0.17136,0.71676,of
38513,0.420095,0.15745,0.68274,of
38514,0.43710499999999997,0.17233,0.70188,of
38515,0.32267,0.09974,0.5456,of
38516,0.527335,0.27186,0.78281,of
38517,0.49038,0.19823,0.78253,of
38518,0.385985,0.13943,0.63254,of
38519,0.47218,0.19263,0.75173,of
38520,0.46143500000000004,0.2193,0.70357,of
38521,0.53734,0.25031,0.82437,of
38522,0.49406500000000003,0.20386,0.78427,of
38523,0.510465,0.25251,0.76842,of
38524,0.519755,0.17609,0.86342,of
38525,0.452295,0.17692,0.72767,of
38526,0.44498000000000004,0.17319,0.71677,of
38527,0.45526,0.20485,0.70567,of
38528,0.5430699999999999,0.26349,0.82265,of
38529,0.404485,0.15281,0.65616,of
38530,0.36754,0.13905,0.59603,of
38531,0.35441500000000004,0.10201,0.60682,of
38532,0.5809300000000001,0.35115,0.81071,of
38533,0.65018,0.4416,0.85876,of
38534,0.466525,0.2144,0.71865,of
38535,0.41849,0.12122,0.71576,of
38536,0.44327500000000003,0.152,0.73455,of
38537,0.467835,0.20298,0.73269,of
38538,0.5217,0.29301,0.75039,of
38539,0.38315499999999997,0.1465,0.61981,of
38540,0.5075649999999999,0.2287,0.78643,of
38541,0.409235,0.16749,0.65098,of
38542,0.57843,0.32149,0.83537,of
38543,0.509415,0.25149,0.76734,of
38544,0.48440500000000003,0.22411,0.7447,of
38545,0.373305,0.10589,0.64072,of
38546,0.439385,0.12433,0.75444,of
38547,0.593275,0.31408,0.87247,of
38548,0.498915,0.18658,0.81125,of
38549,0.52025,0.20859,0.83191,of
38550,0.482885,0.22386,0.74191,of
38551,0.49837,0.20759,0.78915,of
38552,0.472485,0.21451,0.73046,of
38553,0.43933500000000003,0.18308,0.69559,of
38554,0.369195,0.14835,0.59004,of
38555,0.49704499999999996,0.20661,0.78748,of
38556,0.606265,0.34237,0.87016,of
38557,0.416825,0.16608,0.66757,of
38558,0.46268,0.16355,0.76181,of
38559,0.467775,0.18187,0.75368,of
38560,0.33364,0.11783,0.54945,of
38561,0.42263999999999996,0.15594,0.68934,of
38562,0.574865,0.33222,0.81751,of
38563,0.5213800000000001,0.23693,0.80583,of
38564,0.44281000000000004,0.15544,0.73018,of
38565,0.556885,0.23006,0.88371,of
38566,0.39196000000000003,0.13192,0.652,of
38567,0.5651349999999999,0.31279,0.81748,of
38568,0.60171,0.28878,0.91464,of
38569,0.36127,0.12129,0.60125,of
38570,0.39408,0.11059,0.67757,of
38571,0.431735,0.14813,0.71534,of
38572,0.503695,0.22259,0.7848,of
38573,0.429355,0.18301,0.6757,of
38574,0.510855,0.20876,0.81295,of
38575,0.5234099999999999,0.29191,0.75491,of
38576,0.43350500000000003,0.18596,0.68105,of
38577,0.474195,0.21173,0.73666,of
38578,0.5927899999999999,0.35129,0.83429,of
38579,0.37453000000000003,0.12062,0.62844,of
38580,0.39294,0.11663,0.66925,of
38581,0.35319,0.11279,0.59359,of
38582,0.49548,0.1724,0.81856,of
38583,0.398745,0.15022,0.64727,of
38584,0.55552,0.29815,0.81289,of
38585,0.52121,0.26153,0.78089,of
38586,0.42507999999999996,0.14906,0.7011,of
38587,0.38911,0.12261,0.65561,of
38588,0.3725,0.11191,0.63309,of
38589,0.54862,0.28138,0.81586,of
38590,0.49927,0.22878,0.76976,of
38591,0.435715,0.18369,0.68774,of
38592,0.49921,0.19984,0.79858,of
38593,0.6518649999999999,0.40769,0.89604,of
38594,0.563025,0.29295,0.8331,of
38595,0.39613000000000004,0.13024,0.66202,of
38596,0.520645,0.25094,0.79035,of
38597,0.42958,0.1836,0.67556,of
38598,0.39878,0.16583,0.63173,of
38599,0.418395,0.16515,0.67164,of
38600,0.45282999999999995,0.20181,0.70385,of
38601,0.469185,0.18984,0.74853,of
38602,0.46308,0.20623,0.71993,of
38603,0.486275,0.17583,0.79672,of
38604,0.54071,0.27663,0.80479,of
38605,0.48667499999999997,0.2078,0.76555,of
38606,0.41229499999999997,0.13398,0.69061,of
38607,0.32859499999999997,0.07034,0.58685,of
38608,0.44270000000000004,0.17949,0.70591,of
38609,0.524705,0.27908,0.77033,of
38610,0.4357,0.15436,0.71704,of
38611,0.479765,0.2162,0.74333,of
38612,0.417385,0.18541,0.64936,of
38613,0.55751,0.28819,0.82683,of
38614,0.5932499999999999,0.33452,0.85198,of
38615,0.482325,0.23279,0.73186,of
38616,0.559635,0.28648,0.83279,of
38617,0.52141,0.2737,0.76912,of
38618,0.540115,0.28872,0.79151,of
38619,0.54955,0.26203,0.83707,of
38620,0.461505,0.17543,0.74758,of
38621,0.44687499999999997,0.1574,0.73635,of
38622,0.5241899999999999,0.23546,0.81292,of
38623,0.45086,0.16845,0.73327,of
38624,0.530945,0.26143,0.80046,of
38625,0.43518,0.17437,0.69599,of
38626,0.61734,0.3804,0.85428,of
38627,0.441365,0.187,0.69573,of
38628,0.456705,0.17963,0.73378,of
38629,0.49454,0.23173,0.75735,of
38630,0.454345,0.21211,0.69658,of
38631,0.38049,0.1148,0.64618,of
38632,0.587815,0.32804,0.84759,of
38633,0.43766,0.16018,0.71514,of
38634,0.340555,0.09175,0.58936,of
38635,0.552925,0.28862,0.81723,of
38636,0.461345,0.1836,0.73909,of
38637,0.39536,0.15112,0.6396,of
38638,0.53312,0.27588,0.79036,of
38639,0.544865,0.27533,0.8144,of
38640,0.428095,0.17916,0.67703,of
38641,0.45626500000000003,0.20161,0.71092,of
38642,0.561105,0.29555,0.82666,of
38643,0.568855,0.29909,0.83862,of
38644,0.5667449999999999,0.30959,0.8239,of
38645,0.33413,0.08065,0.58761,of
38646,0.64894,0.38757,0.91031,of
38647,0.44754000000000005,0.20015,0.69493,of
38648,0.49756500000000004,0.24401,0.75112,of
38649,0.39390000000000003,0.15702,0.63078,of
38650,0.34704,0.12977,0.56431,of
38651,0.49057,0.21879,0.76235,of
38652,0.369135,0.14593,0.59234,of
38653,0.46242500000000003,0.16761,0.75724,of
38654,0.522205,0.20983,0.83458,of
38655,0.469965,0.22107,0.71886,of
38656,0.436025,0.17862,0.69343,of
38657,0.530905,0.25036,0.81145,of
38658,0.5262100000000001,0.26498,0.78744,of
38659,0.482035,0.18913,0.77494,of
38660,0.464655,0.19558,0.73373,of
38661,0.542055,0.29999,0.78412,of
38662,0.538525,0.29348,0.78357,of
38663,0.6262449999999999,0.36555,0.88694,of
38664,0.60585,0.3456,0.8661,of
38665,0.449775,0.18028,0.71927,of
38666,0.552315,0.27607,0.82856,of
38667,0.41473000000000004,0.15185,0.67761,of
38668,0.508705,0.26828,0.74913,of
38669,0.18943000000000002,0.03449,0.34437,of
38670,0.39082500000000003,0.15527,0.62638,of
38671,0.52245,0.25079,0.79411,of
38672,0.45825,0.21572,0.70078,of
38673,0.313125,0.09572,0.53053,of
38674,0.410065,0.13772,0.68241,of
38675,0.341875,0.12359,0.56016,of
38676,0.47731999999999997,0.19341,0.76123,of
38677,0.518905,0.27653,0.76128,of
38678,0.430925,0.18654,0.67531,of
38679,0.45854500000000004,0.19847,0.71862,of
38680,0.67221,0.46559,0.87883,of
38681,0.521725,0.25972,0.78373,of
38682,0.597135,0.31557,0.8787,of
38683,0.492655,0.24732,0.73799,of
38684,0.654525,0.42813,0.88092,of
38685,0.50242,0.23084,0.774,of
38686,0.52051,0.27293,0.76809,of
38687,0.45718000000000003,0.18174,0.73262,of
46605,0.64108,0.45435,0.82781,of
46606,0.47456,0.25134,0.69778,of
46607,0.513945,0.27869,0.7492,of
46608,0.46153,0.24027,0.68279,of
46609,0.48613,0.25178,0.72048,of
46610,0.60722,0.38834,0.8261,of
46611,0.453615,0.22601,0.68122,of
46612,0.43155499999999997,0.1806,0.68251,of
46613,0.563825,0.35119,0.77646,of
46614,0.440145,0.20108,0.67921,of
46615,0.49737,0.27532,0.71942,of
46616,0.493725,0.25778,0.72967,of
46617,0.4548,0.23705,0.67255,of
46618,0.393345,0.16615,0.62054,of
46619,0.49640999999999996,0.24669,0.74613,of
46620,0.439675,0.24247,0.63688,of
46621,0.38823,0.16052,0.61594,of
46622,0.442925,0.20491,0.68094,of
46623,0.406235,0.14871,0.66376,of
46624,0.45386000000000004,0.21945,0.68827,of
46625,0.43267,0.22438,0.64096,of
46626,0.361245,0.12791,0.59458,of
46627,0.51862,0.28677,0.75047,of
46628,0.429335,0.21094,0.64773,of
46629,0.522185,0.29821,0.74616,of
46630,0.40954,0.17416,0.64492,of
46631,0.424355,0.15701,0.6917,of
46632,0.60017,0.40215,0.79819,of
46633,0.43573,0.20374,0.66772,of
46634,0.506205,0.28356,0.72885,of
46635,0.44392,0.19967,0.68817,of
46636,0.43202,0.22621,0.63783,of
46637,0.5037050000000001,0.25664,0.75077,of
46638,0.507965,0.25239,0.76354,of
46639,0.463795,0.21801,0.70958,of
46640,0.574495,0.3532,0.79579,of
46641,0.5454300000000001,0.27127,0.81959,of
46642,0.41724500000000003,0.20913,0.62536,of
46643,0.37256500000000004,0.13506,0.61007,of
46644,0.54992,0.33761,0.76223,of
46645,0.41184499999999996,0.18658,0.63711,of
46646,0.363095,0.14832,0.57787,of
46647,0.469255,0.24745,0.69106,of
46648,0.481365,0.24715,0.71558,of
46649,0.482815,0.24349,0.72214,of
46650,0.30813,0.13441,0.48185,of
46651,0.45621,0.22409,0.68833,of
46652,0.548365,0.31292,0.78381,of
46653,0.430435,0.2117,0.64917,of
46654,0.457635,0.2206,0.69467,of
46655,0.52315,0.27112,0.77518,of
46656,0.531675,0.32182,0.74153,of
46657,0.44720499999999996,0.19966,0.69475,of
46658,0.48160500000000006,0.22498,0.73823,of
46659,0.52455,0.28704,0.76206,of
46660,0.49356,0.24134,0.74578,of
46661,0.5530299999999999,0.2955,0.81056,of
46662,0.46699999999999997,0.2191,0.7149,of
46663,0.46687999999999996,0.19317,0.74059,of
46664,0.450565,0.21508,0.68605,of
46665,0.45068,0.21611,0.68525,of
46666,0.33392,0.13186,0.53598,of
46667,0.40931,0.15647,0.66215,of
46668,0.52257,0.30898,0.73616,of
46669,0.417795,0.16193,0.67366,of
46670,0.54422,0.31973,0.76871,of
46671,0.503425,0.25137,0.75548,of
46672,0.39763499999999996,0.18651,0.60876,of
46673,0.649105,0.41489,0.88332,of
46674,0.49596,0.24507,0.74685,of
46675,0.562835,0.33035,0.79532,of
46676,0.341765,0.13899,0.54454,of
46677,0.45053,0.22741,0.67365,of
46678,0.42883000000000004,0.21701,0.64065,of
46679,0.546065,0.32356,0.76857,of
46680,0.36965499999999996,0.15826,0.58105,of
46681,0.37927,0.14095,0.61759,of
46682,0.457135,0.16494,0.74933,of
46683,0.526355,0.30685,0.74586,of
46684,0.453545,0.24725,0.65984,of
46685,0.442685,0.20311,0.68226,of
46686,0.44462,0.21621,0.67303,of
46687,0.44895,0.18855,0.70935,of
46688,0.39658499999999997,0.15416,0.63901,of
46689,0.436245,0.23329,0.6392,of
46690,0.51102,0.29307,0.72897,of
46691,0.464965,0.25634,0.67359,of
46692,0.422265,0.18555,0.65898,of
46693,0.509535,0.31137,0.7077,of
46694,0.504985,0.26114,0.74883,of
46695,0.550655,0.34286,0.75845,of
46696,0.453605,0.23527,0.67194,of
46697,0.48662000000000005,0.26894,0.7043,of
46698,0.555515,0.31921,0.79182,of
46699,0.508725,0.27871,0.73874,of
46700,0.40125500000000003,0.17402,0.62849,of
46701,0.318165,0.12483,0.5115,of
46702,0.38142,0.12339,0.63945,of
46703,0.50394,0.26762,0.74026,of
46704,0.520535,0.30199,0.73908,of
46705,0.51495,0.27504,0.75486,of
46706,0.38033999999999996,0.16387,0.59681,of
46707,0.3209,0.12365,0.51815,of
46708,0.53719,0.29429,0.78009,of
46709,0.449455,0.22795,0.67096,of
46710,0.46413499999999996,0.21835,0.70992,of
46711,0.556675,0.27573,0.83762,of
46712,0.42328999999999994,0.21696,0.62962,of
46713,0.47194,0.24043,0.70345,of
46714,0.49107,0.27082,0.71132,of
46715,0.43491,0.23177,0.63805,of
46716,0.439715,0.22177,0.65766,of
46717,0.458695,0.2429,0.67449,of
46718,0.5418149999999999,0.33599,0.74764,of
46719,0.592875,0.36225,0.8235,of
46720,0.51126,0.28362,0.7389,of
46721,0.377475,0.13561,0.61934,of
46722,0.430495,0.16847,0.69252,of
46723,0.554535,0.33599,0.77308,of
46724,0.54459,0.28363,0.80555,of
46725,0.579405,0.34579,0.81302,of
46726,0.46386499999999997,0.21659,0.71114,of
46727,0.392265,0.11032,0.67421,of
46728,0.43256500000000003,0.20923,0.6559,of
46729,0.407845,0.17686,0.63883,of
46730,0.57916,0.35191,0.80641,of
46731,0.535365,0.25489,0.81584,of
46732,0.29989,0.1119,0.48788,of
46733,0.45678,0.22695,0.68661,of
46734,0.438805,0.22744,0.65017,of
46735,0.458075,0.24634,0.66981,of
46736,0.481575,0.26502,0.69813,of
46737,0.500925,0.24789,0.75396,of
46738,0.55571,0.34394,0.76748,of
46739,0.54765,0.3002,0.7951,of
46740,0.411335,0.16555,0.65712,of
46741,0.31919,0.13279,0.50559,of
46742,0.41318,0.14554,0.68082,of
46743,0.5821500000000001,0.38013,0.78417,of
46744,0.52128,0.26928,0.77328,of
46745,0.51589,0.31567,0.71611,of
46746,0.41568499999999997,0.17653,0.65484,of
46747,0.555795,0.29621,0.81538,of
46748,0.49782000000000004,0.2718,0.72384,of
46749,0.421315,0.20945,0.63318,of
46750,0.508435,0.26287,0.754,of
46751,0.483505,0.22687,0.74014,of
46752,0.543945,0.32528,0.76261,of
46753,0.47871,0.23765,0.71977,of
46754,0.512975,0.27448,0.75147,of
46755,0.42099000000000003,0.22187,0.62011,of
46756,0.35011,0.12827,0.57195,of
46757,0.457855,0.21103,0.70468,of
46758,0.46469000000000005,0.22952,0.69986,of
46759,0.46201499999999995,0.21269,0.71134,of
46760,0.49450000000000005,0.2645,0.7245,of
46761,0.40888,0.17866,0.6391,of
46762,0.50334,0.28955,0.71713,of
46763,0.440265,0.22824,0.65229,of
46764,0.432925,0.20144,0.66441,of
46765,0.358395,0.15203,0.56476,of
46766,0.48587,0.27702,0.69472,of
46767,0.458875,0.21771,0.70004,of
46768,0.453445,0.21561,0.69128,of
46769,0.58643,0.38237,0.79049,of
46770,0.55795,0.33897,0.77693,of
46771,0.569725,0.36039,0.77906,of
46772,0.45138,0.20736,0.6954,of
46773,0.45067,0.2272,0.67414,of
46774,0.44651,0.1987,0.69432,of
46775,0.472665,0.22186,0.72347,of
46776,0.42666,0.23597,0.61735,of
46777,0.53274,0.30702,0.75846,of
46778,0.48427,0.25065,0.71789,of
46779,0.49946999999999997,0.27275,0.72619,of
46780,0.485055,0.25095,0.71916,of
46781,0.38544,0.14759,0.62329,of
46782,0.45426500000000003,0.22535,0.68318,of
46783,0.38249,0.17504,0.58994,of
46784,0.373935,0.17371,0.57416,of
46785,0.517335,0.32583,0.70884,of
46786,0.37388499999999997,0.18882,0.55895,of
46787,0.5492250000000001,0.31104,0.78741,of
46788,0.46791499999999997,0.25765,0.67818,of
46789,0.505125,0.29258,0.71767,of
46790,0.43769499999999995,0.22257,0.65282,of
46791,0.55479,0.34315,0.76643,of
46792,0.43184500000000003,0.21374,0.64995,of
46793,0.539685,0.3323,0.74707,of
46794,0.40946,0.1704,0.64852,of
46795,0.436125,0.23624,0.63601,of
46796,0.54715,0.32819,0.76611,of
46797,0.38771,0.18858,0.58684,of
46798,0.535345,0.29287,0.77782,of
46799,0.4938,0.24422,0.74338,of
46800,0.49956999999999996,0.25396,0.74518,of
46801,0.32294500000000004,0.12038,0.52551,of
46802,0.38332,0.16671,0.59993,of
46803,0.453675,0.259,0.64835,of
46804,0.522285,0.28967,0.7549,of
46805,0.40821,0.1955,0.62092,of
46806,0.501845,0.23503,0.76866,of
46807,0.496545,0.24806,0.74503,of
46808,0.614465,0.41529,0.81364,of
46809,0.440535,0.23186,0.64921,of
46810,0.4259,0.20258,0.64922,of
46811,0.36099,0.16467,0.55731,of
46812,0.360565,0.13043,0.5907,of
46813,0.45746,0.20734,0.70758,of
46814,0.56912,0.34661,0.79163,of
46815,0.34887,0.11429,0.58345,of
46816,0.355115,0.15,0.56023,of
46817,0.422035,0.17545,0.66862,of
46818,0.465255,0.26137,0.66914,of
46819,0.44647000000000003,0.21328,0.67966,of
46820,0.5190250000000001,0.29023,0.74782,of
46821,0.64262,0.44344,0.8418,of
46822,0.38295999999999997,0.16534,0.60058,of
46823,0.37949,0.14224,0.61674,of
46824,0.51996,0.26949,0.77043,of
46825,0.48797,0.24971,0.72623,of
46826,0.478445,0.23618,0.72071,of
46827,0.435385,0.22659,0.64418,of
46828,0.47390499999999997,0.2381,0.70971,of
46829,0.52408,0.28583,0.76233,of
46830,0.486535,0.22621,0.74686,of
46831,0.45566,0.19736,0.71396,of
46832,0.431575,0.18165,0.6815,of
46833,0.44938,0.21567,0.68309,of
46834,0.469085,0.24828,0.68989,of
46835,0.431705,0.20267,0.66074,of
46836,0.38852,0.16967,0.60737,of
46837,0.494325,0.26503,0.72362,of
46838,0.53111,0.3036,0.75862,of
46839,0.537345,0.31729,0.7574,of
46840,0.32389,0.13119,0.51659,of
46841,0.367225,0.12275,0.6117,of
46842,0.49051500000000003,0.22213,0.7589,of
46843,0.5069,0.27478,0.73902,of
46844,0.627525,0.41535,0.8397,of
46845,0.427875,0.14268,0.71307,of
46846,0.46769000000000005,0.26482,0.67056,of
46847,0.509175,0.28285,0.7355,of
46848,0.54372,0.31956,0.76788,of
46849,0.587735,0.3528,0.82267,of
46850,0.520095,0.24061,0.79958,of
46851,0.526405,0.31409,0.73872,of
46852,0.466755,0.19253,0.74098,of
46853,0.49333,0.26912,0.71754,of
46854,0.48395,0.26943,0.69847,of
46855,0.4571,0.2267,0.6875,of
46856,0.39437,0.13258,0.65616,of
46857,0.450355,0.24521,0.6555,of
46858,0.351365,0.10176,0.60097,of
46859,0.46205999999999997,0.23495,0.68917,of
46860,0.5325949999999999,0.28503,0.78016,of
46861,0.33173,0.11902,0.54444,of
46862,0.4623,0.24586,0.67874,of
46863,0.442725,0.23402,0.65143,of
46864,0.467815,0.23957,0.69606,of
46865,0.43366499999999997,0.19861,0.66872,of
46866,0.524455,0.30392,0.74499,of
46867,0.384265,0.17766,0.59087,of
46868,0.473895,0.24425,0.70354,of
46869,0.42529500000000003,0.19142,0.65917,of
46870,0.537885,0.3291,0.74667,of
46871,0.5343600000000001,0.30124,0.76748,of
46872,0.40445000000000003,0.18803,0.62087,of
46873,0.438025,0.2219,0.65415,of
46874,0.602945,0.40007,0.80582,of
46875,0.43823999999999996,0.18707,0.68941,of
46876,0.39111,0.1554,0.62682,of
46877,0.47777000000000003,0.25794,0.6976,of
46878,0.36424,0.15229,0.57619,of
46879,0.5264,0.26635,0.78645,of
46880,0.466045,0.2276,0.70449,of
46881,0.372825,0.16742,0.57823,of
46882,0.48225,0.21297,0.75153,of
46883,0.35534,0.15846,0.55222,of
46884,0.53111,0.28707,0.77515,of
46885,0.41726,0.1935,0.64102,of
46886,0.36441999999999997,0.15358,0.57526,of
46887,0.37717999999999996,0.12662,0.62774,of
46888,0.433765,0.22158,0.64595,of
46889,0.47052000000000005,0.25799,0.68305,of
46890,0.51214,0.29836,0.72592,of
46891,0.526165,0.25904,0.79329,of
46892,0.503815,0.28705,0.72058,of
46893,0.44832500000000003,0.19855,0.6981,of
46894,0.5209900000000001,0.27405,0.76793,of
46895,0.43340999999999996,0.14931,0.71751,of
46896,0.396925,0.16702,0.62683,of
46897,0.497635,0.24785,0.74742,of
46898,0.367995,0.15632,0.57967,of
46899,0.5253,0.2954,0.7552,of
46900,0.5050049999999999,0.27645,0.73356,of
46901,0.42595,0.19292,0.65898,of
46902,0.48228000000000004,0.25897,0.70559,of
46903,0.43518,0.2227,0.64766,of
46904,0.43752500000000005,0.2121,0.66295,of
46905,0.48288000000000003,0.26122,0.70454,of
46906,0.37809,0.10263,0.65355,of
46907,0.473235,0.25512,0.69135,of
46908,0.6014200000000001,0.40152,0.80132,of
46909,0.63454,0.42605,0.84303,of
46910,0.5444599999999999,0.31476,0.77416,of
46911,0.38597,0.17875,0.59319,of
46912,0.47569000000000006,0.19978,0.7516,of
46913,0.543625,0.33025,0.757,of
46914,0.519855,0.27838,0.76133,of
46915,0.522385,0.28639,0.75838,of
46916,0.35832,0.14388,0.57276,of
46917,0.409715,0.1948,0.62463,of
46918,0.38675,0.1585,0.615,of
46919,0.47382,0.25656,0.69108,of
46920,0.400825,0.17512,0.62653,of
46921,0.4696,0.25688,0.68232,of
46922,0.337785,0.14633,0.52924,of
46923,0.515745,0.30162,0.72987,of
46924,0.5007199999999999,0.23199,0.76945,of
46925,0.50397,0.27366,0.73428,of
46926,0.40903,0.1621,0.65596,of
46927,0.50254,0.26976,0.73532,of
46928,0.618105,0.39128,0.84493,of
46929,0.64612,0.45515,0.83709,of
46930,0.41046499999999997,0.18978,0.63115,of
46931,0.382505,0.17106,0.59395,of
46932,0.42171000000000003,0.1691,0.67432,of
46933,0.550785,0.31565,0.78592,of
46934,0.502235,0.23162,0.77285,of
46935,0.42295,0.18358,0.66232,of
46936,0.332605,0.12622,0.53899,of
46937,0.271065,0.11068,0.43145,of
46938,0.421055,0.18484,0.65727,of
46939,0.53991,0.26982,0.81,of
46940,0.47296,0.23066,0.71526,of
46941,0.507205,0.27513,0.73928,of
46942,0.41763,0.16056,0.6747,of
46943,0.5466599999999999,0.31899,0.77433,of
46944,0.496695,0.26173,0.73166,of
46945,0.44877,0.20611,0.69143,of
46946,0.34709,0.13768,0.5565,of
46947,0.42174500000000004,0.17517,0.66832,of
46948,0.52381,0.29692,0.7507,of
46949,0.58033,0.35144,0.80922,of
46950,0.33388,0.1236,0.54416,of
46951,0.47918499999999997,0.20497,0.7534,of
46952,0.5757950000000001,0.36663,0.78496,of
46953,0.46010999999999996,0.25447,0.66575,of
46954,0.48789000000000005,0.23567,0.74011,of
46955,0.33004999999999995,0.09676,0.56334,of
46956,0.488075,0.2362,0.73995,of
46957,0.537605,0.28186,0.79335,of
46958,0.38790499999999994,0.15202,0.62379,of
46959,0.48745499999999997,0.24264,0.73227,of
46960,0.48343499999999995,0.19727,0.7696,of
46961,0.65308,0.48024,0.82592,of
46962,0.360385,0.13081,0.58996,of
46963,0.41614999999999996,0.16589,0.66641,of
46964,0.518485,0.30458,0.73239,of
46965,0.49212500000000003,0.21289,0.77136,of
46966,0.392115,0.18817,0.59606,of
46967,0.47635,0.25891,0.69379,of
46968,0.5265949999999999,0.32016,0.73303,of
46969,0.5208200000000001,0.29433,0.74731,of
46970,0.36400499999999997,0.16345,0.56456,of
46971,0.433475,0.19328,0.67367,of
46972,0.60336,0.34621,0.86051,of
46973,0.423735,0.18524,0.66223,of
46974,0.49544,0.22479,0.76609,of
46975,0.45186,0.24502,0.6587,of
46976,0.47592,0.25716,0.69468,of
46977,0.41450000000000004,0.15573,0.67327,of
46978,0.34931,0.14333,0.55529,of
46979,0.5327649999999999,0.3052,0.76033,of
46980,0.37854,0.11739,0.63969,of
46981,0.61813,0.37938,0.85688,of
46982,0.42797,0.18457,0.67137,of
46983,0.48719500000000004,0.24723,0.72716,of
46984,0.513695,0.3064,0.72099,of
58896,0.40396000000000004,0.1912,0.61672,of
58897,0.47779000000000005,0.22808,0.7275,of
58898,0.36527,0.11542,0.61512,of
58899,0.68453,0.51028,0.85878,of
58900,0.557365,0.33239,0.78234,of
58901,0.54434,0.34631,0.74237,of
58902,0.317745,0.11317,0.52232,of
58903,0.546975,0.33437,0.75958,of
58904,0.46003,0.23427,0.68579,of
58905,0.470715,0.20678,0.73465,of
58906,0.46203000000000005,0.18878,0.73528,of
58907,0.484545,0.22162,0.74747,of
58908,0.385635,0.19067,0.5806,of
58909,0.62069,0.41436,0.82702,of
58910,0.355055,0.16522,0.54489,of
58911,0.49767,0.29147,0.70387,of
58912,0.555325,0.317,0.79365,of
58913,0.44242499999999996,0.22901,0.65584,of
58914,0.34182999999999997,0.1415,0.54216,of
58915,0.34065999999999996,0.1253,0.55602,of
58916,0.362735,0.16021,0.56526,of
58917,0.490975,0.25844,0.72351,of
58918,0.393525,0.17216,0.61489,of
58919,0.510425,0.2723,0.74855,of
58920,0.556765,0.29853,0.815,of
58921,0.5139400000000001,0.26323,0.76465,of
58922,0.52603,0.30818,0.74388,of
58923,0.637175,0.43966,0.83469,of
58924,0.410065,0.17595,0.64418,of
58925,0.48279,0.21575,0.74983,of
58926,0.50825,0.22966,0.78684,of
58927,0.46901,0.24461,0.69341,of
58928,0.43033,0.18129,0.67937,of
58929,0.53453,0.31389,0.75517,of
58930,0.288565,0.09954,0.47759,of
58931,0.47075,0.21472,0.72678,of
58932,0.423225,0.21638,0.63007,of
58933,0.39505500000000005,0.18678,0.60333,of
58934,0.55357,0.31878,0.78836,of
58935,0.48669,0.24603,0.72735,of
58936,0.510445,0.29874,0.72215,of
58937,0.440825,0.20384,0.67781,of
58938,0.489385,0.28525,0.69352,of
58939,0.335805,0.12148,0.55013,of
58940,0.477745,0.26164,0.69385,of
58941,0.5200899999999999,0.25582,0.78436,of
58942,0.36153,0.14593,0.57713,of
58943,0.482085,0.25037,0.7138,of
58944,0.56229,0.34814,0.77644,of
58945,0.37982,0.17198,0.58766,of
58946,0.508325,0.23357,0.78308,of
58947,0.59777,0.3951,0.80044,of
58948,0.55028,0.32968,0.77088,of
58949,0.34997999999999996,0.16353,0.53643,of
58950,0.46567000000000003,0.20261,0.72873,of
58951,0.59336,0.37957,0.80715,of
58952,0.54037,0.31158,0.76916,of
58953,0.44618,0.20006,0.6923,of
58954,0.439875,0.19647,0.68328,of
58955,0.572085,0.33896,0.80521,of
58956,0.48289000000000004,0.26521,0.70057,of
58957,0.53937,0.31789,0.76085,of
58958,0.519165,0.27439,0.76394,of
58959,0.31867,0.11671,0.52063,of
58960,0.523605,0.29092,0.75629,of
58961,0.54756,0.27445,0.82067,of
58962,0.382695,0.18187,0.58352,of
58963,0.363495,0.14058,0.58641,of
58964,0.66927,0.48874,0.8498,of
58965,0.516135,0.27604,0.75623,of
58966,0.49065000000000003,0.22891,0.75239,of
58967,0.456715,0.25487,0.65856,of
58968,0.447585,0.22121,0.67396,of
58969,0.545105,0.31587,0.77434,of
58970,0.43486,0.2106,0.65912,of
58971,0.465615,0.24023,0.691,of
58972,0.48484499999999997,0.26175,0.70794,of
58973,0.51101,0.2785,0.74352,of
58974,0.29094,0.12523,0.45665,of
58975,0.51923,0.27446,0.764,of
58976,0.46952499999999997,0.25975,0.6793,of
58977,0.47054,0.26764,0.67344,of
58978,0.42986,0.19449,0.66523,of
58979,0.301895,0.13135,0.47244,of
58980,0.491365,0.26203,0.7207,of
58981,0.646815,0.44119,0.85244,of
58982,0.41686999999999996,0.1851,0.64864,of
58983,0.43266,0.21563,0.64969,of
58984,0.51141,0.27273,0.75009,of
58985,0.50995,0.25141,0.76849,of
58986,0.5466,0.3289,0.7643,of
58987,0.41542,0.18951,0.64133,of
58988,0.33455500000000005,0.13421,0.5349,of
58989,0.5027699999999999,0.2823,0.72324,of
58990,0.56622,0.36154,0.7709,of
58991,0.5343249999999999,0.27986,0.78879,of
58992,0.635185,0.45591,0.81446,of
58993,0.342345,0.1313,0.55339,of
58994,0.42852999999999997,0.19041,0.66665,of
58995,0.526585,0.28585,0.76732,of
58996,0.50268,0.29211,0.71325,of
58997,0.488625,0.25128,0.72597,of
58998,0.464375,0.26461,0.66414,of
58999,0.48811499999999997,0.26514,0.71109,of
59000,0.35358,0.12148,0.58568,of
59001,0.5620499999999999,0.33913,0.78497,of
59002,0.384915,0.17562,0.59421,of
59003,0.518195,0.30883,0.72756,of
59004,0.375715,0.11795,0.63348,of
59005,0.47303,0.25737,0.68869,of
59006,0.522195,0.31673,0.72766,of
59007,0.35778,0.1405,0.57506,of
59008,0.48648,0.25766,0.7153,of
59009,0.39845,0.16969,0.62721,of
59010,0.32667999999999997,0.13515,0.51821,of
59011,0.5389700000000001,0.33151,0.74643,of
59012,0.4667,0.24894,0.68446,of
59013,0.49088,0.26891,0.71285,of
59014,0.487795,0.26279,0.7128,of
59015,0.49209499999999995,0.21454,0.76965,of
59016,0.5200899999999999,0.29806,0.74212,of
59017,0.416895,0.20611,0.62768,of
59018,0.55154,0.31968,0.7834,of
59019,0.37768,0.18959,0.56577,of
59020,0.51772,0.2692,0.76624,of
59021,0.403545,0.17786,0.62923,of
59022,0.51452,0.27398,0.75506,of
59023,0.54101,0.30258,0.77944,of
59024,0.45187,0.23152,0.67222,of
59025,0.670105,0.48817,0.85204,of
59026,0.40181500000000003,0.18491,0.61872,of
59027,0.471575,0.23146,0.71169,of
59028,0.392005,0.16677,0.61724,of
59029,0.40022,0.1589,0.64154,of
59030,0.46465,0.20171,0.72759,of
59031,0.65257,0.4608,0.84434,of
59032,0.44215499999999996,0.2102,0.67411,of
59033,0.333005,0.13461,0.5314,of
59034,0.566545,0.35674,0.77635,of
59035,0.403995,0.17519,0.6328,of
59036,0.529195,0.28816,0.77023,of
59037,0.444025,0.19861,0.68944,of
59038,0.48626500000000006,0.2353,0.73723,of
59039,0.339155,0.15088,0.52743,of
59040,0.42828,0.20611,0.65045,of
59041,0.6676,0.47478,0.86042,of
59042,0.6213,0.40084,0.84176,of
59043,0.42202,0.16554,0.6785,of
59044,0.55854,0.33485,0.78223,of
59045,0.321335,0.12424,0.51843,of
59046,0.397225,0.1684,0.62605,of
59047,0.55049,0.33974,0.76124,of
59048,0.46882,0.2256,0.71204,of
59049,0.45614,0.21218,0.7001,of
59050,0.450885,0.22113,0.68064,of
59051,0.56133,0.31074,0.81192,of
59052,0.32594999999999996,0.12211,0.52979,of
59053,0.40037,0.1842,0.61654,of
59054,0.6043350000000001,0.373,0.83567,of
59055,0.44650999999999996,0.23103,0.66199,of
59056,0.38342,0.15932,0.60752,of
59057,0.48012499999999997,0.26403,0.69622,of
59058,0.44423,0.19792,0.69054,of
59059,0.463585,0.23612,0.69105,of
59060,0.490315,0.27801,0.70262,of
59061,0.60211,0.3875,0.81672,of
59062,0.36346,0.14602,0.5809,of
59063,0.305055,0.11448,0.49563,of
59064,0.688685,0.52176,0.85561,of
59065,0.314095,0.13334,0.49485,of
59066,0.545955,0.31418,0.77773,of
59067,0.38046,0.18473,0.57619,of
59068,0.39969,0.17713,0.62225,of
59069,0.43111499999999997,0.17087,0.69136,of
59070,0.58388,0.36798,0.79978,of
59071,0.45929,0.24034,0.67824,of
59072,0.52918,0.30703,0.75133,of
59073,0.48724,0.25534,0.71914,of
59074,0.517045,0.2764,0.75769,of
59075,0.634495,0.42739,0.8416,of
59076,0.576865,0.36521,0.78852,of
59077,0.390065,0.16478,0.61535,of
59078,0.47789499999999996,0.22152,0.73427,of
59079,0.43327499999999997,0.22942,0.63713,of
59080,0.51374,0.27956,0.74792,of
59081,0.48236,0.24812,0.7166,of
59082,0.54783,0.32677,0.76889,of
59083,0.346425,0.13953,0.55332,of
59084,0.46188,0.25459,0.66917,of
59085,0.58375,0.36042,0.80708,of
59086,0.38592,0.18041,0.59143,of
59087,0.47235499999999997,0.27191,0.6728,of
59088,0.44272,0.22429,0.66115,of
59089,0.56477,0.34961,0.77993,of
59090,0.31310499999999997,0.11388,0.51233,of
59091,0.4437,0.19814,0.68926,of
59092,0.41342500000000004,0.18273,0.64412,of
59093,0.502665,0.27885,0.72648,of
59094,0.38471500000000003,0.17439,0.59504,of
59095,0.47132999999999997,0.26191,0.68075,of
59096,0.37232,0.15383,0.59081,of
59097,0.29719,0.12049,0.47389,of
59098,0.404785,0.18626,0.62331,of
59099,0.45935000000000004,0.24157,0.67713,of
59100,0.52731,0.2485,0.80612,of
59101,0.60016,0.40017,0.80015,of
59102,0.57418,0.34414,0.80422,of
59103,0.40807499999999997,0.15601,0.66014,of
59104,0.423945,0.1528,0.69509,of
59105,0.39448000000000005,0.18112,0.60784,of
59106,0.44899,0.23168,0.6663,of
59107,0.41623000000000004,0.1932,0.63926,of
59108,0.4476,0.19503,0.70017,of
59109,0.40091,0.18558,0.61624,of
59110,0.59298,0.37382,0.81214,of
59111,0.547105,0.34248,0.75173,of
59112,0.40283,0.19162,0.61404,of
59113,0.445625,0.22807,0.66318,of
59114,0.42541,0.14722,0.7036,of
59115,0.5956049999999999,0.39122,0.79999,of
59116,0.464455,0.25449,0.67442,of
59117,0.53532,0.3347,0.73594,of
59118,0.455945,0.20763,0.70426,of
59119,0.337235,0.149,0.52547,of
59120,0.47750499999999996,0.23325,0.72176,of
59121,0.55384,0.3352,0.77248,of
59122,0.45215,0.21746,0.68684,of
59123,0.462825,0.22476,0.70089,of
59124,0.66716,0.46523,0.86909,of
59125,0.474985,0.22003,0.72994,of
59126,0.612755,0.41131,0.8142,of
59127,0.36043000000000003,0.16066,0.5602,of
59128,0.48497,0.24234,0.7276,of
59129,0.45349999999999996,0.24198,0.66502,of
59130,0.488815,0.23737,0.74026,of
59131,0.454325,0.21761,0.69104,of
59132,0.444695,0.22299,0.6664,of
59133,0.411715,0.13201,0.69142,of
59134,0.32498,0.13112,0.51884,of
59135,0.471645,0.24141,0.70188,of
59136,0.42301,0.19849,0.64753,of
59137,0.39812000000000003,0.16803,0.62821,of
59138,0.390565,0.16809,0.61304,of
59139,0.53703,0.33149,0.74257,of
59140,0.45352,0.21543,0.69161,of
59141,0.502915,0.2891,0.71673,of
59142,0.596455,0.37652,0.81639,of
59143,0.41415,0.14817,0.68013,of
59144,0.390355,0.18019,0.60052,of
59145,0.609985,0.39031,0.82966,of
59146,0.37898,0.16271,0.59525,of
59147,0.490445,0.24607,0.73482,of
59148,0.603325,0.39044,0.81621,of
59149,0.34813,0.14602,0.55024,of
59150,0.46081,0.24825,0.67337,of
59151,0.57006,0.34263,0.79749,of
59152,0.42976,0.19663,0.66289,of
59153,0.471335,0.24125,0.70142,of
59154,0.576275,0.37344,0.77911,of
59155,0.541535,0.29218,0.79089,of
59156,0.446645,0.18611,0.70718,of
59157,0.33958,0.13399,0.54517,of
59158,0.38060499999999997,0.1871,0.57411,of
59159,0.419035,0.21805,0.62002,of
59160,0.565215,0.31426,0.81617,of
59161,0.53842,0.32225,0.75459,of
59162,0.4998,0.25989,0.73971,of
59163,0.58152,0.3842,0.77884,of
59164,0.42757500000000004,0.17412,0.68103,of
59165,0.59408,0.38833,0.79983,of
59166,0.419765,0.21045,0.62908,of
59167,0.498745,0.26765,0.72984,of
59168,0.47870999999999997,0.26653,0.69089,of
59169,0.398075,0.18747,0.60868,of
59170,0.345435,0.16371,0.52716,of
59171,0.542475,0.29122,0.79373,of
59172,0.496095,0.24238,0.74981,of
59173,0.49142,0.21575,0.76709,of
59174,0.45820500000000003,0.22316,0.69325,of
59175,0.38835000000000003,0.14756,0.62914,of
59176,0.42601,0.16434,0.68768,of
59177,0.40873,0.19333,0.62413,of
59178,0.422165,0.20647,0.63786,of
59179,0.542535,0.30561,0.77946,of
59180,0.526215,0.31248,0.73995,of
59181,0.53605,0.25214,0.81996,of
59182,0.45065,0.2328,0.6685,of
59183,0.64059,0.40481,0.87637,of
59184,0.4143,0.21308,0.61552,of
59185,0.397695,0.1861,0.60929,of
59186,0.42151000000000005,0.2183,0.62472,of
59187,0.47726,0.22475,0.72977,of
59188,0.518805,0.3108,0.72681,of
59189,0.503005,0.25992,0.74609,of
59190,0.37256500000000004,0.17093,0.5742,of
59191,0.424245,0.21056,0.63793,of
59192,0.56489,0.3561,0.77368,of
59193,0.367865,0.16437,0.57136,of
59194,0.37582499999999996,0.13169,0.61996,of
59195,0.41775999999999996,0.19353,0.64199,of
59196,0.38278,0.17814,0.58742,of
59197,0.409545,0.18704,0.63205,of
59198,0.45792,0.22082,0.69502,of
59199,0.50648,0.27563,0.73733,of
59200,0.57314,0.34469,0.80159,of
59201,0.649385,0.44894,0.84983,of
59202,0.41634,0.17536,0.65732,of
59203,0.506245,0.30373,0.70876,of
59204,0.48352,0.21539,0.75165,of
59205,0.43788,0.22102,0.65474,of
59206,0.482325,0.22125,0.7434,of
59207,0.4072,0.17539,0.63901,of
59208,0.52032,0.29204,0.7486,of
59209,0.3569,0.16711,0.54669,of
59210,0.24779500000000002,0.09315,0.40244,of
59211,0.581155,0.3663,0.79601,of
59212,0.538055,0.33471,0.7414,of
59213,0.434285,0.19712,0.67145,of
59214,0.39898,0.15594,0.64202,of
59215,0.561855,0.35763,0.76608,of
59216,0.45787,0.23209,0.68365,of
59217,0.522975,0.28957,0.75638,of
59218,0.33578,0.12565,0.54591,of
59219,0.31349,0.12485,0.50213,of
59220,0.509735,0.26468,0.75479,of
59221,0.55429,0.32691,0.78167,of
59222,0.61581,0.35225,0.87937,of
59223,0.50831,0.30528,0.71134,of
59224,0.495805,0.27778,0.71383,of
59225,0.47759,0.23212,0.72306,of
59226,0.489415,0.27932,0.69951,of
59227,0.482175,0.25633,0.70802,of
59228,0.49434,0.25457,0.73411,of
59229,0.377455,0.1591,0.59581,of
59230,0.49315,0.25013,0.73617,of
59231,0.43467500000000003,0.2232,0.64615,of
59232,0.44887,0.20799,0.68975,of
59233,0.36486,0.10497,0.62475,of
59234,0.616165,0.42199,0.81034,of
59235,0.41535,0.18834,0.64236,of
59236,0.593235,0.38249,0.80398,of
59237,0.40474,0.17864,0.63084,of
59238,0.428355,0.19048,0.66623,of
59239,0.24564,0.09488,0.3964,of
59240,0.546795,0.33303,0.76056,of
59241,0.665605,0.45203,0.87918,of
59242,0.57273,0.38931,0.75615,of
59243,0.46931,0.21004,0.72858,of
59244,0.40841000000000005,0.19122,0.6256,of
59245,0.571385,0.35258,0.79019,of
59246,0.34065,0.15353,0.52777,of
59247,0.48972499999999997,0.27943,0.70002,of
59248,0.53718,0.28689,0.78747,of
59249,0.49183,0.23772,0.74594,of
59250,0.315475,0.11756,0.51339,of
59251,0.419845,0.20408,0.63561,of
59252,0.41447,0.17855,0.65039,of
59253,0.515435,0.27675,0.75412,of
59254,0.40717000000000003,0.18661,0.62773,of
59255,0.58015,0.37569,0.78461,of
59256,0.319195,0.12429,0.5141,of
59257,0.30795,0.13683,0.47907,of
59258,0.44604499999999997,0.22571,0.66638,of
59259,0.400935,0.17758,0.62429,of
59260,0.581815,0.34863,0.815,of
59261,0.5991,0.38226,0.81594,of
59262,0.471735,0.23169,0.71178,of
59263,0.450725,0.20868,0.69277,of
59264,0.5982149999999999,0.38456,0.81187,of
59265,0.41123,0.19733,0.62513,of
59266,0.57609,0.36378,0.7884,of
59267,0.445185,0.22175,0.66862,of
59268,0.40732,0.16783,0.64681,of
59269,0.47485,0.26894,0.68076,of
59270,0.388825,0.18526,0.59239,of
59271,0.588175,0.38114,0.79521,of
59272,0.499285,0.2673,0.73127,of
59273,0.476545,0.26265,0.69044,of
59274,0.526735,0.29552,0.75795,of
59275,0.542705,0.25255,0.83286,of
