match_id,away_prob,away_prob_min,away_prob_max,model
12115,0.33625,0.16045,0.51205,of_to_sc
12116,0.20457,0.07997,0.32917,of_to_sc
12117,0.24548,0.09281,0.39815,of_to_sc
12118,0.350825,0.15491,0.54674,of_to_sc
12119,0.33926500000000004,0.15878,0.51975,of_to_sc
12120,0.315355,0.13884,0.49187,of_to_sc
12121,0.12733,0.01845,0.23621,of_to_sc
12122,0.263015,0.11161,0.41442,of_to_sc
12123,0.27477,0.11923,0.43031,of_to_sc
12124,0.335325,0.16895,0.5017,of_to_sc
12125,0.2673,0.11592,0.41868,of_to_sc
12126,0.34535000000000005,0.16497,0.52573,of_to_sc
12127,0.27157,0.10286,0.44028,of_to_sc
12128,0.306985,0.14294,0.47103,of_to_sc
12129,0.20897000000000002,0.0866,0.33134,of_to_sc
12130,0.31659,0.14246,0.49072,of_to_sc
12131,0.56027,0.2636,0.85694,of_to_sc
12132,0.309015,0.14774,0.47029,of_to_sc
12133,0.260965,0.12116,0.40077,of_to_sc
12134,0.251585,0.08956,0.41361,of_to_sc
12135,0.283335,0.11836,0.44831,of_to_sc
12136,0.391615,0.20062,0.58261,of_to_sc
12137,0.304955,0.12813,0.48178,of_to_sc
12138,0.34865,0.16193,0.53537,of_to_sc
12139,0.308985,0.11775,0.50022,of_to_sc
12140,0.305415,0.11182,0.49901,of_to_sc
12141,0.28442,0.12167,0.44717,of_to_sc
12142,0.31355,0.12308,0.50402,of_to_sc
12143,0.348925,0.17931,0.51854,of_to_sc
12144,0.26503,0.11215,0.41791,of_to_sc
12145,0.281535,0.12465,0.43842,of_to_sc
12146,0.28585,0.1104,0.4613,of_to_sc
12147,0.213725,0.07866,0.34879,of_to_sc
12148,0.239105,0.08701,0.3912,of_to_sc
12149,0.226165,0.08834,0.36399,of_to_sc
12150,0.289695,0.1228,0.45659,of_to_sc
12151,0.277865,0.11536,0.44037,of_to_sc
12152,0.20748,0.08911,0.32585,of_to_sc
12153,0.273655,0.10636,0.44095,of_to_sc
12154,0.31143,0.14559,0.47727,of_to_sc
12155,0.259035,0.11672,0.40135,of_to_sc
12156,0.30637000000000003,0.13728,0.47546,of_to_sc
12157,0.264415,0.11809,0.41074,of_to_sc
12158,0.248355,0.10816,0.38855,of_to_sc
12159,0.30856,0.11313,0.50399,of_to_sc
12160,0.30127,0.1362,0.46634,of_to_sc
12161,0.306505,0.13038,0.48263,of_to_sc
12162,0.310665,0.11646,0.50487,of_to_sc
12163,0.35795000000000005,0.17505,0.54085,of_to_sc
12164,0.35612499999999997,0.17184,0.54041,of_to_sc
12165,0.331285,0.14525,0.51732,of_to_sc
12166,0.28009,0.11032,0.44986,of_to_sc
12167,0.253345,0.09913,0.40756,of_to_sc
12168,0.12861,0.01457,0.24265,of_to_sc
12169,0.28836,0.11907,0.45765,of_to_sc
12170,0.26842499999999997,0.09421,0.44264,of_to_sc
12171,0.3169,0.14717,0.48663,of_to_sc
12172,0.21788999999999997,0.07601,0.35977,of_to_sc
12173,0.319695,0.15244,0.48695,of_to_sc
12174,0.227055,0.07954,0.37457,of_to_sc
12175,0.35984,0.15944,0.56024,of_to_sc
12176,0.241095,0.09829,0.3839,of_to_sc
12177,0.22480999999999998,0.08752,0.3621,of_to_sc
12178,0.31015000000000004,0.14022,0.48008,of_to_sc
12179,0.30578,0.14466,0.4669,of_to_sc
12180,0.259215,0.10135,0.41708,of_to_sc
12181,0.251655,0.10877,0.39454,of_to_sc
12182,0.618235,0.32159,0.91488,of_to_sc
12183,0.240995,0.04696,0.43503,of_to_sc
12184,0.29479,0.13212,0.45746,of_to_sc
12185,0.27191,0.12069,0.42313,of_to_sc
12186,0.31676,0.12462,0.5089,of_to_sc
12187,0.23542,0.1035,0.36734,of_to_sc
12188,0.33547499999999997,0.13599,0.53496,of_to_sc
12189,0.20988500000000002,0.08472,0.33505,of_to_sc
12190,0.29413,0.11136,0.4769,of_to_sc
12191,0.19886,0.02704,0.37068,of_to_sc
12192,0.2619,0.11758,0.40622,of_to_sc
12193,0.30779500000000004,0.15092,0.46467,of_to_sc
12194,0.333165,0.16332,0.50301,of_to_sc
12195,0.22279,0.08352,0.36206,of_to_sc
12196,0.21286000000000002,0.02794,0.39778,of_to_sc
12197,0.29094,0.1341,0.44778,of_to_sc
12198,0.204945,0.07832,0.33157,of_to_sc
12199,0.29972,0.11308,0.48636,of_to_sc
12200,0.243265,0.10538,0.38115,of_to_sc
12201,0.310145,0.12619,0.4941,of_to_sc
12202,0.30352999999999997,0.13115,0.47591,of_to_sc
12203,0.32597,0.12444,0.5275,of_to_sc
12204,0.31079,0.1429,0.47868,of_to_sc
12205,0.25333,0.11006,0.3966,of_to_sc
12206,0.312345,0.13799,0.4867,of_to_sc
12207,0.31331,0.11907,0.50755,of_to_sc
12208,0.33591499999999996,0.16007,0.51176,of_to_sc
12209,0.26774,0.10455,0.43093,of_to_sc
12210,0.69072,0.44227,0.93917,of_to_sc
12211,0.35889,0.17528,0.5425,of_to_sc
12212,0.25393,0.11045,0.39741,of_to_sc
12213,0.26972,0.1293,0.41014,of_to_sc
12214,0.274115,0.07414,0.47409,of_to_sc
12215,0.26570499999999997,0.12001,0.4114,of_to_sc
12216,0.370565,0.17709,0.56404,of_to_sc
12217,0.21336999999999998,0.07397,0.35277,of_to_sc
12218,0.34831,0.14988,0.54674,of_to_sc
12219,0.325265,0.16101,0.48952,of_to_sc
12220,0.19633499999999998,0.03045,0.36222,of_to_sc
12221,0.26234999999999997,0.09814,0.42656,of_to_sc
12222,0.29642,0.12373,0.46911,of_to_sc
12223,0.279755,0.11976,0.43975,of_to_sc
12224,0.19752999999999998,0.07046,0.3246,of_to_sc
12225,0.30671000000000004,0.08928,0.52414,of_to_sc
12226,0.329745,0.13369,0.5258,of_to_sc
12227,0.24614,0.10967,0.38261,of_to_sc
12228,0.303285,0.13147,0.4751,of_to_sc
12229,0.30034,0.13694,0.46374,of_to_sc
12230,0.324875,0.14904,0.50071,of_to_sc
12231,0.60836,0.31834,0.89838,of_to_sc
12232,0.276725,0.12918,0.42427,of_to_sc
12233,0.328095,0.15718,0.49901,of_to_sc
12234,0.24689,0.07962,0.41416,of_to_sc
12235,0.250355,0.10853,0.39218,of_to_sc
12236,0.296385,0.14026,0.45251,of_to_sc
12237,0.240985,0.09072,0.39125,of_to_sc
12238,0.30029500000000003,0.10011,0.50048,of_to_sc
12239,0.31092,0.14125,0.48059,of_to_sc
12240,0.23646,0.07899,0.39393,of_to_sc
12241,0.313495,0.13052,0.49647,of_to_sc
12242,0.32191000000000003,0.15396,0.48986,of_to_sc
12243,0.11441,0.01504,0.21378,of_to_sc
12244,0.35734,0.16096,0.55372,of_to_sc
12245,0.281405,0.11377,0.44904,of_to_sc
12246,0.324855,0.13293,0.51678,of_to_sc
12247,0.30265,0.07837,0.52693,of_to_sc
12248,0.38572,0.20116,0.57028,of_to_sc
12249,0.256675,0.10819,0.40516,of_to_sc
12250,0.28637,0.12184,0.4509,of_to_sc
12251,0.276925,0.11303,0.44082,of_to_sc
12252,0.33902499999999997,0.16989,0.50816,of_to_sc
12253,0.23045,0.08613,0.37477,of_to_sc
12254,0.668865,0.40472,0.93301,of_to_sc
12255,0.210075,0.06973,0.35042,of_to_sc
12256,0.205675,0.07038,0.34097,of_to_sc
12257,0.14989999999999998,0.02262,0.27718,of_to_sc
12258,0.28728,0.12724,0.44732,of_to_sc
12259,0.312835,0.14361,0.48206,of_to_sc
12260,0.24298,0.08866,0.3973,of_to_sc
12261,0.287945,0.10467,0.47122,of_to_sc
12262,0.35126,0.1628,0.53972,of_to_sc
12263,0.332145,0.15839,0.5059,of_to_sc
12264,0.30034,0.1269,0.47378,of_to_sc
12265,0.3045,0.13659,0.47241,of_to_sc
12266,0.34673,0.14905,0.54441,of_to_sc
12267,0.19963499999999998,0.06287,0.3364,of_to_sc
12268,0.34384,0.14015,0.54753,of_to_sc
12269,0.348675,0.14574,0.55161,of_to_sc
12270,0.586725,0.28421,0.88924,of_to_sc
12271,0.304885,0.14528,0.46449,of_to_sc
12272,0.26421,0.09982,0.4286,of_to_sc
12273,0.225575,0.09951,0.35164,of_to_sc
12274,0.390585,0.20279,0.57838,of_to_sc
12275,0.2079,0.068,0.3478,of_to_sc
12276,0.248475,0.08853,0.40842,of_to_sc
12277,0.21086500000000002,0.07763,0.3441,of_to_sc
12278,0.32939999999999997,0.15874,0.50006,of_to_sc
12279,0.38034,0.19598,0.5647,of_to_sc
12280,0.21966,0.03902,0.4003,of_to_sc
12281,0.291355,0.10799,0.47472,of_to_sc
12282,0.201795,0.0427,0.36089,of_to_sc
12283,0.298425,0.11717,0.47968,of_to_sc
12284,0.28363499999999997,0.13526,0.43201,of_to_sc
12285,0.16459500000000002,0.01278,0.31641,of_to_sc
12286,0.22696,0.04571,0.40821,of_to_sc
12287,0.21302000000000001,0.08005,0.34599,of_to_sc
12288,0.23079500000000003,0.08035,0.38124,of_to_sc
12289,0.20690999999999998,0.07842,0.3354,of_to_sc
12290,0.31677,0.08906,0.54448,of_to_sc
12291,0.29161499999999996,0.13893,0.4443,of_to_sc
12292,0.289155,0.12269,0.45562,of_to_sc
12293,0.35280500000000004,0.18042,0.52519,of_to_sc
12294,0.19644499999999998,0.06714,0.32575,of_to_sc
12295,0.242925,0.09478,0.39107,of_to_sc
12296,0.27708,0.07829,0.47587,of_to_sc
12297,0.261815,0.09389,0.42974,of_to_sc
12298,0.252525,0.10831,0.39674,of_to_sc
12299,0.375495,0.19561,0.55538,of_to_sc
12300,0.34689,0.17223,0.52155,of_to_sc
12301,0.25648,0.06625,0.44671,of_to_sc
12302,0.6157600000000001,0.34294,0.88858,of_to_sc
12303,0.342225,0.15405,0.5304,of_to_sc
12304,0.30272,0.14513,0.46031,of_to_sc
12305,0.237425,0.09347,0.38138,of_to_sc
12306,0.32660500000000003,0.13046,0.52275,of_to_sc
12307,0.20254,0.06039,0.34469,of_to_sc
12308,0.36510499999999996,0.18141,0.5488,of_to_sc
12309,0.29283,0.09745,0.48821,of_to_sc
12310,0.32243,0.14872,0.49614,of_to_sc
12311,0.280595,0.09788,0.46331,of_to_sc
12312,0.66977,0.40825,0.93129,of_to_sc
12313,0.363135,0.17526,0.55101,of_to_sc
12314,0.31147,0.14732,0.47562,of_to_sc
12315,0.28614999999999996,0.05468,0.51762,of_to_sc
12316,0.21324,0.03438,0.3921,of_to_sc
12317,0.350415,0.18011,0.52072,of_to_sc
12318,0.22666999999999998,0.09056,0.36278,of_to_sc
12319,0.26259,0.10924,0.41594,of_to_sc
12320,0.24161,0.09894,0.38428,of_to_sc
12321,0.309905,0.12671,0.4931,of_to_sc
12322,0.28197,0.12104,0.4429,of_to_sc
12323,0.308195,0.13891,0.47748,of_to_sc
12324,0.193555,0.06446,0.32265,of_to_sc
12325,0.290485,0.09984,0.48113,of_to_sc
12326,0.296195,0.12677,0.46562,of_to_sc
12327,0.21576499999999998,0.09391,0.33762,of_to_sc
12328,0.187855,0.03307,0.34264,of_to_sc
12329,0.204315,0.01626,0.39237,of_to_sc
12330,0.317265,0.13908,0.49545,of_to_sc
12331,0.18369,0.06215,0.30523,of_to_sc
12332,0.25978,0.11672,0.40284,of_to_sc
12333,0.306735,0.14797,0.4655,of_to_sc
12334,0.32514,0.14138,0.5089,of_to_sc
12335,0.409415,0.17299,0.64584,of_to_sc
12336,0.322315,0.10713,0.5375,of_to_sc
12337,0.225075,0.08954,0.36061,of_to_sc
12338,0.38748,0.16938,0.60558,of_to_sc
12339,0.286885,0.11844,0.45533,of_to_sc
12340,0.28132,0.11583,0.44681,of_to_sc
12341,0.22191000000000002,0.06169,0.38213,of_to_sc
12342,0.65943,0.39663,0.92223,of_to_sc
12343,0.29214,0.13922,0.44506,of_to_sc
12344,0.24247000000000002,0.07484,0.4101,of_to_sc
12345,0.244975,0.113,0.37695,of_to_sc
12346,0.316855,0.1286,0.50511,of_to_sc
12347,0.38965500000000003,0.20218,0.57713,of_to_sc
12348,0.24440499999999998,0.1096,0.37921,of_to_sc
12349,0.374685,0.18647,0.5629,of_to_sc
12350,0.29735,0.12953,0.46517,of_to_sc
12351,0.21168,0.06572,0.35764,of_to_sc
12352,0.616445,0.32975,0.90314,of_to_sc
12353,0.252675,0.06613,0.43922,of_to_sc
12354,0.33546,0.16538,0.50554,of_to_sc
12355,0.290365,0.11812,0.46261,of_to_sc
12356,0.242135,0.09585,0.38842,of_to_sc
12357,0.19186999999999999,0.05639,0.32735,of_to_sc
12358,0.39717,0.20592,0.58842,of_to_sc
12359,0.21980000000000002,0.02811,0.41149,of_to_sc
12360,0.284275,0.12185,0.4467,of_to_sc
12361,0.31149499999999997,0.12943,0.49356,of_to_sc
12362,0.22721,0.0929,0.36152,of_to_sc
12363,0.31831,0.15947,0.47715,of_to_sc
12364,0.202475,0.08537,0.31958,of_to_sc
12365,0.300505,0.09521,0.5058,of_to_sc
12366,0.20357,0.07044,0.3367,of_to_sc
12367,0.3435,0.16073,0.52627,of_to_sc
12368,0.304645,0.14793,0.46136,of_to_sc
12369,0.22219,0.02548,0.4189,of_to_sc
12370,0.28332,0.13101,0.43563,of_to_sc
12371,0.31523999999999996,0.13789,0.49259,of_to_sc
12372,0.20841,0.072,0.34482,of_to_sc
12373,0.33563499999999996,0.16643,0.50484,of_to_sc
12374,0.22721999999999998,0.09312,0.36132,of_to_sc
12375,0.30796999999999997,0.11989,0.49605,of_to_sc
12376,0.3207,0.15074,0.49066,of_to_sc
12377,0.261325,0.10909,0.41356,of_to_sc
12378,0.253885,0.09861,0.40916,of_to_sc
12379,0.19452,0.0334,0.35564,of_to_sc
12380,0.69356,0.42838,0.95874,of_to_sc
12381,0.255305,0.10021,0.4104,of_to_sc
12382,0.213735,0.06729,0.36018,of_to_sc
12383,0.266735,0.12078,0.41269,of_to_sc
12384,0.323115,0.14547,0.50076,of_to_sc
12385,0.382105,0.18692,0.57729,of_to_sc
12386,0.37468,0.19735,0.55201,of_to_sc
12387,0.259065,0.09486,0.42327,of_to_sc
12388,0.25135,0.08423,0.41847,of_to_sc
12389,0.268415,0.12136,0.41547,of_to_sc
12390,0.27424,0.12586,0.42262,of_to_sc
12391,0.255565,0.10282,0.40831,of_to_sc
12392,0.6754,0.40984,0.94096,of_to_sc
12393,0.23346,0.09157,0.37535,of_to_sc
12394,0.227185,0.03054,0.42383,of_to_sc
12395,0.240725,0.10885,0.3726,of_to_sc
12396,0.30173,0.11373,0.48973,of_to_sc
12397,0.33327,0.15751,0.50903,of_to_sc
12398,0.275135,0.10485,0.44542,of_to_sc
12399,0.21527000000000002,0.09415,0.33639,of_to_sc
12400,0.250905,0.09156,0.41025,of_to_sc
12401,0.362795,0.14789,0.5777,of_to_sc
12402,0.22216000000000002,0.07641,0.36791,of_to_sc
12403,0.264735,0.07971,0.44976,of_to_sc
12404,0.3712,0.18902,0.55338,of_to_sc
12405,0.254865,0.10957,0.40016,of_to_sc
12406,0.32071,0.15076,0.49066,of_to_sc
12407,0.340095,0.14598,0.53421,of_to_sc
12408,0.140755,0.01616,0.26535,of_to_sc
12409,0.371485,0.11588,0.62709,of_to_sc
12410,0.25841000000000003,0.07914,0.43768,of_to_sc
12411,0.301215,0.13622,0.46621,of_to_sc
12412,0.291785,0.13328,0.45029,of_to_sc
12413,0.23685,0.08005,0.39365,of_to_sc
12414,0.21392999999999998,0.0762,0.35166,of_to_sc
12415,0.3635,0.16432,0.56268,of_to_sc
12416,0.316225,0.14863,0.48382,of_to_sc
12417,0.19439,0.06808,0.3207,of_to_sc
12418,0.36645,0.16598,0.56692,of_to_sc
12419,0.2959,0.13087,0.46093,of_to_sc
12420,0.32455500000000004,0.14829,0.50082,of_to_sc
12421,0.27824,0.1303,0.42618,of_to_sc
12422,0.323315,0.15078,0.49585,of_to_sc
12423,0.36158,0.1201,0.60306,of_to_sc
12424,0.30217499999999997,0.12563,0.47872,of_to_sc
12425,0.529405,0.15971,0.8991,of_to_sc
12426,0.361485,0.16754,0.55543,of_to_sc
12427,0.23838,0.08515,0.39161,of_to_sc
12428,0.254025,0.07466,0.43339,of_to_sc
12429,0.32044,0.13178,0.5091,of_to_sc
12430,0.22776,0.0983,0.35722,of_to_sc
12431,0.30744499999999997,0.12163,0.49326,of_to_sc
12432,0.339275,0.16738,0.51117,of_to_sc
12433,0.27753,0.10476,0.4503,of_to_sc
12434,0.526515,0.18037,0.87266,of_to_sc
12435,0.255595,0.08992,0.42127,of_to_sc
12436,0.242295,0.08594,0.39865,of_to_sc
12437,0.19349,0.06816,0.31882,of_to_sc
12438,0.31537,0.11947,0.51127,of_to_sc
12439,0.22939500000000002,0.09759,0.3612,of_to_sc
12440,0.294205,0.12059,0.46782,of_to_sc
12441,0.2534,0.11615,0.39065,of_to_sc
12442,0.27646,0.09076,0.46216,of_to_sc
12443,0.33225,0.15042,0.51408,of_to_sc
12444,0.254915,0.10354,0.40629,of_to_sc
12445,0.24856,0.03986,0.45726,of_to_sc
12446,0.254075,0.08568,0.42247,of_to_sc
12447,0.24034,0.05353,0.42715,of_to_sc
12448,0.33853999999999995,0.15702,0.52006,of_to_sc
12449,0.36584,0.1825,0.54918,of_to_sc
12450,0.2604,0.0974,0.4234,of_to_sc
12451,0.263905,0.1095,0.41831,of_to_sc
12452,0.631775,0.35038,0.91317,of_to_sc
12453,0.306745,0.12788,0.48561,of_to_sc
12454,0.25845,0.11396,0.40294,of_to_sc
12455,0.378065,0.18309,0.57304,of_to_sc
12456,0.27071500000000004,0.10613,0.4353,of_to_sc
12457,0.2341,0.09641,0.37179,of_to_sc
12458,0.30773,0.1018,0.51366,of_to_sc
12459,0.2594,0.08079,0.43801,of_to_sc
12460,0.22527,0.09155,0.35899,of_to_sc
12461,0.258255,0.08252,0.43399,of_to_sc
12462,0.236485,0.08117,0.3918,of_to_sc
12463,0.30698,0.12141,0.49255,of_to_sc
12464,0.37311500000000003,0.16608,0.58015,of_to_sc
12465,0.305775,0.13813,0.47342,of_to_sc
12466,0.16532,0.01703,0.31361,of_to_sc
12467,0.23082000000000003,0.07846,0.38318,of_to_sc
12468,0.32789,0.1446,0.51118,of_to_sc
12469,0.24065499999999998,0.07547,0.40584,of_to_sc
12470,0.24662,0.10175,0.39149,of_to_sc
12471,0.30587,0.13871,0.47303,of_to_sc
12472,0.34038999999999997,0.14882,0.53196,of_to_sc
12473,0.34193999999999997,0.13564,0.54824,of_to_sc
12474,0.331055,0.1316,0.53051,of_to_sc
12475,0.368445,0.19793,0.53896,of_to_sc
12476,0.323255,0.15501,0.4915,of_to_sc
12477,0.31926,0.102,0.53652,of_to_sc
12478,0.284675,0.11458,0.45477,of_to_sc
12479,0.215675,0.076,0.35535,of_to_sc
12480,0.21681999999999998,0.08957,0.34407,of_to_sc
12481,0.331885,0.11997,0.5438,of_to_sc
12482,0.275445,0.11547,0.43542,of_to_sc
12483,0.34606,0.16843,0.52369,of_to_sc
12484,0.286305,0.13223,0.44038,of_to_sc
12485,0.24121,0.10768,0.37474,of_to_sc
12486,0.197855,0.06392,0.33179,of_to_sc
12487,0.27698,0.08012,0.47384,of_to_sc
12488,0.33377500000000004,0.13509,0.53246,of_to_sc
12489,0.30145500000000003,0.1277,0.47521,of_to_sc
12490,0.27574,0.1133,0.43818,of_to_sc
12491,0.33755,0.1531,0.522,of_to_sc
12492,0.260975,0.0862,0.43575,of_to_sc
12493,0.210765,0.05403,0.3675,of_to_sc
12494,0.25268,0.09233,0.41303,of_to_sc
14040,0.238905,0.08693,0.39088,of_to_sc
14041,0.343425,0.15553,0.53132,of_to_sc
14042,0.27719499999999997,0.0957,0.45869,of_to_sc
14043,0.2052,0.08318,0.32722,of_to_sc
14044,0.37997499999999995,0.18002,0.57993,of_to_sc
14045,0.33383,0.1687,0.49896,of_to_sc
14046,0.35551,0.13912,0.5719,of_to_sc
14047,0.26766,0.10327,0.43205,of_to_sc
14048,0.277215,0.12055,0.43388,of_to_sc
14049,0.34499500000000005,0.1527,0.53729,of_to_sc
14050,0.278445,0.12627,0.43062,of_to_sc
14051,0.280395,0.11872,0.44207,of_to_sc
14052,0.18782,0.0455,0.33014,of_to_sc
14053,0.286995,0.08629,0.4877,of_to_sc
14054,0.316265,0.14666,0.48587,of_to_sc
14055,0.283785,0.07676,0.49081,of_to_sc
14056,0.21357500000000001,0.07124,0.35591,of_to_sc
14057,0.29963,0.15055,0.44871,of_to_sc
14058,0.25796,0.09033,0.42559,of_to_sc
14059,0.238915,0.07601,0.40182,of_to_sc
14060,0.200675,0.08013,0.32122,of_to_sc
14061,0.23654999999999998,0.05855,0.41455,of_to_sc
14062,0.3101,0.13485,0.48535,of_to_sc
14063,0.392885,0.18408,0.60169,of_to_sc
14064,0.225605,0.06445,0.38676,of_to_sc
14065,0.298325,0.10575,0.4909,of_to_sc
14066,0.288185,0.1048,0.47157,of_to_sc
14067,0.231315,0.0836,0.37903,of_to_sc
14068,0.273475,0.12099,0.42596,of_to_sc
14069,0.25467,0.11436,0.39498,of_to_sc
14070,0.224225,0.06642,0.38203,of_to_sc
14071,0.350645,0.16116,0.54013,of_to_sc
14072,0.24545,0.05817,0.43273,of_to_sc
14073,0.287505,0.12674,0.44827,of_to_sc
14074,0.18761999999999998,0.05355,0.32169,of_to_sc
14075,0.298035,0.14633,0.44974,of_to_sc
14076,0.32222,0.14568,0.49876,of_to_sc
14077,0.36402,0.17238,0.55566,of_to_sc
14078,0.34197,0.17262,0.51132,of_to_sc
14079,0.2934,0.13412,0.45268,of_to_sc
14080,0.1948,0.06865,0.32095,of_to_sc
14081,0.26421,0.12253,0.40589,of_to_sc
14082,0.305765,0.13967,0.47186,of_to_sc
14083,0.353475,0.14114,0.56581,of_to_sc
14084,0.28236500000000003,0.12327,0.44146,of_to_sc
14085,0.22783,0.08282,0.37284,of_to_sc
14086,0.29297,0.07051,0.51543,of_to_sc
14087,0.15811999999999998,0.03356,0.28268,of_to_sc
14088,0.27746000000000004,0.11901,0.43591,of_to_sc
14089,0.27671,0.12531,0.42811,of_to_sc
14090,0.30149,0.14168,0.4613,of_to_sc
14091,0.32669499999999996,0.15075,0.50264,of_to_sc
14092,0.28709,0.13433,0.43985,of_to_sc
14093,0.225935,0.05562,0.39625,of_to_sc
14094,0.22244,0.08799,0.35689,of_to_sc
14095,0.30056499999999997,0.12999,0.47114,of_to_sc
14096,0.35380999999999996,0.16068,0.54694,of_to_sc
14097,0.34907499999999997,0.16272,0.53543,of_to_sc
14098,0.31204,0.13147,0.49261,of_to_sc
14099,0.247555,0.06648,0.42863,of_to_sc
14100,0.27408,0.10248,0.44568,of_to_sc
14101,0.29215,0.12416,0.46014,of_to_sc
14102,0.354065,0.10661,0.60152,of_to_sc
14103,0.2277,0.06328,0.39212,of_to_sc
14104,0.22196,0.08498,0.35894,of_to_sc
14105,0.330715,0.15162,0.50981,of_to_sc
14106,0.27842500000000003,0.10046,0.45639,of_to_sc
14107,0.20067,0.07848,0.32286,of_to_sc
14108,0.246905,0.09532,0.39849,of_to_sc
14109,0.24888,0.09235,0.40541,of_to_sc
14110,0.22946,0.04844,0.41048,of_to_sc
14111,0.28215,0.07785,0.48645,of_to_sc
14112,0.211955,0.08128,0.34263,of_to_sc
14113,0.28975,0.13676,0.44274,of_to_sc
14114,0.30012,0.14101,0.45923,of_to_sc
14115,0.247185,0.08206,0.41231,of_to_sc
14116,0.27482,0.11598,0.43366,of_to_sc
14117,0.32681499999999997,0.14262,0.51101,of_to_sc
14118,0.31945,0.13027,0.50863,of_to_sc
14119,0.290895,0.13602,0.44577,of_to_sc
14120,0.26295,0.11684,0.40906,of_to_sc
14121,0.338395,0.14406,0.53273,of_to_sc
14122,0.305015,0.12313,0.4869,of_to_sc
14123,0.237375,0.10415,0.3706,of_to_sc
14124,0.31640999999999997,0.12855,0.50427,of_to_sc
14125,0.29181,0.13118,0.45244,of_to_sc
14126,0.254335,0.10969,0.39898,of_to_sc
14127,0.21942499999999998,0.06464,0.37421,of_to_sc
14128,0.32228999999999997,0.14201,0.50257,of_to_sc
14129,0.27359,0.11136,0.43582,of_to_sc
14130,0.24756999999999998,0.09824,0.3969,of_to_sc
14131,0.31445500000000004,0.14172,0.48719,of_to_sc
14132,0.210545,0.07571,0.34538,of_to_sc
14133,0.28209,0.11428,0.4499,of_to_sc
14134,0.34360999999999997,0.14733,0.53989,of_to_sc
14135,0.29810000000000003,0.08586,0.51034,of_to_sc
14136,0.33869499999999997,0.13606,0.54133,of_to_sc
14137,0.191,0.06803,0.31397,of_to_sc
14138,0.24547,0.06867,0.42227,of_to_sc
14139,0.27661,0.11131,0.44191,of_to_sc
14140,0.29036,0.12589,0.45483,of_to_sc
14141,0.28691500000000003,0.10863,0.4652,of_to_sc
14142,0.28362,0.12247,0.44477,of_to_sc
14143,0.200575,0.0706,0.33055,of_to_sc
14144,0.28798,0.0861,0.48986,of_to_sc
14145,0.32372,0.14807,0.49937,of_to_sc
14146,0.250815,0.10789,0.39374,of_to_sc
14147,0.24825999999999998,0.11594,0.38058,of_to_sc
14148,0.370715,0.18823,0.5532,of_to_sc
14149,0.270235,0.11209,0.42838,of_to_sc
14150,0.352065,0.16505,0.53908,of_to_sc
14151,0.274115,0.06419,0.48404,of_to_sc
14152,0.20095000000000002,0.0876,0.3143,of_to_sc
14153,0.30767500000000003,0.1405,0.47485,of_to_sc
14154,0.307695,0.11231,0.50308,of_to_sc
14155,0.32921500000000004,0.13351,0.52492,of_to_sc
14156,0.34184,0.14911,0.53457,of_to_sc
14157,0.18959,0.07151,0.30767,of_to_sc
14158,0.26309,0.11776,0.40842,of_to_sc
14159,0.25342,0.10006,0.40678,of_to_sc
14160,0.2163,0.07799,0.35461,of_to_sc
14161,0.37659,0.17285,0.58033,of_to_sc
14162,0.227865,0.0961,0.35963,of_to_sc
14163,0.319075,0.14782,0.49033,of_to_sc
14164,0.29259999999999997,0.14006,0.44514,of_to_sc
14165,0.23185499999999998,0.07574,0.38797,of_to_sc
14166,0.219485,0.08167,0.3573,of_to_sc
14167,0.31577500000000003,0.12987,0.50168,of_to_sc
14168,0.282465,0.09805,0.46688,of_to_sc
14169,0.24944,0.09636,0.40252,of_to_sc
14170,0.334175,0.15742,0.51093,of_to_sc
14171,0.313935,0.10014,0.52773,of_to_sc
14172,0.35941,0.16175,0.55707,of_to_sc
14173,0.27088,0.11959,0.42217,of_to_sc
14174,0.27103,0.11163,0.43043,of_to_sc
14175,0.32448,0.13321,0.51575,of_to_sc
14176,0.346255,0.14565,0.54686,of_to_sc
14177,0.1821,0.03803,0.32617,of_to_sc
14178,0.25038,0.1067,0.39406,of_to_sc
14179,0.33764000000000005,0.15592,0.51936,of_to_sc
14180,0.22506500000000002,0.06264,0.38749,of_to_sc
14181,0.255895,0.09532,0.41647,of_to_sc
14182,0.21833000000000002,0.09184,0.34482,of_to_sc
14183,0.267675,0.11403,0.42132,of_to_sc
14184,0.29278499999999996,0.11895,0.46662,of_to_sc
14185,0.27359,0.11722,0.42996,of_to_sc
14186,0.21093,0.08527,0.33659,of_to_sc
14187,0.319695,0.14059,0.4988,of_to_sc
14188,0.32089,0.13036,0.51142,of_to_sc
14189,0.27807499999999996,0.13154,0.42461,of_to_sc
14190,0.32471500000000003,0.14963,0.4998,of_to_sc
14191,0.36954,0.17395,0.56513,of_to_sc
14192,0.28049999999999997,0.11064,0.45036,of_to_sc
14193,0.33053,0.10308,0.55798,of_to_sc
14194,0.219915,0.06421,0.37562,of_to_sc
14195,0.29099,0.12831,0.45367,of_to_sc
14196,0.32425000000000004,0.13431,0.51419,of_to_sc
14197,0.239355,0.07521,0.4035,of_to_sc
14198,0.31334500000000004,0.12597,0.50072,of_to_sc
14199,0.18031,0.06873,0.29189,of_to_sc
14200,0.296325,0.09415,0.4985,of_to_sc
14201,0.31218,0.097,0.52736,of_to_sc
14202,0.30387000000000003,0.11544,0.4923,of_to_sc
14203,0.25495,0.08858,0.42132,of_to_sc
14204,0.23234500000000002,0.07119,0.3935,of_to_sc
14205,0.351335,0.1634,0.53927,of_to_sc
14206,0.37982,0.18476,0.57488,of_to_sc
14207,0.183,0.0736,0.2924,of_to_sc
14208,0.313475,0.15039,0.47656,of_to_sc
14209,0.30511,0.13453,0.47569,of_to_sc
14210,0.261,0.12124,0.40076,of_to_sc
14211,0.286935,0.12807,0.4458,of_to_sc
14212,0.22197,0.07832,0.36562,of_to_sc
14213,0.30201500000000003,0.12239,0.48164,of_to_sc
14214,0.29332,0.14419,0.44245,of_to_sc
14215,0.259115,0.06861,0.44962,of_to_sc
14216,0.18107,0.06173,0.30041,of_to_sc
14217,0.363355,0.18565,0.54106,of_to_sc
14218,0.32599999999999996,0.15841,0.49359,of_to_sc
14219,0.236045,0.09176,0.38033,of_to_sc
14220,0.23329499999999997,0.09733,0.36926,of_to_sc
14221,0.251465,0.09121,0.41172,of_to_sc
14222,0.20495999999999998,0.04566,0.36426,of_to_sc
14223,0.31496999999999997,0.14522,0.48472,of_to_sc
14224,0.29003,0.1335,0.44656,of_to_sc
14225,0.280345,0.12727,0.43342,of_to_sc
14226,0.19035000000000002,0.07801,0.30269,of_to_sc
14227,0.3308,0.14566,0.51594,of_to_sc
14228,0.28071,0.08736,0.47406,of_to_sc
14229,0.313925,0.12827,0.49958,of_to_sc
14230,0.37934,0.19158,0.5671,of_to_sc
14231,0.29652999999999996,0.07263,0.52043,of_to_sc
14232,0.28945,0.08495,0.49395,of_to_sc
14233,0.23745499999999997,0.08872,0.38619,of_to_sc
14234,0.301695,0.10637,0.49702,of_to_sc
14235,0.406325,0.16852,0.64413,of_to_sc
14236,0.30971,0.13001,0.48941,of_to_sc
14237,0.187695,0.07591,0.29948,of_to_sc
14238,0.257945,0.10858,0.40731,of_to_sc
14239,0.37815,0.17253,0.58377,of_to_sc
14240,0.25576,0.08013,0.43139,of_to_sc
14241,0.288805,0.0973,0.48031,of_to_sc
14242,0.358695,0.12718,0.59021,of_to_sc
14243,0.24077500000000002,0.06886,0.41269,of_to_sc
14244,0.19583,0.08032,0.31134,of_to_sc
14245,0.31576,0.13595,0.49557,of_to_sc
14246,0.338705,0.16028,0.51713,of_to_sc
14247,0.17429,0.07204,0.27654,of_to_sc
14248,0.26203,0.10948,0.41458,of_to_sc
14249,0.304765,0.14115,0.46838,of_to_sc
14250,0.25791,0.11758,0.39824,of_to_sc
14251,0.360075,0.16386,0.55629,of_to_sc
14252,0.19478,0.06744,0.32212,of_to_sc
14253,0.31311,0.13681,0.48941,of_to_sc
14254,0.24379,0.0558,0.43178,of_to_sc
14255,0.315925,0.15769,0.47416,of_to_sc
14256,0.272,0.11151,0.43249,of_to_sc
14257,0.29568,0.07991,0.51145,of_to_sc
14258,0.38089,0.16072,0.60106,of_to_sc
14259,0.25778,0.10591,0.40965,of_to_sc
14260,0.247075,0.10443,0.38972,of_to_sc
14261,0.33664,0.12754,0.54574,of_to_sc
14262,0.25634,0.07723,0.43545,of_to_sc
14263,0.161575,0.04212,0.28103,of_to_sc
14264,0.2965,0.13079,0.46221,of_to_sc
14265,0.292475,0.13623,0.44872,of_to_sc
14266,0.281435,0.08905,0.47382,of_to_sc
14267,0.29388000000000003,0.09745,0.49031,of_to_sc
14268,0.27203,0.07813,0.46593,of_to_sc
14269,0.352885,0.15323,0.55254,of_to_sc
14270,0.19278,0.06754,0.31802,of_to_sc
14271,0.32870499999999997,0.14691,0.5105,of_to_sc
14272,0.293395,0.0866,0.50019,of_to_sc
14273,0.34477,0.14212,0.54742,of_to_sc
14274,0.30142,0.13214,0.4707,of_to_sc
14275,0.281185,0.0645,0.49787,of_to_sc
14276,0.31025,0.12805,0.49245,of_to_sc
14277,0.18371,0.05568,0.31174,of_to_sc
14278,0.275565,0.12173,0.4294,of_to_sc
14279,0.259315,0.10722,0.41141,of_to_sc
14280,0.261065,0.10626,0.41587,of_to_sc
14281,0.297035,0.094,0.50007,of_to_sc
14282,0.311,0.14145,0.48055,of_to_sc
14283,0.308255,0.1374,0.47911,of_to_sc
14284,0.21031,0.0722,0.34842,of_to_sc
14285,0.23328,0.01987,0.44669,of_to_sc
14286,0.32059,0.13279,0.50839,of_to_sc
14287,0.26355,0.11462,0.41248,of_to_sc
14288,0.282575,0.08278,0.48237,of_to_sc
14289,0.33186,0.15581,0.50791,of_to_sc
14290,0.192625,0.04288,0.34237,of_to_sc
14291,0.33257499999999995,0.1497,0.51545,of_to_sc
14292,0.32115,0.10225,0.54005,of_to_sc
14293,0.32413,0.14945,0.49881,of_to_sc
14294,0.251685,0.0968,0.40657,of_to_sc
14295,0.27219,0.11832,0.42606,of_to_sc
14296,0.353485,0.17882,0.52815,of_to_sc
14297,0.163455,0.05967,0.26724,of_to_sc
14298,0.26648499999999997,0.11623,0.41674,of_to_sc
14299,0.227605,0.08194,0.37327,of_to_sc
14300,0.236395,0.09747,0.37532,of_to_sc
14301,0.29774,0.13182,0.46366,of_to_sc
14302,0.18239,0.06229,0.30249,of_to_sc
14303,0.32494,0.12039,0.52949,of_to_sc
14304,0.33690000000000003,0.11811,0.55569,of_to_sc
14305,0.29272,0.11465,0.47079,of_to_sc
14306,0.18481,0.07294,0.29668,of_to_sc
14307,0.27808499999999997,0.11669,0.43948,of_to_sc
14308,0.231745,0.09197,0.37152,of_to_sc
14309,0.35456,0.15871,0.55041,of_to_sc
14310,0.231255,0.10013,0.36238,of_to_sc
14311,0.325575,0.15289,0.49826,of_to_sc
14312,0.276005,0.11069,0.44132,of_to_sc
14313,0.23517,0.10504,0.3653,of_to_sc
14314,0.40237999999999996,0.22154,0.58322,of_to_sc
14315,0.304235,0.13014,0.47833,of_to_sc
14316,0.310645,0.08706,0.53423,of_to_sc
14317,0.235405,0.05791,0.4129,of_to_sc
14318,0.30851,0.13051,0.48651,of_to_sc
14319,0.321095,0.13638,0.50581,of_to_sc
14320,0.29095,0.08383,0.49807,of_to_sc
14321,0.33465,0.14426,0.52504,of_to_sc
14322,0.295025,0.08859,0.50146,of_to_sc
14323,0.29629500000000003,0.11311,0.47948,of_to_sc
14324,0.28561000000000003,0.13593,0.43529,of_to_sc
14325,0.357865,0.11627,0.59946,of_to_sc
14326,0.34165,0.14418,0.53912,of_to_sc
14327,0.165105,0.06107,0.26914,of_to_sc
14328,0.27303499999999997,0.12407,0.422,of_to_sc
14329,0.313925,0.14316,0.48469,of_to_sc
14330,0.290485,0.11582,0.46515,of_to_sc
14331,0.32355,0.16369,0.48341,of_to_sc
14332,0.178745,0.06735,0.29014,of_to_sc
14333,0.318815,0.14967,0.48796,of_to_sc
14334,0.25226,0.09777,0.40675,of_to_sc
14335,0.256485,0.07528,0.43769,of_to_sc
14336,0.2176,0.08441,0.35079,of_to_sc
14337,0.280875,0.1026,0.45915,of_to_sc
14338,0.30835,0.14146,0.47524,of_to_sc
14339,0.27391,0.09949,0.44833,of_to_sc
14340,0.6486099999999999,0.39591,0.90131,of_to_sc
14341,0.25128,0.06478,0.43778,of_to_sc
14342,0.345305,0.1462,0.54441,of_to_sc
14343,0.28346,0.12372,0.4432,of_to_sc
14344,0.20544500000000002,0.08216,0.32873,of_to_sc
14345,0.31813,0.13633,0.49993,of_to_sc
14346,0.321555,0.14439,0.49872,of_to_sc
14347,0.18908,0.07193,0.30623,of_to_sc
14348,0.231655,0.07416,0.38915,of_to_sc
14349,0.312805,0.14466,0.48095,of_to_sc
14350,0.38215,0.19001,0.57429,of_to_sc
14351,0.19994499999999998,0.03728,0.36261,of_to_sc
14352,0.302085,0.12578,0.47839,of_to_sc
14353,0.235075,0.09781,0.37234,of_to_sc
14354,0.278335,0.12564,0.43103,of_to_sc
14355,0.35603,0.14818,0.56388,of_to_sc
14356,0.321695,0.12891,0.51448,of_to_sc
14357,0.173425,0.05944,0.28741,of_to_sc
14358,0.24697000000000002,0.09994,0.394,of_to_sc
14359,0.28502,0.07194,0.4981,of_to_sc
14360,0.33836499999999997,0.15533,0.5214,of_to_sc
14361,0.30525,0.13198,0.47852,of_to_sc
14362,0.205965,0.08292,0.32901,of_to_sc
14363,0.32116500000000003,0.16342,0.47891,of_to_sc
14364,0.32501500000000005,0.14965,0.50038,of_to_sc
14365,0.290975,0.10262,0.47933,of_to_sc
14366,0.295105,0.12741,0.4628,of_to_sc
14367,0.16349999999999998,0.04771,0.27929,of_to_sc
14368,0.23911,0.05715,0.42107,of_to_sc
14369,0.24989999999999998,0.09313,0.40667,of_to_sc
14370,0.228065,0.08796,0.36817,of_to_sc
14371,0.3496,0.16715,0.53205,of_to_sc
14372,0.338075,0.16568,0.51047,of_to_sc
14373,0.18123499999999998,0.07213,0.29034,of_to_sc
14374,0.344115,0.15176,0.53647,of_to_sc
14375,0.298755,0.14719,0.45032,of_to_sc
14376,0.24783,0.09665,0.39901,of_to_sc
14377,0.330555,0.155,0.50611,of_to_sc
14378,0.32365,0.15173,0.49557,of_to_sc
14379,0.264415,0.10914,0.41969,of_to_sc
14380,0.33804,0.15431,0.52177,of_to_sc
14381,0.38559,0.17337,0.59781,of_to_sc
14382,0.187995,0.04946,0.32653,of_to_sc
14383,0.29189,0.09596,0.48782,of_to_sc
14384,0.305525,0.13694,0.47411,of_to_sc
14385,0.24642999999999998,0.10839,0.38447,of_to_sc
14386,0.31018500000000004,0.1156,0.50477,of_to_sc
14387,0.2143,0.0978,0.3308,of_to_sc
14388,0.27282,0.11357,0.43207,of_to_sc
14389,0.25614000000000003,0.11235,0.39993,of_to_sc
14390,0.25370000000000004,0.11057,0.39683,of_to_sc
14391,0.37871,0.18473,0.57269,of_to_sc
14392,0.315005,0.14973,0.48028,of_to_sc
14393,0.19441,0.06032,0.3285,of_to_sc
14394,0.330575,0.14712,0.51403,of_to_sc
14395,0.25543499999999997,0.11341,0.39746,of_to_sc
14396,0.24908,0.10369,0.39447,of_to_sc
14397,0.27857,0.08384,0.4733,of_to_sc
14398,0.315,0.11916,0.51084,of_to_sc
14399,0.290875,0.13178,0.44997,of_to_sc
14400,0.359245,0.16348,0.55501,of_to_sc
14401,0.3186,0.14535,0.49185,of_to_sc
14402,0.32471000000000005,0.1477,0.50172,of_to_sc
14403,0.310825,0.12867,0.49298,of_to_sc
14404,0.28258,0.09548,0.46968,of_to_sc
14405,0.27232,0.11795,0.42669,of_to_sc
14406,0.29428,0.08234,0.50622,of_to_sc
14407,0.21552,0.09051,0.34053,of_to_sc
14408,0.27807000000000004,0.12411,0.43203,of_to_sc
14409,0.277345,0.12773,0.42696,of_to_sc
14410,0.22757,0.09361,0.36153,of_to_sc
14411,0.29165,0.1277,0.4556,of_to_sc
14412,0.2023,0.07878,0.32582,of_to_sc
14413,0.343025,0.15702,0.52903,of_to_sc
14414,0.201485,0.0535,0.34947,of_to_sc
14415,0.251685,0.10071,0.40266,of_to_sc
14416,0.479605,0.16095,0.79826,of_to_sc
14417,0.31005,0.10615,0.51395,of_to_sc
14418,0.378735,0.18885,0.56862,of_to_sc
14419,0.296205,0.12097,0.47144,of_to_sc
22342,0.26791,0.1156,0.42022,of_to_sc
22343,0.34102,0.15571,0.52633,of_to_sc
22344,0.20743999999999999,0.08686,0.32802,of_to_sc
22345,0.275065,0.1124,0.43773,of_to_sc
22346,0.285165,0.07052,0.49981,of_to_sc
22347,0.210255,0.09584,0.32467,of_to_sc
22348,0.44188500000000003,0.24448,0.63929,of_to_sc
22349,0.31651999999999997,0.12147,0.51157,of_to_sc
22350,0.278735,0.12707,0.4304,of_to_sc
22351,0.24513,0.09252,0.39774,of_to_sc
22352,0.29291,0.13242,0.4534,of_to_sc
22353,0.24504,0.10901,0.38107,of_to_sc
22354,0.318875,0.10136,0.53639,of_to_sc
22355,0.23596,0.09124,0.38068,of_to_sc
22356,0.233365,0.08947,0.37726,of_to_sc
22357,0.26871,0.10856,0.42886,of_to_sc
22358,0.31394500000000003,0.12436,0.50353,of_to_sc
22359,0.296985,0.14228,0.45169,of_to_sc
22360,0.20143,0.09631,0.30655,of_to_sc
22361,0.20033,0.08182,0.31884,of_to_sc
22362,0.24261000000000002,0.07839,0.40683,of_to_sc
22363,0.204745,0.07715,0.33234,of_to_sc
22364,0.29612499999999997,0.09959,0.49266,of_to_sc
22365,0.35687500000000005,0.15575,0.558,of_to_sc
22366,0.27158,0.12286,0.4203,of_to_sc
22367,0.203125,0.08333,0.32292,of_to_sc
22368,0.35895,0.15787,0.56003,of_to_sc
22369,0.19017,0.07789,0.30245,of_to_sc
22370,0.258375,0.10683,0.40992,of_to_sc
22371,0.29734,0.1348,0.45988,of_to_sc
22372,0.240915,0.08548,0.39635,of_to_sc
22373,0.30599,0.14133,0.47065,of_to_sc
22374,0.24162499999999998,0.0905,0.39275,of_to_sc
22375,0.336795,0.17526,0.49833,of_to_sc
22376,0.2799,0.14634,0.41346,of_to_sc
22377,0.24887499999999999,0.10584,0.39191,of_to_sc
22378,0.300935,0.10598,0.49589,of_to_sc
22379,0.34132,0.14866,0.53398,of_to_sc
22380,0.24342,0.08863,0.39821,of_to_sc
22381,0.183745,0.06527,0.30222,of_to_sc
22382,0.28082,0.11582,0.44582,of_to_sc
22383,0.21454,0.08859,0.34049,of_to_sc
22384,0.309695,0.12966,0.48973,of_to_sc
22385,0.37721,0.1706,0.58382,of_to_sc
22386,0.24736999999999998,0.09523,0.39951,of_to_sc
22387,0.22835,0.1024,0.3543,of_to_sc
22388,0.322745,0.08441,0.56108,of_to_sc
22389,0.16261,0.04617,0.27905,of_to_sc
22390,0.29606499999999997,0.09332,0.49881,of_to_sc
22391,0.27168,0.13519,0.40817,of_to_sc
22392,0.24095499999999997,0.09183,0.39008,of_to_sc
22393,0.26965,0.10864,0.43066,of_to_sc
22394,0.25689,0.08109,0.43269,of_to_sc
22395,0.24352500000000002,0.08627,0.40078,of_to_sc
22396,0.251985,0.1063,0.39767,of_to_sc
22397,0.262075,0.09312,0.43103,of_to_sc
22398,0.3565,0.17952,0.53348,of_to_sc
22399,0.354575,0.17307,0.53608,of_to_sc
22400,0.239525,0.07649,0.40256,of_to_sc
22401,0.280455,0.14641,0.4145,of_to_sc
22402,0.23919,0.08212,0.39626,of_to_sc
22403,0.30631,0.14358,0.46904,of_to_sc
22404,0.17668,0.054,0.29936,of_to_sc
22405,0.300675,0.12573,0.47562,of_to_sc
22406,0.45048,0.25951,0.64145,of_to_sc
22407,0.18922499999999998,0.0708,0.30765,of_to_sc
22408,0.36938499999999996,0.16302,0.57575,of_to_sc
22409,0.280195,0.09572,0.46467,of_to_sc
22410,0.246635,0.08928,0.40399,of_to_sc
22411,0.217055,0.07241,0.3617,of_to_sc
22412,0.31636000000000003,0.10358,0.52914,of_to_sc
22413,0.304255,0.14326,0.46525,of_to_sc
22414,0.334615,0.10335,0.56588,of_to_sc
22415,0.25479,0.11391,0.39567,of_to_sc
22416,0.2775,0.13174,0.42326,of_to_sc
22417,0.24178,0.04827,0.43529,of_to_sc
22418,0.31265499999999996,0.11913,0.50618,of_to_sc
22419,0.24489,0.08011,0.40967,of_to_sc
22420,0.196805,0.07623,0.31738,of_to_sc
22421,0.29513999999999996,0.12616,0.46412,of_to_sc
22422,0.200665,0.07428,0.32705,of_to_sc
22423,0.32750999999999997,0.1312,0.52382,of_to_sc
22424,0.38276,0.19456,0.57096,of_to_sc
22425,0.270495,0.11448,0.42651,of_to_sc
22426,0.341995,0.12454,0.55945,of_to_sc
22427,0.32311500000000004,0.14937,0.49686,of_to_sc
22428,0.2205,0.05913,0.38187,of_to_sc
22429,0.299855,0.13598,0.46373,of_to_sc
22430,0.19840999999999998,0.07302,0.3238,of_to_sc
22431,0.223625,0.07793,0.36932,of_to_sc
22432,0.233395,0.06617,0.40062,of_to_sc
22433,0.28874500000000003,0.15054,0.42695,of_to_sc
22434,0.28924,0.12371,0.45477,of_to_sc
22435,0.291155,0.11303,0.46928,of_to_sc
22436,0.35856000000000005,0.16495,0.55217,of_to_sc
22437,0.224885,0.07167,0.3781,of_to_sc
22438,0.21787,0.07953,0.35621,of_to_sc
22439,0.19644499999999998,0.07762,0.31527,of_to_sc
22440,0.293385,0.08643,0.50034,of_to_sc
22441,0.238645,0.09242,0.38487,of_to_sc
22442,0.219195,0.10465,0.33374,of_to_sc
22443,0.30453,0.14146,0.4676,of_to_sc
22444,0.389565,0.18448,0.59465,of_to_sc
22445,0.292015,0.11639,0.46764,of_to_sc
22446,0.356425,0.14543,0.56742,of_to_sc
22447,0.34171999999999997,0.14835,0.53509,of_to_sc
22448,0.29085,0.1148,0.4669,of_to_sc
22449,0.2771,0.093,0.4612,of_to_sc
22450,0.27249,0.08175,0.46323,of_to_sc
22451,0.236795,0.10725,0.36634,of_to_sc
22452,0.30513999999999997,0.14703,0.46325,of_to_sc
22453,0.243625,0.0806,0.40665,of_to_sc
22454,0.28381,0.07718,0.49044,of_to_sc
22455,0.30235,0.09098,0.51372,of_to_sc
22456,0.315705,0.08558,0.54583,of_to_sc
22457,0.2314,0.07414,0.38866,of_to_sc
22458,0.239835,0.09104,0.38863,of_to_sc
22459,0.177205,0.04642,0.30799,of_to_sc
22460,0.29168,0.12545,0.45791,of_to_sc
22461,0.2963,0.15152,0.44108,of_to_sc
22462,0.355925,0.15813,0.55372,of_to_sc
22463,0.297315,0.07601,0.51862,of_to_sc
22464,0.34103500000000003,0.11902,0.56305,of_to_sc
22465,0.31095,0.15242,0.46948,of_to_sc
22466,0.199965,0.07375,0.32618,of_to_sc
22467,0.353185,0.12863,0.57774,of_to_sc
22468,0.321295,0.11545,0.52714,of_to_sc
22469,0.241785,0.08822,0.39535,of_to_sc
22470,0.18865,0.07695,0.30035,of_to_sc
22471,0.2408,0.10828,0.37332,of_to_sc
22472,0.225,0.07689,0.37311,of_to_sc
22473,0.280405,0.10979,0.45102,of_to_sc
22474,0.279615,0.09103,0.4682,of_to_sc
22475,0.29108,0.14701,0.43515,of_to_sc
22476,0.30777,0.14845,0.46709,of_to_sc
22477,0.238005,0.08821,0.3878,of_to_sc
22478,0.20568,0.09481,0.31655,of_to_sc
22479,0.324305,0.15825,0.49036,of_to_sc
22480,0.244985,0.08531,0.40466,of_to_sc
22481,0.35018,0.13575,0.56461,of_to_sc
22482,0.29453,0.14017,0.44889,of_to_sc
22483,0.284385,0.12655,0.44222,of_to_sc
22484,0.337855,0.15858,0.51713,of_to_sc
22485,0.15935,0.03905,0.27965,of_to_sc
22486,0.251885,0.0879,0.41587,of_to_sc
22487,0.24257499999999999,0.09583,0.38932,of_to_sc
22488,0.28904,0.12353,0.45455,of_to_sc
22489,0.244,0.07638,0.41162,of_to_sc
22490,0.31815499999999997,0.14654,0.48977,of_to_sc
22491,0.241795,0.074,0.40959,of_to_sc
22492,0.296875,0.1119,0.48185,of_to_sc
22493,0.31611500000000003,0.12001,0.51222,of_to_sc
22494,0.394905,0.17943,0.61038,of_to_sc
22495,0.249995,0.09635,0.40364,of_to_sc
22496,0.18440499999999999,0.05671,0.3121,of_to_sc
22497,0.378505,0.16602,0.59099,of_to_sc
22498,0.35996500000000003,0.16356,0.55637,of_to_sc
22499,0.281215,0.11777,0.44466,of_to_sc
22500,0.18843000000000001,0.04786,0.329,of_to_sc
22501,0.31732,0.1643,0.47034,of_to_sc
22502,0.340905,0.14683,0.53498,of_to_sc
22503,0.3458,0.13534,0.55626,of_to_sc
22504,0.391745,0.19271,0.59078,of_to_sc
22505,0.1869,0.06302,0.31078,of_to_sc
22506,0.277685,0.09437,0.461,of_to_sc
22507,0.276355,0.09758,0.45513,of_to_sc
22508,0.284225,0.12901,0.43944,of_to_sc
22509,0.3395,0.134,0.545,of_to_sc
22510,0.331925,0.14756,0.51629,of_to_sc
22511,0.19032,0.06897,0.31167,of_to_sc
22512,0.248735,0.08592,0.41155,of_to_sc
22513,0.289405,0.1161,0.46271,of_to_sc
22514,0.29771000000000003,0.1186,0.47682,of_to_sc
22515,0.19377,0.07432,0.31322,of_to_sc
22516,0.27641,0.08683,0.46599,of_to_sc
22517,0.215215,0.06772,0.36271,of_to_sc
22518,0.275105,0.10265,0.44756,of_to_sc
22519,0.27403,0.122,0.42606,of_to_sc
22520,0.23739,0.07131,0.40347,of_to_sc
22521,0.279695,0.13399,0.4254,of_to_sc
22522,0.301095,0.14152,0.46067,of_to_sc
22523,0.2709,0.09254,0.44926,of_to_sc
22524,0.377575,0.18115,0.574,of_to_sc
22525,0.322325,0.14717,0.49748,of_to_sc
22526,0.26146,0.12061,0.40231,of_to_sc
22527,0.26929,0.1041,0.43448,of_to_sc
22528,0.2838,0.10142,0.46618,of_to_sc
22529,0.267705,0.10804,0.42737,of_to_sc
22530,0.28325,0.09715,0.46935,of_to_sc
22531,0.21636,0.06131,0.37141,of_to_sc
22532,0.299715,0.13766,0.46177,of_to_sc
22533,0.17993499999999998,0.06837,0.2915,of_to_sc
22534,0.385975,0.17447,0.59748,of_to_sc
22535,0.397905,0.19767,0.59814,of_to_sc
22536,0.239435,0.08085,0.39802,of_to_sc
22537,0.20420500000000003,0.08412,0.32429,of_to_sc
22538,0.370405,0.13677,0.60404,of_to_sc
22539,0.17321999999999999,0.05788,0.28856,of_to_sc
22540,0.278015,0.13235,0.42368,of_to_sc
22541,0.26159499999999997,0.09021,0.43298,of_to_sc
22542,0.26498,0.07654,0.45342,of_to_sc
22543,0.200545,0.07273,0.32836,of_to_sc
22544,0.343825,0.14222,0.54543,of_to_sc
22545,0.374665,0.16785,0.58148,of_to_sc
22546,0.26831499999999997,0.1102,0.42643,of_to_sc
22547,0.17734,0.07664,0.27804,of_to_sc
22548,0.346105,0.14141,0.5508,of_to_sc
22549,0.19278,0.07689,0.30867,of_to_sc
22550,0.30261,0.11038,0.49484,of_to_sc
22551,0.28326,0.12277,0.44375,of_to_sc
22552,0.30301,0.15124,0.45478,of_to_sc
22553,0.29856,0.12178,0.47534,of_to_sc
22554,0.32620000000000005,0.14709,0.50531,of_to_sc
22555,0.371255,0.19422,0.54829,of_to_sc
22556,0.20762000000000003,0.07663,0.33861,of_to_sc
22557,0.260615,0.09665,0.42458,of_to_sc
22558,0.27637500000000004,0.12051,0.43224,of_to_sc
22559,0.24656,0.08177,0.41135,of_to_sc
22560,0.30258999999999997,0.12291,0.48227,of_to_sc
22561,0.274005,0.13012,0.41789,of_to_sc
22562,0.268105,0.11264,0.42357,of_to_sc
22563,0.19427,0.08423,0.30431,of_to_sc
22564,0.322615,0.13617,0.50906,of_to_sc
22565,0.39158499999999996,0.2041,0.57907,of_to_sc
22566,0.27231,0.09189,0.45273,of_to_sc
22567,0.203245,0.08429,0.3222,of_to_sc
22568,0.337075,0.12847,0.54568,of_to_sc
22569,0.18993,0.07492,0.30494,of_to_sc
22570,0.31747,0.14751,0.48743,of_to_sc
22571,0.250175,0.09451,0.40584,of_to_sc
22572,0.25415,0.08882,0.41948,of_to_sc
22573,0.294645,0.08483,0.50446,of_to_sc
22574,0.366645,0.17776,0.55553,of_to_sc
22575,0.321315,0.14767,0.49496,of_to_sc
22576,0.222825,0.08194,0.36371,of_to_sc
22577,0.24989499999999998,0.08617,0.41362,of_to_sc
22578,0.29939,0.13371,0.46507,of_to_sc
22579,0.22657000000000002,0.07717,0.37597,of_to_sc
22580,0.28626,0.134,0.43852,of_to_sc
22581,0.24251,0.0613,0.42372,of_to_sc
22582,0.3499,0.16066,0.53914,of_to_sc
22583,0.288025,0.10447,0.47158,of_to_sc
22584,0.21586499999999997,0.0668,0.36493,of_to_sc
22585,0.182085,0.05127,0.3129,of_to_sc
22586,0.290585,0.12799,0.45318,of_to_sc
22587,0.27161,0.11603,0.42719,of_to_sc
22588,0.35516,0.15521,0.55511,of_to_sc
22589,0.26194,0.10401,0.41987,of_to_sc
22590,0.25283,0.08727,0.41839,of_to_sc
22591,0.211185,0.09687,0.3255,of_to_sc
22592,0.25051,0.0859,0.41512,of_to_sc
22593,0.25595,0.08797,0.42393,of_to_sc
22594,0.33086499999999996,0.15855,0.50318,of_to_sc
22595,0.36709,0.13534,0.59884,of_to_sc
22596,0.286415,0.07278,0.50005,of_to_sc
22597,0.26219,0.10155,0.42283,of_to_sc
22598,0.274445,0.11103,0.43786,of_to_sc
22599,0.17728,0.05843,0.29613,of_to_sc
22600,0.33189,0.15021,0.51357,of_to_sc
22601,0.264375,0.11505,0.4137,of_to_sc
22602,0.213715,0.09944,0.32799,of_to_sc
22603,0.28380500000000003,0.10678,0.46083,of_to_sc
22604,0.36357500000000004,0.16066,0.56649,of_to_sc
22605,0.27217,0.10504,0.4393,of_to_sc
22606,0.47731,0.25724,0.69738,of_to_sc
22607,0.273315,0.1134,0.43323,of_to_sc
22608,0.25745,0.09321,0.42169,of_to_sc
22609,0.25891,0.09599,0.42183,of_to_sc
22610,0.20412,0.07476,0.33348,of_to_sc
22611,0.265475,0.08675,0.4442,of_to_sc
22612,0.25923999999999997,0.09294,0.42554,of_to_sc
22613,0.23639000000000002,0.0522,0.42058,of_to_sc
22614,0.30162999999999995,0.13548,0.46778,of_to_sc
22615,0.33926999999999996,0.14875,0.52979,of_to_sc
22616,0.400445,0.22712,0.57377,of_to_sc
22617,0.258755,0.11313,0.40438,of_to_sc
22618,0.27792,0.12886,0.42698,of_to_sc
22619,0.221655,0.10843,0.33488,of_to_sc
22620,0.30879,0.1228,0.49478,of_to_sc
22621,0.22857,0.08169,0.37545,of_to_sc
22622,0.31639,0.13747,0.49531,of_to_sc
22623,0.34441,0.13393,0.55489,of_to_sc
22624,0.40781,0.21196,0.60366,of_to_sc
22625,0.20895,0.06837,0.34953,of_to_sc
22626,0.20902,0.05009,0.36795,of_to_sc
22627,0.30347999999999997,0.13333,0.47363,of_to_sc
22628,0.32394500000000004,0.14426,0.50363,of_to_sc
22629,0.26975,0.11758,0.42192,of_to_sc
22630,0.157275,0.04774,0.26681,of_to_sc
22631,0.31038,0.1151,0.50566,of_to_sc
22632,0.28881,0.13578,0.44184,of_to_sc
22633,0.330745,0.147,0.51449,of_to_sc
22634,0.166985,0.05198,0.28199,of_to_sc
22635,0.303955,0.12025,0.48766,of_to_sc
22636,0.37672,0.18854,0.5649,of_to_sc
22637,0.2178,0.0869,0.3487,of_to_sc
22638,0.4245,0.18571,0.66329,of_to_sc
22639,0.26073,0.08063,0.44083,of_to_sc
22640,0.25965499999999997,0.10619,0.41312,of_to_sc
22641,0.209895,0.07871,0.34108,of_to_sc
22642,0.31366499999999997,0.14531,0.48202,of_to_sc
22643,0.41768,0.22433,0.61103,of_to_sc
22644,0.331255,0.12194,0.54057,of_to_sc
22645,0.37122,0.14262,0.59982,of_to_sc
22646,0.26073,0.1021,0.41936,of_to_sc
22647,0.22993,0.08594,0.37392,of_to_sc
22648,0.27193,0.11057,0.43329,of_to_sc
22649,0.30139499999999997,0.12583,0.47696,of_to_sc
22650,0.150305,0.03169,0.26892,of_to_sc
22651,0.310975,0.15066,0.47129,of_to_sc
22652,0.31863,0.1371,0.50016,of_to_sc
22653,0.32482500000000003,0.15293,0.49672,of_to_sc
22654,0.28282999999999997,0.11757,0.44809,of_to_sc
22655,0.356005,0.16575,0.54626,of_to_sc
22656,0.32340500000000005,0.10147,0.54534,of_to_sc
22657,0.19381500000000002,0.081,0.30663,of_to_sc
22658,0.372085,0.10681,0.63736,of_to_sc
22659,0.33093999999999996,0.13623,0.52565,of_to_sc
22660,0.21827000000000002,0.078,0.35854,of_to_sc
22661,0.207335,0.06924,0.34543,of_to_sc
22662,0.30999,0.13332,0.48666,of_to_sc
22663,0.27489,0.08712,0.46266,of_to_sc
22664,0.27353,0.10308,0.44398,of_to_sc
22665,0.221065,0.10608,0.33605,of_to_sc
22666,0.31263,0.12912,0.49614,of_to_sc
22667,0.203515,0.0414,0.36563,of_to_sc
22668,0.30751,0.14875,0.46627,of_to_sc
22669,0.303685,0.13686,0.47051,of_to_sc
22670,0.20897000000000002,0.072,0.34594,of_to_sc
22671,0.25725,0.09082,0.42368,of_to_sc
22672,0.37271,0.16882,0.5766,of_to_sc
22673,0.31409,0.12881,0.49937,of_to_sc
22674,0.40524000000000004,0.22054,0.58994,of_to_sc
22675,0.242485,0.0888,0.39617,of_to_sc
22676,0.167115,0.06745,0.26678,of_to_sc
22677,0.418035,0.14213,0.69394,of_to_sc
22678,0.301025,0.15202,0.45003,of_to_sc
22679,0.316265,0.13826,0.49427,of_to_sc
22680,0.16629000000000002,0.04748,0.2851,of_to_sc
22681,0.226485,0.09498,0.35799,of_to_sc
22682,0.318615,0.14741,0.48982,of_to_sc
22683,0.32871,0.16266,0.49476,of_to_sc
22684,0.34758999999999995,0.16914,0.52604,of_to_sc
22685,0.22692,0.06773,0.38611,of_to_sc
22686,0.24556499999999998,0.07069,0.42044,of_to_sc
22687,0.421735,0.21562,0.62785,of_to_sc
22688,0.28084,0.12283,0.43885,of_to_sc
22689,0.23485999999999999,0.07881,0.39091,of_to_sc
22690,0.2458,0.08554,0.40606,of_to_sc
22691,0.296675,0.12822,0.46513,of_to_sc
22692,0.35393,0.15056,0.5573,of_to_sc
22693,0.26297,0.08438,0.44156,of_to_sc
22694,0.37138,0.17157,0.57119,of_to_sc
22695,0.271745,0.1154,0.42809,of_to_sc
22696,0.1566,0.04657,0.26663,of_to_sc
22697,0.427355,0.19126,0.66345,of_to_sc
22698,0.2701,0.09953,0.44067,of_to_sc
22699,0.340215,0.16827,0.51216,of_to_sc
22700,0.1767,0.05167,0.30173,of_to_sc
22701,0.27775500000000003,0.09995,0.45556,of_to_sc
22702,0.269535,0.09973,0.43934,of_to_sc
22703,0.264165,0.09932,0.42901,of_to_sc
22704,0.33625000000000005,0.16614,0.50636,of_to_sc
22705,0.19412,0.07059,0.31765,of_to_sc
22706,0.32461,0.15326,0.49596,of_to_sc
22707,0.388785,0.18093,0.59664,of_to_sc
22708,0.25409000000000004,0.07566,0.43252,of_to_sc
22709,0.25128,0.08187,0.42069,of_to_sc
22710,0.19824999999999998,0.04195,0.35455,of_to_sc
22711,0.34709999999999996,0.18739,0.50681,of_to_sc
22712,0.31454499999999996,0.09581,0.53328,of_to_sc
22713,0.345705,0.16591,0.5255,of_to_sc
22714,0.363665,0.13836,0.58897,of_to_sc
22715,0.27567,0.11149,0.43985,of_to_sc
22716,0.246095,0.0831,0.40909,of_to_sc
22717,0.49407999999999996,0.27306,0.7151,of_to_sc
22718,0.31378,0.11991,0.50765,of_to_sc
22719,0.27497,0.08155,0.46839,of_to_sc
22720,0.16762,0.05507,0.28017,of_to_sc
22721,0.29902,0.15731,0.44073,of_to_sc
38308,0.308145,0.15129,0.465,of_to_sc
38309,0.26673,0.09174,0.44172,of_to_sc
38310,0.569885,0.26236,0.87741,of_to_sc
38311,0.31320499999999996,0.10054,0.52587,of_to_sc
38312,0.245895,0.10506,0.38673,of_to_sc
38313,0.1802,0.06878,0.29162,of_to_sc
38314,0.37816,0.20012,0.5562,of_to_sc
38315,0.263675,0.11637,0.41098,of_to_sc
38316,0.269285,0.11151,0.42706,of_to_sc
38317,0.26515,0.10834,0.42196,of_to_sc
38318,0.320865,0.15296,0.48877,of_to_sc
38319,0.2641,0.11898,0.40922,of_to_sc
38320,0.32130000000000003,0.12206,0.52054,of_to_sc
38321,0.27184,0.10373,0.43995,of_to_sc
38322,0.35497500000000004,0.16505,0.5449,of_to_sc
38323,0.249705,0.09613,0.40328,of_to_sc
38324,0.254875,0.11276,0.39699,of_to_sc
38325,0.17,0.0467,0.2933,of_to_sc
38326,0.111925,0.01185,0.212,of_to_sc
38327,0.251675,0.09814,0.40521,of_to_sc
38328,0.30325,0.1389,0.4676,of_to_sc
38329,0.31043,0.14116,0.4797,of_to_sc
38330,0.34943500000000005,0.16585,0.53302,of_to_sc
38331,0.316485,0.11446,0.51851,of_to_sc
38332,0.23304,0.0932,0.37288,of_to_sc
38333,0.19014,0.07644,0.30384,of_to_sc
38334,0.329555,0.14632,0.51279,of_to_sc
38335,0.2944,0.12727,0.46153,of_to_sc
38336,0.24449,0.08287,0.40611,of_to_sc
38337,0.25442,0.09648,0.41236,of_to_sc
38338,0.275695,0.10934,0.44205,of_to_sc
38339,0.3327,0.16129,0.50411,of_to_sc
38340,0.33281000000000005,0.14782,0.5178,of_to_sc
38341,0.25643,0.06056,0.4523,of_to_sc
38342,0.308725,0.12428,0.49317,of_to_sc
38343,0.244605,0.07371,0.4155,of_to_sc
38344,0.27254,0.12543,0.41965,of_to_sc
38345,0.211625,0.07568,0.34757,of_to_sc
38346,0.29405,0.11421,0.47389,of_to_sc
38347,0.286505,0.1267,0.44631,of_to_sc
38348,0.29068499999999997,0.12506,0.45631,of_to_sc
38349,0.235495,0.08825,0.38274,of_to_sc
38350,0.28973,0.111,0.46846,of_to_sc
38351,0.31088,0.10697,0.51479,of_to_sc
38352,0.227765,0.08811,0.36742,of_to_sc
38353,0.317555,0.13657,0.49854,of_to_sc
38354,0.300115,0.12789,0.47234,of_to_sc
38355,0.27985499999999996,0.11834,0.44137,of_to_sc
38356,0.3207,0.169,0.4724,of_to_sc
38357,0.24917,0.11103,0.38731,of_to_sc
38358,0.29271,0.11416,0.47126,of_to_sc
38359,0.30383,0.13016,0.4775,of_to_sc
38360,0.257425,0.10433,0.41052,of_to_sc
38361,0.34363,0.13716,0.5501,of_to_sc
38362,0.30136,0.10859,0.49413,of_to_sc
38363,0.346395,0.17143,0.52136,of_to_sc
38364,0.216895,0.0757,0.35809,of_to_sc
38365,0.23698000000000002,0.09466,0.3793,of_to_sc
38366,0.182925,0.07699,0.28886,of_to_sc
38367,0.270835,0.08252,0.45915,of_to_sc
38368,0.30237,0.14054,0.4642,of_to_sc
38369,0.273145,0.10101,0.44528,of_to_sc
38370,0.33933,0.15813,0.52053,of_to_sc
38371,0.29235,0.1298,0.4549,of_to_sc
38372,0.248455,0.08431,0.4126,of_to_sc
38373,0.33875,0.15349,0.52401,of_to_sc
38374,0.23914000000000002,0.09499,0.38329,of_to_sc
38375,0.34797,0.1696,0.52634,of_to_sc
38376,0.30987,0.14054,0.4792,of_to_sc
38377,0.231505,0.09673,0.36628,of_to_sc
38378,0.31201999999999996,0.1325,0.49154,of_to_sc
38379,0.24805000000000002,0.09288,0.40322,of_to_sc
38380,0.33577500000000005,0.12038,0.55117,of_to_sc
38381,0.34433,0.15688,0.53178,of_to_sc
38382,0.237655,0.09825,0.37706,of_to_sc
38383,0.23404,0.10575,0.36233,of_to_sc
38384,0.164715,0.05375,0.27568,of_to_sc
38385,0.26746000000000003,0.08375,0.45117,of_to_sc
38386,0.18159,0.05666,0.30652,of_to_sc
38387,0.25351,0.10293,0.40409,of_to_sc
38388,0.29233,0.13752,0.44714,of_to_sc
38389,0.273375,0.10971,0.43704,of_to_sc
38390,0.32223999999999997,0.12913,0.51535,of_to_sc
38391,0.28967,0.12592,0.45342,of_to_sc
38392,0.239975,0.07804,0.40191,of_to_sc
38393,0.33973,0.15974,0.51972,of_to_sc
38394,0.248185,0.11714,0.37923,of_to_sc
38395,0.302705,0.11677,0.48864,of_to_sc
38396,0.32965500000000003,0.16734,0.49197,of_to_sc
38397,0.241665,0.08247,0.40086,of_to_sc
38398,0.30796,0.13126,0.48466,of_to_sc
38399,0.23312500000000003,0.06975,0.3965,of_to_sc
38400,0.315795,0.13328,0.49831,of_to_sc
38401,0.26779,0.07717,0.45841,of_to_sc
38402,0.22521000000000002,0.06374,0.38668,of_to_sc
38403,0.20374,0.07231,0.33517,of_to_sc
38404,0.17552,0.06962,0.28142,of_to_sc
38405,0.28313499999999997,0.1067,0.45957,of_to_sc
38406,0.17381,0.05656,0.29106,of_to_sc
38407,0.26636,0.10511,0.42761,of_to_sc
38408,0.29082,0.13952,0.44212,of_to_sc
38409,0.33242499999999997,0.16826,0.49659,of_to_sc
38410,0.342445,0.15498,0.52991,of_to_sc
38411,0.2696,0.0885,0.4507,of_to_sc
38412,0.245685,0.09305,0.39832,of_to_sc
38413,0.32301,0.1432,0.50282,of_to_sc
38414,0.22599999999999998,0.08468,0.36732,of_to_sc
38415,0.29641,0.10674,0.48608,of_to_sc
38416,0.292245,0.11004,0.47445,of_to_sc
38417,0.29538,0.1526,0.43816,of_to_sc
38418,0.28085499999999997,0.10292,0.45879,of_to_sc
38419,0.343535,0.14737,0.5397,of_to_sc
38420,0.283575,0.11048,0.45667,of_to_sc
38421,0.35334,0.18935,0.51733,of_to_sc
38422,0.299145,0.09194,0.50635,of_to_sc
38423,0.25051,0.10708,0.39394,of_to_sc
38424,0.236675,0.09186,0.38149,of_to_sc
38425,0.273315,0.13633,0.4103,of_to_sc
38426,0.304,0.12516,0.48284,of_to_sc
38427,0.2813,0.10269,0.45991,of_to_sc
38428,0.313055,0.14818,0.47793,of_to_sc
38429,0.293715,0.12751,0.45992,of_to_sc
38430,0.235735,0.08581,0.38566,of_to_sc
38431,0.24672,0.09237,0.40107,of_to_sc
38432,0.25882499999999997,0.10904,0.40861,of_to_sc
38433,0.172085,0.05739,0.28678,of_to_sc
38434,0.186665,0.04997,0.32336,of_to_sc
38435,0.303765,0.1301,0.47743,of_to_sc
38436,0.298835,0.09675,0.50092,of_to_sc
38437,0.267045,0.10921,0.42488,of_to_sc
38438,0.276495,0.09998,0.45301,of_to_sc
38439,0.31475,0.10862,0.52088,of_to_sc
38440,0.265045,0.10846,0.42163,of_to_sc
38441,0.31589,0.14102,0.49076,of_to_sc
38442,0.294835,0.0992,0.49047,of_to_sc
38443,0.232545,0.08046,0.38463,of_to_sc
38444,0.24201,0.08989,0.39413,of_to_sc
38445,0.20928999999999998,0.07762,0.34096,of_to_sc
38446,0.321855,0.13014,0.51357,of_to_sc
38447,0.339935,0.16563,0.51424,of_to_sc
38448,0.277885,0.10253,0.45324,of_to_sc
38449,0.282075,0.09861,0.46554,of_to_sc
38450,0.27841,0.13604,0.42078,of_to_sc
38451,0.27771,0.11881,0.43661,of_to_sc
38452,0.18058500000000002,0.07673,0.28444,of_to_sc
38453,0.279235,0.11926,0.43921,of_to_sc
38454,0.27555999999999997,0.10919,0.44193,of_to_sc
38455,0.244265,0.07415,0.41438,of_to_sc
38456,0.23526999999999998,0.08673,0.38381,of_to_sc
38457,0.181925,0.06852,0.29533,of_to_sc
38458,0.22753500000000002,0.08687,0.3682,of_to_sc
38459,0.342715,0.15405,0.53138,of_to_sc
38460,0.246445,0.08404,0.40885,of_to_sc
38461,0.36174,0.17137,0.55211,of_to_sc
38462,0.271965,0.0966,0.44733,of_to_sc
38463,0.23351,0.08219,0.38483,of_to_sc
38464,0.247415,0.09229,0.40254,of_to_sc
38465,0.18598,0.0745,0.29746,of_to_sc
38466,0.300545,0.09841,0.50268,of_to_sc
38467,0.267625,0.09191,0.44334,of_to_sc
38468,0.279875,0.087,0.47275,of_to_sc
38469,0.254125,0.10958,0.39867,of_to_sc
38470,0.289495,0.11711,0.46188,of_to_sc
38471,0.29113,0.11747,0.46479,of_to_sc
38472,0.25577,0.11555,0.39599,of_to_sc
38473,0.20828,0.07121,0.34535,of_to_sc
38474,0.29608,0.09585,0.49631,of_to_sc
38475,0.198385,0.0792,0.31757,of_to_sc
38476,0.293805,0.10677,0.48084,of_to_sc
38477,0.23713499999999998,0.09685,0.37742,of_to_sc
38478,0.266915,0.13214,0.40169,of_to_sc
38479,0.302645,0.13907,0.46622,of_to_sc
38480,0.41144499999999995,0.22413,0.59876,of_to_sc
38481,0.260265,0.06715,0.45338,of_to_sc
38482,0.296805,0.11306,0.48055,of_to_sc
38483,0.303695,0.09424,0.51315,of_to_sc
38484,0.22708,0.07766,0.3765,of_to_sc
38485,0.34317,0.15164,0.5347,of_to_sc
38486,0.26075,0.08179,0.43971,of_to_sc
38487,0.26286,0.12131,0.40441,of_to_sc
38488,0.30238,0.14525,0.45951,of_to_sc
38489,0.26617,0.11586,0.41648,of_to_sc
38490,0.21524000000000001,0.06634,0.36414,of_to_sc
38491,0.269505,0.09818,0.44083,of_to_sc
38492,0.247025,0.07457,0.41948,of_to_sc
38493,0.22439499999999998,0.08836,0.36043,of_to_sc
38494,0.15095,0.05371,0.24819,of_to_sc
38495,0.28347,0.07801,0.48893,of_to_sc
38496,0.18910000000000002,0.06956,0.30864,of_to_sc
38497,0.286935,0.0896,0.48427,of_to_sc
38498,0.34324499999999997,0.16511,0.52138,of_to_sc
38499,0.288045,0.11052,0.46557,of_to_sc
38500,0.260595,0.07088,0.45031,of_to_sc
38501,0.25714499999999996,0.10107,0.41322,of_to_sc
38502,0.218505,0.07604,0.36097,of_to_sc
38503,0.24833,0.10833,0.38833,of_to_sc
38504,0.157175,0.05473,0.25962,of_to_sc
38505,0.262565,0.10206,0.42307,of_to_sc
38506,0.203615,0.07818,0.32905,of_to_sc
38507,0.2804,0.10484,0.45596,of_to_sc
38508,0.247785,0.09431,0.40126,of_to_sc
38509,0.276895,0.10152,0.45227,of_to_sc
38510,0.364265,0.14769,0.58084,of_to_sc
38511,0.25945,0.08449,0.43441,of_to_sc
38512,0.276115,0.11128,0.44095,of_to_sc
38513,0.34312,0.13793,0.54831,of_to_sc
38514,0.25464,0.11525,0.39403,of_to_sc
38515,0.36783999999999994,0.18266,0.55302,of_to_sc
38516,0.26037,0.09302,0.42772,of_to_sc
38517,0.245525,0.08781,0.40324,of_to_sc
38518,0.3607,0.16105,0.56035,of_to_sc
38519,0.280235,0.10134,0.45913,of_to_sc
38520,0.316865,0.13462,0.49911,of_to_sc
38521,0.2272,0.07394,0.38046,of_to_sc
38522,0.252925,0.08661,0.41924,of_to_sc
38523,0.24764,0.09693,0.39835,of_to_sc
38524,0.223055,0.05501,0.3911,of_to_sc
38525,0.256555,0.10618,0.40693,of_to_sc
38526,0.22407500000000002,0.09877,0.34938,of_to_sc
38527,0.29159999999999997,0.12479,0.45841,of_to_sc
38528,0.22802,0.0686,0.38744,of_to_sc
38529,0.34987,0.15463,0.54511,of_to_sc
38530,0.314465,0.15804,0.47089,of_to_sc
38531,0.37807,0.15531,0.60083,of_to_sc
38532,0.208015,0.07989,0.33614,of_to_sc
38533,0.15573,0.05678,0.25468,of_to_sc
38534,0.308485,0.12514,0.49183,of_to_sc
38535,0.30169999999999997,0.11828,0.48512,of_to_sc
38536,0.29125999999999996,0.10918,0.47334,of_to_sc
38537,0.256125,0.10947,0.40278,of_to_sc
38538,0.246445,0.10258,0.39031,of_to_sc
38539,0.361265,0.16757,0.55496,of_to_sc
38540,0.259135,0.0879,0.43037,of_to_sc
38541,0.34508500000000003,0.15712,0.53305,of_to_sc
38542,0.17770999999999998,0.06236,0.29306,of_to_sc
38543,0.244675,0.09834,0.39101,of_to_sc
38544,0.24537,0.10242,0.38832,of_to_sc
38545,0.35693,0.13866,0.5752,of_to_sc
38546,0.28508,0.0984,0.47176,of_to_sc
38547,0.17107,0.04976,0.29238,of_to_sc
38548,0.267665,0.07789,0.45744,of_to_sc
38549,0.25308,0.06564,0.44052,of_to_sc
38550,0.30085,0.11425,0.48745,of_to_sc
38551,0.26359,0.09014,0.43704,of_to_sc
38552,0.275955,0.11257,0.43934,of_to_sc
38553,0.29219,0.12405,0.46033,of_to_sc
38554,0.29076,0.15281,0.42871,of_to_sc
38555,0.22975,0.08588,0.37362,of_to_sc
38556,0.17071,0.052,0.28942,of_to_sc
38557,0.303305,0.13611,0.4705,of_to_sc
38558,0.28047,0.09862,0.46232,of_to_sc
38559,0.2727,0.10227,0.44313,of_to_sc
38560,0.336175,0.17251,0.49984,of_to_sc
38561,0.339685,0.13182,0.54755,of_to_sc
38562,0.20934999999999998,0.0764,0.3423,of_to_sc
38563,0.217745,0.07888,0.35661,of_to_sc
38564,0.29095000000000004,0.1139,0.468,of_to_sc
38565,0.18969000000000003,0.04271,0.33667,of_to_sc
38566,0.32497,0.1501,0.49984,of_to_sc
38567,0.216195,0.07684,0.35555,of_to_sc
38568,0.2113,0.03397,0.38863,of_to_sc
38569,0.37055,0.1723,0.5688,of_to_sc
38570,0.312345,0.11515,0.50954,of_to_sc
38571,0.33089,0.1217,0.54008,of_to_sc
38572,0.263695,0.08738,0.44001,of_to_sc
38573,0.277345,0.12408,0.43061,of_to_sc
38574,0.22860999999999998,0.07491,0.38231,of_to_sc
38575,0.19683499999999998,0.09024,0.30343,of_to_sc
38576,0.32794,0.14288,0.513,of_to_sc
38577,0.27943,0.11124,0.44762,of_to_sc
38578,0.20696,0.06862,0.3453,of_to_sc
38579,0.371925,0.16284,0.58101,of_to_sc
38580,0.29361000000000004,0.11778,0.46944,of_to_sc
38581,0.39067,0.18299,0.59835,of_to_sc
38582,0.24239,0.07282,0.41196,of_to_sc
38583,0.31820499999999996,0.14503,0.49138,of_to_sc
38584,0.21267,0.07383,0.35151,of_to_sc
38585,0.230175,0.09079,0.36956,of_to_sc
38586,0.325925,0.12572,0.52613,of_to_sc
38587,0.36341,0.15541,0.57141,of_to_sc
38588,0.36704000000000003,0.14909,0.58499,of_to_sc
38589,0.24386000000000002,0.07617,0.41155,of_to_sc
38590,0.26482,0.09872,0.43092,of_to_sc
38591,0.27843,0.12505,0.43181,of_to_sc
38592,0.265695,0.07946,0.45193,of_to_sc
38593,0.15781499999999998,0.04166,0.27397,of_to_sc
38594,0.17896,0.06671,0.29121,of_to_sc
38595,0.31826,0.13841,0.49811,of_to_sc
38596,0.25554499999999997,0.08893,0.42216,of_to_sc
38597,0.34529,0.15161,0.53897,of_to_sc
38598,0.28583,0.1374,0.43426,of_to_sc
38599,0.343965,0.14554,0.54239,of_to_sc
38600,0.28638,0.12297,0.44979,of_to_sc
38601,0.27291,0.10553,0.44029,of_to_sc
38602,0.325325,0.12718,0.52347,of_to_sc
38603,0.2439,0.08321,0.40459,of_to_sc
38604,0.216985,0.07756,0.35641,of_to_sc
38605,0.242195,0.09501,0.38938,of_to_sc
38606,0.326125,0.13473,0.51752,of_to_sc
38607,0.395825,0.16819,0.62346,of_to_sc
38608,0.328885,0.13169,0.52608,of_to_sc
38609,0.25778,0.10061,0.41495,of_to_sc
38610,0.29988499999999996,0.11517,0.4846,of_to_sc
38611,0.26797,0.10653,0.42941,of_to_sc
38612,0.29303,0.14351,0.44255,of_to_sc
38613,0.17980500000000002,0.06085,0.29876,of_to_sc
38614,0.178525,0.05728,0.29977,of_to_sc
38615,0.273475,0.1165,0.43045,of_to_sc
38616,0.240895,0.06915,0.41264,of_to_sc
38617,0.231995,0.09741,0.36658,of_to_sc
38618,0.23288,0.08733,0.37843,of_to_sc
38619,0.24724000000000002,0.06703,0.42745,of_to_sc
38620,0.28426999999999997,0.10176,0.46678,of_to_sc
38621,0.330485,0.10829,0.55268,of_to_sc
38622,0.24703,0.07755,0.41651,of_to_sc
38623,0.290995,0.10371,0.47828,of_to_sc
38624,0.230205,0.0829,0.37751,of_to_sc
38625,0.261585,0.10823,0.41494,of_to_sc
38626,0.164375,0.05561,0.27314,of_to_sc
38627,0.30091,0.12691,0.47491,of_to_sc
38628,0.284205,0.10861,0.4598,of_to_sc
38629,0.264935,0.10215,0.42772,of_to_sc
38630,0.274225,0.12702,0.42143,of_to_sc
38631,0.377,0.15648,0.59752,of_to_sc
38632,0.195405,0.06284,0.32797,of_to_sc
38633,0.31772500000000004,0.11841,0.51704,of_to_sc
38634,0.38622,0.18059,0.59185,of_to_sc
38635,0.193515,0.07298,0.31405,of_to_sc
38636,0.282955,0.1095,0.45641,of_to_sc
38637,0.285275,0.13632,0.43423,of_to_sc
38638,0.252085,0.09022,0.41395,of_to_sc
38639,0.24114,0.0786,0.40368,of_to_sc
38640,0.29151,0.13177,0.45125,of_to_sc
38641,0.28161,0.12045,0.44277,of_to_sc
38642,0.21612499999999998,0.07193,0.36032,of_to_sc
38643,0.20458500000000002,0.06264,0.34653,of_to_sc
38644,0.189475,0.06858,0.31037,of_to_sc
38645,0.40663499999999997,0.18353,0.62974,of_to_sc
38646,0.15287499999999998,0.03517,0.27058,of_to_sc
38647,0.287035,0.13138,0.44269,of_to_sc
38648,0.249145,0.09943,0.39886,of_to_sc
38649,0.356215,0.16872,0.54371,of_to_sc
38650,0.377125,0.19113,0.56312,of_to_sc
38651,0.25982,0.09625,0.42339,of_to_sc
38652,0.30475,0.15701,0.45249,of_to_sc
38653,0.321795,0.10328,0.54031,of_to_sc
38654,0.229295,0.06709,0.3915,of_to_sc
38655,0.30256,0.12513,0.47999,of_to_sc
38656,0.30054,0.12713,0.47395,of_to_sc
38657,0.237895,0.077,0.39879,of_to_sc
38658,0.25878,0.09117,0.42639,of_to_sc
38659,0.26132,0.08556,0.43708,of_to_sc
38660,0.262655,0.10877,0.41654,of_to_sc
38661,0.23995,0.09289,0.38701,of_to_sc
38662,0.22110000000000002,0.08999,0.35221,of_to_sc
38663,0.18402500000000002,0.04548,0.32257,of_to_sc
38664,0.16902,0.04985,0.28819,of_to_sc
38665,0.31889500000000004,0.12728,0.51051,of_to_sc
38666,0.19269999999999998,0.06831,0.31709,of_to_sc
38667,0.307215,0.13407,0.48036,of_to_sc
38668,0.251485,0.10461,0.39836,of_to_sc
38669,0.670835,0.39875,0.94292,of_to_sc
38670,0.359695,0.17162,0.54777,of_to_sc
38671,0.248285,0.08382,0.41275,of_to_sc
38672,0.27232,0.12499,0.41965,of_to_sc
38673,0.382505,0.19958,0.56543,of_to_sc
38674,0.276135,0.1215,0.43077,of_to_sc
38675,0.36484500000000003,0.18491,0.54478,of_to_sc
38676,0.28976999999999997,0.1048,0.47474,of_to_sc
38677,0.235365,0.10119,0.36954,of_to_sc
38678,0.295975,0.13643,0.45552,of_to_sc
38679,0.27790000000000004,0.11794,0.43786,of_to_sc
38680,0.16747,0.0241,0.31084,of_to_sc
38681,0.25112,0.09164,0.4106,of_to_sc
38682,0.2001,0.04803,0.35217,of_to_sc
38683,0.242625,0.10415,0.3811,of_to_sc
38684,0.151715,0.04771,0.25572,of_to_sc
38685,0.30319,0.09756,0.50882,of_to_sc
38686,0.211615,0.09125,0.33198,of_to_sc
38687,0.28615,0.11488,0.45742,of_to_sc
46605,0.17385,0.07148,0.27622,of_to_sc
46606,0.318065,0.14047,0.49566,of_to_sc
46607,0.26871,0.10954,0.42788,of_to_sc
46608,0.288995,0.13906,0.43893,of_to_sc
46609,0.26755,0.11614,0.41896,of_to_sc
46610,0.17617500000000003,0.07163,0.28072,of_to_sc
46611,0.30027,0.13928,0.46126,of_to_sc
46612,0.29902,0.1257,0.47234,of_to_sc
46613,0.20004,0.09136,0.30872,of_to_sc
46614,0.294725,0.14124,0.44821,of_to_sc
46615,0.255255,0.1204,0.39011,of_to_sc
46616,0.27514,0.11874,0.43154,of_to_sc
46617,0.289815,0.14598,0.43365,of_to_sc
46618,0.32409,0.16387,0.48431,of_to_sc
46619,0.266295,0.10578,0.42681,of_to_sc
46620,0.25016499999999997,0.14162,0.35871,of_to_sc
46621,0.375425,0.176,0.57485,of_to_sc
46622,0.32023,0.1418,0.49866,of_to_sc
46623,0.34038,0.15482,0.52594,of_to_sc
46624,0.264675,0.12926,0.40009,of_to_sc
46625,0.304025,0.15713,0.45092,of_to_sc
46626,0.389115,0.17476,0.60347,of_to_sc
46627,0.2601,0.10913,0.41107,of_to_sc
46628,0.31383,0.15516,0.4725,of_to_sc
46629,0.22311999999999999,0.10378,0.34246,of_to_sc
46630,0.35734,0.16075,0.55393,of_to_sc
46631,0.33482500000000004,0.12819,0.54146,of_to_sc
46632,0.184625,0.08259,0.28666,of_to_sc
46633,0.30185,0.14773,0.45597,of_to_sc
46634,0.252315,0.11888,0.38575,of_to_sc
46635,0.26378,0.11963,0.40793,of_to_sc
46636,0.315745,0.16393,0.46756,of_to_sc
46637,0.27063,0.10875,0.43251,of_to_sc
46638,0.257035,0.10038,0.41369,of_to_sc
46639,0.28551,0.12305,0.44797,of_to_sc
46640,0.22348500000000002,0.08577,0.3612,of_to_sc
46641,0.21195000000000003,0.07158,0.35232,of_to_sc
46642,0.321965,0.16744,0.47649,of_to_sc
46643,0.35311,0.16925,0.53697,of_to_sc
46644,0.245915,0.10317,0.38866,of_to_sc
46645,0.31506500000000004,0.1607,0.46943,of_to_sc
46646,0.401065,0.20358,0.59855,of_to_sc
46647,0.28890499999999997,0.13848,0.43933,of_to_sc
46648,0.29115,0.12684,0.45546,of_to_sc
46649,0.238065,0.1095,0.36663,of_to_sc
46650,0.408255,0.24751,0.569,of_to_sc
46651,0.31665,0.14126,0.49204,of_to_sc
46652,0.20495999999999998,0.08928,0.32064,of_to_sc
46653,0.30209,0.15151,0.45267,of_to_sc
46654,0.28118,0.13323,0.42913,of_to_sc
46655,0.24014,0.09179,0.38849,of_to_sc
46656,0.25674,0.11431,0.39917,of_to_sc
46657,0.293145,0.13615,0.45014,of_to_sc
46658,0.27881500000000004,0.10763,0.45,of_to_sc
46659,0.25426,0.10185,0.40667,of_to_sc
46660,0.262475,0.10622,0.41873,of_to_sc
46661,0.20894,0.07542,0.34246,of_to_sc
46662,0.29746,0.12341,0.47151,of_to_sc
46663,0.312765,0.11422,0.51131,of_to_sc
46664,0.281235,0.12997,0.4325,of_to_sc
46665,0.28281,0.13918,0.42644,of_to_sc
46666,0.425315,0.22999,0.62064,of_to_sc
46667,0.32449500000000003,0.14844,0.50055,of_to_sc
46668,0.25404,0.11584,0.39224,of_to_sc
46669,0.30123,0.12648,0.47598,of_to_sc
46670,0.22993,0.09869,0.36117,of_to_sc
46671,0.22479000000000002,0.09398,0.3556,of_to_sc
46672,0.351155,0.18441,0.5179,of_to_sc
46673,0.16694,0.04617,0.28771,of_to_sc
46674,0.263345,0.10615,0.42054,of_to_sc
46675,0.22968,0.0854,0.37396,of_to_sc
46676,0.346885,0.19529,0.49848,of_to_sc
46677,0.29977,0.14392,0.45562,of_to_sc
46678,0.31838500000000003,0.16159,0.47518,of_to_sc
46679,0.21392,0.09235,0.33549,of_to_sc
46680,0.34119,0.17822,0.50416,of_to_sc
46681,0.39915500000000004,0.17595,0.62236,of_to_sc
46682,0.30538499999999996,0.10515,0.50562,of_to_sc
46683,0.258195,0.1105,0.40589,of_to_sc
46684,0.30793,0.15577,0.46009,of_to_sc
46685,0.28821,0.13723,0.43919,of_to_sc
46686,0.34754,0.15373,0.54135,of_to_sc
46687,0.296825,0.12871,0.46494,of_to_sc
46688,0.349855,0.15226,0.54745,of_to_sc
46689,0.309095,0.16037,0.45782,of_to_sc
46690,0.2499,0.11786,0.38194,of_to_sc
46691,0.223055,0.12631,0.3198,of_to_sc
46692,0.32798,0.15294,0.50302,of_to_sc
46693,0.25995,0.12882,0.39108,of_to_sc
46694,0.261055,0.10921,0.4129,of_to_sc
46695,0.232385,0.10419,0.36058,of_to_sc
46696,0.288425,0.14469,0.43216,of_to_sc
46697,0.277565,0.12979,0.42534,of_to_sc
46698,0.21106,0.08442,0.3377,of_to_sc
46699,0.225745,0.10889,0.3426,of_to_sc
46700,0.33815,0.16011,0.51619,of_to_sc
46701,0.40365,0.2266,0.5807,of_to_sc
46702,0.34998999999999997,0.16199,0.53799,of_to_sc
46703,0.27187,0.11449,0.42925,of_to_sc
46704,0.27391,0.11618,0.43164,of_to_sc
46705,0.244285,0.09746,0.39111,of_to_sc
46706,0.311455,0.16899,0.45392,of_to_sc
46707,0.41274,0.2265,0.59898,of_to_sc
46708,0.25409000000000004,0.09475,0.41343,of_to_sc
46709,0.292875,0.14247,0.44328,of_to_sc
46710,0.290395,0.12437,0.45642,of_to_sc
46711,0.207075,0.06491,0.34924,of_to_sc
46712,0.327515,0.17207,0.48296,of_to_sc
46713,0.28726999999999997,0.1294,0.44514,of_to_sc
46714,0.28581,0.12942,0.4422,of_to_sc
46715,0.31381,0.16299,0.46463,of_to_sc
46716,0.30593000000000004,0.15298,0.45888,of_to_sc
46717,0.27176,0.13844,0.40508,of_to_sc
46718,0.21925,0.10627,0.33223,of_to_sc
46719,0.18997999999999998,0.07135,0.30861,of_to_sc
46720,0.27668499999999996,0.11445,0.43892,of_to_sc
46721,0.385015,0.17366,0.59637,of_to_sc
46722,0.30758,0.13679,0.47837,of_to_sc
46723,0.24287,0.09856,0.38718,of_to_sc
46724,0.23639,0.08153,0.39125,of_to_sc
46725,0.211515,0.07724,0.34579,of_to_sc
46726,0.27893999999999997,0.12679,0.43109,of_to_sc
46727,0.375625,0.1455,0.60575,of_to_sc
46728,0.302445,0.15139,0.4535,of_to_sc
46729,0.309085,0.14373,0.47444,of_to_sc
46730,0.22516999999999998,0.0814,0.36894,of_to_sc
46731,0.214235,0.07147,0.357,of_to_sc
46732,0.43102,0.24165,0.62039,of_to_sc
46733,0.285015,0.13875,0.43128,of_to_sc
46734,0.32065,0.16295,0.47835,of_to_sc
46735,0.29647,0.14868,0.44426,of_to_sc
46736,0.29639,0.13302,0.45976,of_to_sc
46737,0.25710500000000003,0.10101,0.4132,of_to_sc
46738,0.208505,0.09513,0.32188,of_to_sc
46739,0.21130000000000002,0.07949,0.34311,of_to_sc
46740,0.317265,0.13712,0.49741,of_to_sc
46741,0.41716000000000003,0.24368,0.59064,of_to_sc
46742,0.32859,0.13536,0.52182,of_to_sc
46743,0.22686499999999998,0.092,0.36173,of_to_sc
46744,0.247055,0.09814,0.39597,of_to_sc
46745,0.24473999999999999,0.11905,0.37043,of_to_sc
46746,0.30906,0.13713,0.48099,of_to_sc
46747,0.229075,0.07616,0.38199,of_to_sc
46748,0.23368,0.11453,0.35283,of_to_sc
46749,0.33271,0.17264,0.49278,of_to_sc
46750,0.261915,0.10391,0.41992,of_to_sc
46751,0.27935,0.10696,0.45174,of_to_sc
46752,0.251655,0.10266,0.40065,of_to_sc
46753,0.29247999999999996,0.12361,0.46135,of_to_sc
46754,0.27501,0.10865,0.44137,of_to_sc
46755,0.306315,0.16532,0.44731,of_to_sc
46756,0.39270499999999997,0.18763,0.59778,of_to_sc
46757,0.29234499999999997,0.12455,0.46014,of_to_sc
46758,0.289945,0.13082,0.44907,of_to_sc
46759,0.234375,0.11258,0.35617,of_to_sc
46760,0.27882,0.12228,0.43536,of_to_sc
46761,0.366475,0.17156,0.56139,of_to_sc
46762,0.26847,0.12497,0.41197,of_to_sc
46763,0.31044,0.15693,0.46395,of_to_sc
46764,0.351685,0.15763,0.54574,of_to_sc
46765,0.32312,0.17731,0.46893,of_to_sc
46766,0.27417,0.13628,0.41206,of_to_sc
46767,0.29797,0.13528,0.46066,of_to_sc
46768,0.291675,0.13531,0.44804,of_to_sc
46769,0.21236,0.08903,0.33569,of_to_sc
46770,0.21239000000000002,0.09433,0.33045,of_to_sc
46771,0.194475,0.08955,0.2994,of_to_sc
46772,0.31089,0.13142,0.49036,of_to_sc
46773,0.31893,0.14569,0.49217,of_to_sc
46774,0.285035,0.13618,0.43389,of_to_sc
46775,0.27449500000000004,0.12151,0.42748,of_to_sc
46776,0.339855,0.18481,0.4949,of_to_sc
46777,0.251795,0.10478,0.39881,of_to_sc
46778,0.27212,0.12129,0.42295,of_to_sc
46779,0.235225,0.11005,0.3604,of_to_sc
46780,0.28068,0.12222,0.43914,of_to_sc
46781,0.37445,0.16586,0.58304,of_to_sc
46782,0.29261,0.13991,0.44531,of_to_sc
46783,0.327525,0.17474,0.48031,of_to_sc
46784,0.332405,0.18208,0.48273,of_to_sc
46785,0.26164,0.12954,0.39374,of_to_sc
46786,0.38126499999999997,0.21888,0.54365,of_to_sc
46787,0.237125,0.08994,0.38431,of_to_sc
46788,0.288845,0.14242,0.43527,of_to_sc
46789,0.25773999999999997,0.12451,0.39097,of_to_sc
46790,0.275345,0.14277,0.40792,of_to_sc
46791,0.205355,0.09517,0.31554,of_to_sc
46792,0.32604500000000003,0.16353,0.48856,of_to_sc
46793,0.24225,0.10861,0.37589,of_to_sc
46794,0.29216000000000003,0.14896,0.43536,of_to_sc
46795,0.28991,0.15721,0.42261,of_to_sc
46796,0.247695,0.10034,0.39505,of_to_sc
46797,0.31838500000000003,0.17413,0.46264,of_to_sc
46798,0.222895,0.08956,0.35623,of_to_sc
46799,0.28169500000000003,0.11351,0.44988,of_to_sc
46800,0.269065,0.11089,0.42724,of_to_sc
46801,0.43386,0.23921,0.62851,of_to_sc
46802,0.34931999999999996,0.18292,0.51572,of_to_sc
46803,0.29752500000000004,0.15881,0.43624,of_to_sc
46804,0.24683,0.10417,0.38949,of_to_sc
46805,0.289275,0.15259,0.42596,of_to_sc
46806,0.26574,0.09489,0.43659,of_to_sc
46807,0.27398,0.10563,0.44233,of_to_sc
46808,0.18615,0.07777,0.29453,of_to_sc
46809,0.30717,0.15695,0.45739,of_to_sc
46810,0.310575,0.152,0.46915,of_to_sc
46811,0.38988,0.21629,0.56347,of_to_sc
46812,0.36093,0.1906,0.53126,of_to_sc
46813,0.299205,0.12101,0.4774,of_to_sc
46814,0.23298,0.08797,0.37799,of_to_sc
46815,0.37446500000000005,0.18207,0.56686,of_to_sc
46816,0.43089,0.22605,0.63573,of_to_sc
46817,0.311875,0.1486,0.47515,of_to_sc
46818,0.278905,0.14471,0.4131,of_to_sc
46819,0.301745,0.13876,0.46473,of_to_sc
46820,0.250285,0.10882,0.39175,of_to_sc
46821,0.16982,0.06439,0.27525,of_to_sc
46822,0.362845,0.18633,0.53936,of_to_sc
46823,0.336305,0.16491,0.5077,of_to_sc
46824,0.23754999999999998,0.09856,0.37654,of_to_sc
46825,0.271315,0.1177,0.42493,of_to_sc
46826,0.27843,0.11645,0.44041,of_to_sc
46827,0.301775,0.15568,0.44787,of_to_sc
46828,0.23405499999999999,0.1055,0.36261,of_to_sc
46829,0.219035,0.09936,0.33871,of_to_sc
46830,0.28168,0.10401,0.45935,of_to_sc
46831,0.340415,0.1264,0.55443,of_to_sc
46832,0.31638,0.132,0.50076,of_to_sc
46833,0.30611,0.13731,0.47491,of_to_sc
46834,0.30457,0.14074,0.4684,of_to_sc
46835,0.291115,0.15122,0.43101,of_to_sc
46836,0.384075,0.18731,0.58084,of_to_sc
46837,0.266365,0.11991,0.41282,of_to_sc
46838,0.24406,0.10232,0.3858,of_to_sc
46839,0.21291,0.09997,0.32585,of_to_sc
46840,0.384535,0.21889,0.55018,of_to_sc
46841,0.32221,0.16306,0.48136,of_to_sc
46842,0.26026,0.10294,0.41758,of_to_sc
46843,0.26371,0.11091,0.41651,of_to_sc
46844,0.173145,0.06537,0.28092,of_to_sc
46845,0.346105,0.12677,0.56544,of_to_sc
46846,0.28271,0.14625,0.41917,of_to_sc
46847,0.26675499999999996,0.11485,0.41866,of_to_sc
46848,0.23829999999999998,0.09946,0.37714,of_to_sc
46849,0.1908,0.07415,0.30745,of_to_sc
46850,0.225825,0.07736,0.37429,of_to_sc
46851,0.26192,0.11526,0.40858,of_to_sc
46852,0.23474,0.09354,0.37594,of_to_sc
46853,0.27251,0.12362,0.4214,of_to_sc
46854,0.27575,0.13224,0.41926,of_to_sc
46855,0.276095,0.13437,0.41782,of_to_sc
46856,0.29732000000000003,0.13427,0.46037,of_to_sc
46857,0.297025,0.15554,0.43851,of_to_sc
46858,0.36499000000000004,0.16566,0.56432,of_to_sc
46859,0.288445,0.13636,0.44053,of_to_sc
46860,0.21542,0.08765,0.34319,of_to_sc
46861,0.39794,0.19767,0.59821,of_to_sc
46862,0.31532,0.14885,0.48179,of_to_sc
46863,0.30489,0.15729,0.45249,of_to_sc
46864,0.27465,0.12979,0.41951,of_to_sc
46865,0.2879,0.13935,0.43645,of_to_sc
46866,0.263775,0.11075,0.4168,of_to_sc
46867,0.335995,0.1791,0.49289,of_to_sc
46868,0.275565,0.13018,0.42095,of_to_sc
46869,0.286535,0.13623,0.43684,of_to_sc
46870,0.2217,0.1059,0.3375,of_to_sc
46871,0.21670499999999998,0.0964,0.33701,of_to_sc
46872,0.34206499999999995,0.17556,0.50857,of_to_sc
46873,0.31119,0.15379,0.46859,of_to_sc
46874,0.202735,0.08202,0.32345,of_to_sc
46875,0.33427,0.14325,0.52529,of_to_sc
46876,0.37624,0.182,0.57048,of_to_sc
46877,0.276685,0.13356,0.41981,of_to_sc
46878,0.32951,0.17532,0.4837,of_to_sc
46879,0.213885,0.08549,0.34228,of_to_sc
46880,0.286215,0.13046,0.44197,of_to_sc
46881,0.37210499999999996,0.19636,0.54785,of_to_sc
46882,0.28259500000000004,0.10474,0.46045,of_to_sc
46883,0.348525,0.19226,0.50479,of_to_sc
46884,0.25222,0.09701,0.40743,of_to_sc
46885,0.301705,0.15473,0.44868,of_to_sc
46886,0.33648,0.17401,0.49895,of_to_sc
46887,0.35131999999999997,0.16685,0.53579,of_to_sc
46888,0.300465,0.15901,0.44192,of_to_sc
46889,0.264465,0.13401,0.39492,of_to_sc
46890,0.279325,0.12338,0.43527,of_to_sc
46891,0.198325,0.07615,0.3205,of_to_sc
46892,0.28309,0.1265,0.43968,of_to_sc
46893,0.31201999999999996,0.13017,0.49387,of_to_sc
46894,0.245565,0.09751,0.39362,of_to_sc
46895,0.335355,0.12163,0.54908,of_to_sc
46896,0.376105,0.17341,0.5788,of_to_sc
46897,0.2605,0.10625,0.41475,of_to_sc
46898,0.330975,0.17033,0.49162,of_to_sc
46899,0.221445,0.10075,0.34214,of_to_sc
46900,0.275075,0.1171,0.43305,of_to_sc
46901,0.349285,0.15672,0.54185,of_to_sc
46902,0.22951,0.11222,0.3468,of_to_sc
46903,0.305765,0.15408,0.45745,of_to_sc
46904,0.30157999999999996,0.14565,0.45751,of_to_sc
46905,0.28022,0.13113,0.42931,of_to_sc
46906,0.33357000000000003,0.13724,0.5299,of_to_sc
46907,0.269285,0.13071,0.40786,of_to_sc
46908,0.193895,0.08365,0.30414,of_to_sc
46909,0.17712499999999998,0.06309,0.29116,of_to_sc
46910,0.250855,0.09636,0.40535,of_to_sc
46911,0.370295,0.19314,0.54745,of_to_sc
46912,0.29438,0.10658,0.48218,of_to_sc
46913,0.21088,0.09925,0.32251,of_to_sc
46914,0.251425,0.10333,0.39952,of_to_sc
46915,0.262055,0.10667,0.41744,of_to_sc
46916,0.38369,0.19561,0.57177,of_to_sc
46917,0.36351,0.18159,0.54543,of_to_sc
46918,0.31962999999999997,0.16164,0.47762,of_to_sc
46919,0.28226,0.13396,0.43056,of_to_sc
46920,0.32760999999999996,0.16174,0.49348,of_to_sc
46921,0.23512,0.12242,0.34782,of_to_sc
46922,0.36724999999999997,0.21474,0.51976,of_to_sc
46923,0.260005,0.11913,0.40088,of_to_sc
46924,0.26919499999999996,0.09391,0.44448,of_to_sc
46925,0.27763499999999997,0.11645,0.43882,of_to_sc
46926,0.324455,0.1568,0.49211,of_to_sc
46927,0.250555,0.1141,0.38701,of_to_sc
46928,0.17971,0.06334,0.29608,of_to_sc
46929,0.17019,0.06583,0.27455,of_to_sc
46930,0.32889,0.16538,0.4924,of_to_sc
46931,0.38134500000000005,0.19254,0.57015,of_to_sc
46932,0.30846,0.1299,0.48702,of_to_sc
46933,0.20085999999999998,0.08707,0.31465,of_to_sc
46934,0.25525,0.0957,0.4148,of_to_sc
46935,0.32064000000000004,0.15004,0.49124,of_to_sc
46936,0.35042,0.19377,0.50707,of_to_sc
46937,0.44811500000000004,0.2768,0.61943,of_to_sc
46938,0.302905,0.14119,0.46462,of_to_sc
46939,0.24772,0.07766,0.41778,of_to_sc
46940,0.288085,0.12237,0.4538,of_to_sc
46941,0.232375,0.10762,0.35713,of_to_sc
46942,0.33998,0.14022,0.53974,of_to_sc
46943,0.251865,0.0974,0.40633,of_to_sc
46944,0.26703,0.11542,0.41864,of_to_sc
46945,0.28149,0.13493,0.42805,of_to_sc
46946,0.41129,0.21358,0.609,of_to_sc
46947,0.298385,0.13112,0.46565,of_to_sc
46948,0.228545,0.10407,0.35302,of_to_sc
46949,0.19598500000000002,0.07745,0.31452,of_to_sc
46950,0.41589000000000004,0.22162,0.61016,of_to_sc
46951,0.30068,0.10472,0.49664,of_to_sc
46952,0.19847,0.0862,0.31074,of_to_sc
46953,0.295555,0.14996,0.44115,of_to_sc
46954,0.262045,0.11107,0.41302,of_to_sc
46955,0.374885,0.19321,0.55656,of_to_sc
46956,0.284565,0.10885,0.46028,of_to_sc
46957,0.24617499999999998,0.08834,0.40401,of_to_sc
46958,0.318535,0.15816,0.47891,of_to_sc
46959,0.27381500000000003,0.11011,0.43752,of_to_sc
46960,0.276385,0.09908,0.45369,of_to_sc
46961,0.16906000000000002,0.07134,0.26678,of_to_sc
46962,0.33714500000000003,0.16227,0.51202,of_to_sc
46963,0.33026,0.14777,0.51275,of_to_sc
46964,0.253675,0.11874,0.38861,of_to_sc
46965,0.26621500000000003,0.09679,0.43564,of_to_sc
46966,0.3789,0.19878,0.55902,of_to_sc
46967,0.27856,0.13318,0.42394,of_to_sc
46968,0.22525499999999998,0.11133,0.33918,of_to_sc
46969,0.22311,0.10414,0.34208,of_to_sc
46970,0.395655,0.21388,0.57743,of_to_sc
46971,0.327045,0.14879,0.5053,of_to_sc
46972,0.18432,0.05506,0.31358,of_to_sc
46973,0.307565,0.13604,0.47909,of_to_sc
46974,0.257945,0.09888,0.41701,of_to_sc
46975,0.311835,0.15693,0.46674,of_to_sc
46976,0.284825,0.13304,0.43661,of_to_sc
46977,0.34045499999999995,0.14531,0.5356,of_to_sc
46978,0.3369,0.19189,0.48191,of_to_sc
46979,0.254705,0.10331,0.4061,of_to_sc
46980,0.31854499999999997,0.14898,0.48811,of_to_sc
46981,0.18155,0.05734,0.30576,of_to_sc
46982,0.29557,0.13434,0.4568,of_to_sc
46983,0.28498,0.11997,0.44999,of_to_sc
46984,0.251965,0.12266,0.38127,of_to_sc
58896,0.31081,0.16465,0.45697,of_to_sc
58897,0.27595,0.11869,0.43321,of_to_sc
58898,0.37843,0.1571,0.59976,of_to_sc
58899,0.151655,0.05536,0.24795,of_to_sc
58900,0.20400000000000001,0.08984,0.31816,of_to_sc
58901,0.20979,0.10462,0.31496,of_to_sc
58902,0.4153,0.22324,0.60736,of_to_sc
58903,0.241,0.105,0.377,of_to_sc
58904,0.297045,0.13824,0.45585,of_to_sc
58905,0.29591,0.1116,0.48022,of_to_sc
58906,0.25694500000000003,0.11283,0.40106,of_to_sc
58907,0.273635,0.10854,0.43873,of_to_sc
58908,0.323115,0.17995,0.46628,of_to_sc
58909,0.196675,0.0726,0.32075,of_to_sc
58910,0.406145,0.22702,0.58527,of_to_sc
58911,0.257965,0.13053,0.3854,of_to_sc
58912,0.214985,0.08421,0.34576,of_to_sc
58913,0.32356,0.15694,0.49018,of_to_sc
58914,0.352565,0.1947,0.51043,of_to_sc
58915,0.33746,0.18568,0.48924,of_to_sc
58916,0.347045,0.19047,0.50362,of_to_sc
58917,0.269905,0.12018,0.41963,of_to_sc
58918,0.32465,0.17019,0.47911,of_to_sc
58919,0.25317,0.1046,0.40174,of_to_sc
58920,0.198875,0.06773,0.33002,of_to_sc
58921,0.22313,0.09615,0.35011,of_to_sc
58922,0.26703,0.11237,0.42169,of_to_sc
58923,0.17304000000000003,0.06775,0.27833,of_to_sc
58924,0.357375,0.16575,0.549,of_to_sc
58925,0.27642,0.10163,0.45121,of_to_sc
58926,0.236245,0.08794,0.38455,of_to_sc
58927,0.2895,0.13537,0.44363,of_to_sc
58928,0.33099,0.14006,0.52192,of_to_sc
58929,0.24552999999999997,0.10515,0.38591,of_to_sc
58930,0.453175,0.24539,0.66096,of_to_sc
58931,0.271575,0.11965,0.4235,of_to_sc
58932,0.26475,0.14347,0.38603,of_to_sc
58933,0.35417,0.18635,0.52199,of_to_sc
58934,0.24454,0.09064,0.39844,of_to_sc
58935,0.251655,0.11844,0.38487,of_to_sc
58936,0.270335,0.12265,0.41802,of_to_sc
58937,0.29703999999999997,0.1375,0.45658,of_to_sc
58938,0.271995,0.13641,0.40758,of_to_sc
58939,0.43145999999999995,0.21166,0.65126,of_to_sc
58940,0.2687,0.13204,0.40536,of_to_sc
58941,0.21509,0.08537,0.34481,of_to_sc
58942,0.37156500000000003,0.19137,0.55176,of_to_sc
58943,0.287885,0.12505,0.45072,of_to_sc
58944,0.20358500000000002,0.09166,0.31551,of_to_sc
58945,0.36304499999999995,0.19315,0.53294,of_to_sc
58946,0.23640999999999998,0.08757,0.38525,of_to_sc
58947,0.21425,0.07935,0.34915,of_to_sc
58948,0.25621499999999997,0.0996,0.41283,of_to_sc
58949,0.33718499999999996,0.19898,0.47539,of_to_sc
58950,0.28017000000000003,0.11316,0.44718,of_to_sc
58951,0.19045,0.07659,0.30431,of_to_sc
58952,0.22736499999999998,0.0974,0.35733,of_to_sc
58953,0.31015499999999996,0.13054,0.48977,of_to_sc
58954,0.285745,0.12671,0.44478,of_to_sc
58955,0.211545,0.0821,0.34099,of_to_sc
58956,0.27804,0.13255,0.42353,of_to_sc
58957,0.245355,0.1035,0.38721,of_to_sc
58958,0.25512,0.10149,0.40875,of_to_sc
58959,0.45213,0.23715,0.66711,of_to_sc
58960,0.225215,0.10132,0.34911,of_to_sc
58961,0.212045,0.06685,0.35724,of_to_sc
58962,0.36928500000000003,0.19969,0.53888,of_to_sc
58963,0.376335,0.17112,0.58155,of_to_sc
58964,0.15856,0.05683,0.26029,of_to_sc
58965,0.24803,0.10207,0.39399,of_to_sc
58966,0.241835,0.10501,0.37866,of_to_sc
58967,0.28696499999999997,0.15044,0.42349,of_to_sc
58968,0.316955,0.14729,0.48662,of_to_sc
58969,0.244415,0.09267,0.39616,of_to_sc
58970,0.2928,0.1467,0.4389,of_to_sc
58971,0.278655,0.13455,0.42276,of_to_sc
58972,0.23026,0.11123,0.34929,of_to_sc
58973,0.27059,0.11217,0.42901,of_to_sc
58974,0.405535,0.25135,0.55972,of_to_sc
58975,0.24553999999999998,0.1016,0.38948,of_to_sc
58976,0.282325,0.13931,0.42534,of_to_sc
58977,0.277485,0.14376,0.41121,of_to_sc
58978,0.30428,0.14559,0.46297,of_to_sc
58979,0.442435,0.26828,0.61659,of_to_sc
58980,0.239665,0.11278,0.36655,of_to_sc
58981,0.17123,0.05983,0.28263,of_to_sc
58982,0.35314999999999996,0.16168,0.54462,of_to_sc
58983,0.32152000000000003,0.1574,0.48564,of_to_sc
58984,0.21698,0.09331,0.34065,of_to_sc
58985,0.24680999999999997,0.09855,0.39507,of_to_sc
58986,0.21852,0.09875,0.33829,of_to_sc
58987,0.302975,0.14762,0.45833,of_to_sc
58988,0.37667,0.21068,0.54266,of_to_sc
58989,0.269895,0.12166,0.41813,of_to_sc
58990,0.2346,0.0981,0.3711,of_to_sc
58991,0.23705,0.08998,0.38412,of_to_sc
58992,0.176495,0.07584,0.27715,of_to_sc
58993,0.36207500000000004,0.19549,0.52866,of_to_sc
58994,0.34571999999999997,0.15023,0.54121,of_to_sc
58995,0.24624,0.09673,0.39575,of_to_sc
58996,0.269955,0.12836,0.41155,of_to_sc
58997,0.28763500000000003,0.1191,0.45617,of_to_sc
58998,0.282195,0.14636,0.41803,of_to_sc
58999,0.29871000000000003,0.12889,0.46853,of_to_sc
59000,0.430635,0.19774,0.66353,of_to_sc
59001,0.20282999999999998,0.08668,0.31898,of_to_sc
59002,0.34941,0.18318,0.51564,of_to_sc
59003,0.218545,0.10844,0.32865,of_to_sc
59004,0.371365,0.16364,0.57909,of_to_sc
59005,0.278485,0.13849,0.41848,of_to_sc
59006,0.2327,0.11551,0.34989,of_to_sc
59007,0.328235,0.17895,0.47752,of_to_sc
59008,0.272605,0.12695,0.41826,of_to_sc
59009,0.30291,0.15558,0.45024,of_to_sc
59010,0.43918999999999997,0.24544,0.63294,of_to_sc
59011,0.23549,0.11022,0.36076,of_to_sc
59012,0.24389500000000003,0.12459,0.3632,of_to_sc
59013,0.294355,0.12836,0.46035,of_to_sc
59014,0.28124499999999997,0.12372,0.43877,of_to_sc
59015,0.26586,0.09198,0.43974,of_to_sc
59016,0.23399999999999999,0.109,0.359,of_to_sc
59017,0.31594,0.16869,0.46319,of_to_sc
59018,0.241065,0.08953,0.3926,of_to_sc
59019,0.40162,0.21915,0.58409,of_to_sc
59020,0.259665,0.09912,0.42021,of_to_sc
59021,0.36281,0.17045,0.55517,of_to_sc
59022,0.25614,0.10393,0.40835,of_to_sc
59023,0.23202,0.09319,0.37085,of_to_sc
59024,0.245475,0.12767,0.36328,of_to_sc
59025,0.15701,0.06019,0.25383,of_to_sc
59026,0.38283,0.18676,0.5789,of_to_sc
59027,0.276105,0.11663,0.43558,of_to_sc
59028,0.35085500000000003,0.17625,0.52546,of_to_sc
59029,0.300915,0.14258,0.45925,of_to_sc
59030,0.279645,0.10577,0.45352,of_to_sc
59031,0.171925,0.06138,0.28247,of_to_sc
59032,0.32041,0.14595,0.49487,of_to_sc
59033,0.365915,0.20267,0.52916,of_to_sc
59034,0.19963499999999998,0.09057,0.3087,of_to_sc
59035,0.35278,0.16856,0.537,of_to_sc
59036,0.24040499999999998,0.09662,0.38419,of_to_sc
59037,0.301925,0.13291,0.47094,of_to_sc
59038,0.267855,0.11364,0.42207,of_to_sc
59039,0.42030999999999996,0.23711,0.60351,of_to_sc
59040,0.291425,0.14898,0.43387,of_to_sc
59041,0.15832,0.05655,0.26009,of_to_sc
59042,0.17586,0.06477,0.28695,of_to_sc
59043,0.344935,0.14394,0.54593,of_to_sc
59044,0.2365,0.08769,0.38531,of_to_sc
59045,0.34312,0.19306,0.49318,of_to_sc
59046,0.3726,0.17709,0.56811,of_to_sc
59047,0.238005,0.09907,0.37694,of_to_sc
59048,0.300185,0.12764,0.47273,of_to_sc
59049,0.28223,0.12794,0.43652,of_to_sc
59050,0.277045,0.12932,0.42477,of_to_sc
59051,0.213535,0.075,0.35207,of_to_sc
59052,0.393775,0.21181,0.57574,of_to_sc
59053,0.33921999999999997,0.17387,0.50457,of_to_sc
59054,0.17967,0.06451,0.29483,of_to_sc
59055,0.33567,0.15605,0.51529,of_to_sc
59056,0.40599,0.18764,0.62434,of_to_sc
59057,0.268565,0.13071,0.40642,of_to_sc
59058,0.32192,0.13711,0.50673,of_to_sc
59059,0.28543,0.13567,0.43519,of_to_sc
59060,0.2787,0.13207,0.42533,of_to_sc
59061,0.189005,0.07516,0.30285,of_to_sc
59062,0.38213,0.19418,0.57008,of_to_sc
59063,0.41577,0.23228,0.59926,of_to_sc
59064,0.150365,0.05628,0.24445,of_to_sc
59065,0.40591999999999995,0.24033,0.57151,of_to_sc
59066,0.22464499999999998,0.09157,0.35772,of_to_sc
59067,0.318905,0.18045,0.45736,of_to_sc
59068,0.30121,0.15938,0.44304,of_to_sc
59069,0.36476000000000003,0.14141,0.58811,of_to_sc
59070,0.21555,0.08535,0.34575,of_to_sc
59071,0.30259,0.14885,0.45633,of_to_sc
59072,0.255245,0.10867,0.40182,of_to_sc
59073,0.257215,0.1191,0.39533,of_to_sc
59074,0.2199,0.10032,0.33948,of_to_sc
59075,0.1734,0.05879,0.28801,of_to_sc
59076,0.21459499999999998,0.08967,0.33952,of_to_sc
59077,0.33575499999999997,0.1707,0.50081,of_to_sc
59078,0.282895,0.11408,0.45171,of_to_sc
59079,0.351515,0.16568,0.53735,of_to_sc
59080,0.254375,0.10915,0.3996,of_to_sc
59081,0.23611000000000001,0.11208,0.36014,of_to_sc
59082,0.20699,0.09654,0.31744,of_to_sc
59083,0.35901,0.19169,0.52633,of_to_sc
59084,0.28364,0.14576,0.42152,of_to_sc
59085,0.208485,0.08017,0.3368,of_to_sc
59086,0.38681499999999996,0.19336,0.58027,of_to_sc
59087,0.277965,0.14265,0.41328,of_to_sc
59088,0.29808,0.14948,0.44668,of_to_sc
59089,0.21453,0.09196,0.3371,of_to_sc
59090,0.39794,0.21328,0.5826,of_to_sc
59091,0.319255,0.1313,0.50721,of_to_sc
59092,0.3145,0.15848,0.47052,of_to_sc
59093,0.29367,0.12095,0.46639,of_to_sc
59094,0.339195,0.18177,0.49662,of_to_sc
59095,0.224425,0.1214,0.32745,of_to_sc
59096,0.314255,0.16969,0.45882,of_to_sc
59097,0.45182500000000003,0.25389,0.64976,of_to_sc
59098,0.339465,0.17015,0.50878,of_to_sc
59099,0.284065,0.13777,0.43036,of_to_sc
59100,0.264575,0.07981,0.44934,of_to_sc
59101,0.21126,0.08261,0.33991,of_to_sc
59102,0.19801000000000002,0.08,0.31602,of_to_sc
59103,0.32508,0.15174,0.49842,of_to_sc
59104,0.341805,0.13331,0.5503,of_to_sc
59105,0.31505,0.16425,0.46585,of_to_sc
59106,0.296685,0.14883,0.44454,of_to_sc
59107,0.291035,0.1427,0.43937,of_to_sc
59108,0.28051,0.12631,0.43471,of_to_sc
59109,0.38513,0.18878,0.58148,of_to_sc
59110,0.20064500000000002,0.07939,0.3219,of_to_sc
59111,0.250175,0.11028,0.39007,of_to_sc
59112,0.30962,0.16583,0.45341,of_to_sc
59113,0.35823,0.15588,0.56058,of_to_sc
59114,0.32633500000000004,0.13082,0.52185,of_to_sc
59115,0.191055,0.08189,0.30022,of_to_sc
59116,0.28846,0.1464,0.43052,of_to_sc
59117,0.249755,0.11027,0.38924,of_to_sc
59118,0.288385,0.12889,0.44788,of_to_sc
59119,0.42202,0.23881,0.60523,of_to_sc
59120,0.23252,0.10331,0.36173,of_to_sc
59121,0.22455,0.0961,0.353,of_to_sc
59122,0.315135,0.14242,0.48785,of_to_sc
59123,0.307765,0.13612,0.47941,of_to_sc
59124,0.15942,0.0528,0.26604,of_to_sc
59125,0.25699,0.11332,0.40066,of_to_sc
59126,0.19563,0.07339,0.31787,of_to_sc
59127,0.41136,0.21844,0.60428,of_to_sc
59128,0.295155,0.11986,0.47045,of_to_sc
59129,0.287925,0.14538,0.43047,of_to_sc
59130,0.289765,0.11466,0.46487,of_to_sc
59131,0.270825,0.12594,0.41571,of_to_sc
59132,0.246135,0.1319,0.36037,of_to_sc
59133,0.322825,0.12657,0.51908,of_to_sc
59134,0.3965,0.22433,0.56867,of_to_sc
59135,0.28235,0.13091,0.43379,of_to_sc
59136,0.276015,0.1345,0.41753,of_to_sc
59137,0.333205,0.16552,0.50089,of_to_sc
59138,0.387805,0.18447,0.59114,of_to_sc
59139,0.24346,0.11312,0.3738,of_to_sc
59140,0.29217,0.1324,0.45194,of_to_sc
59141,0.23300500000000002,0.11654,0.34947,of_to_sc
59142,0.19866,0.0758,0.32152,of_to_sc
59143,0.33274,0.14454,0.52094,of_to_sc
59144,0.31711,0.17261,0.46161,of_to_sc
59145,0.19587500000000002,0.06752,0.32423,of_to_sc
59146,0.351785,0.17952,0.52405,of_to_sc
59147,0.264935,0.11171,0.41816,of_to_sc
59148,0.2106,0.07688,0.34432,of_to_sc
59149,0.43294,0.2232,0.64268,of_to_sc
59150,0.270725,0.14125,0.4002,of_to_sc
59151,0.20426499999999997,0.08373,0.3248,of_to_sc
59152,0.299585,0.14595,0.45322,of_to_sc
59153,0.302,0.13651,0.46749,of_to_sc
59154,0.19476000000000002,0.08943,0.30009,of_to_sc
59155,0.27095,0.08657,0.45533,of_to_sc
59156,0.29118499999999997,0.11997,0.4624,of_to_sc
59157,0.43556500000000004,0.22443,0.6467,of_to_sc
59158,0.32315,0.18484,0.46146,of_to_sc
59159,0.33421500000000004,0.17523,0.4932,of_to_sc
59160,0.19726500000000002,0.07513,0.3194,of_to_sc
59161,0.21959,0.10188,0.3373,of_to_sc
59162,0.2872,0.11527,0.45913,of_to_sc
59163,0.19374,0.09032,0.29716,of_to_sc
59164,0.33489,0.13415,0.53563,of_to_sc
59165,0.21576,0.08218,0.34934,of_to_sc
59166,0.27651000000000003,0.15085,0.40217,of_to_sc
59167,0.26736499999999996,0.11923,0.4155,of_to_sc
59168,0.27448,0.13469,0.41427,of_to_sc
59169,0.29500000000000004,0.16152,0.42848,of_to_sc
59170,0.42759,0.24731,0.60787,of_to_sc
59171,0.238815,0.08726,0.39037,of_to_sc
59172,0.2706,0.10611,0.43509,of_to_sc
59173,0.26354,0.09866,0.42842,of_to_sc
59174,0.329615,0.13806,0.52117,of_to_sc
59175,0.2979,0.15133,0.44447,of_to_sc
59176,0.36717500000000003,0.13905,0.5953,of_to_sc
59177,0.31107,0.15898,0.46316,of_to_sc
59178,0.31555500000000003,0.16298,0.46813,of_to_sc
59179,0.24574,0.09291,0.39857,of_to_sc
59180,0.22831,0.10926,0.34736,of_to_sc
59181,0.21443,0.06934,0.35952,of_to_sc
59182,0.30617,0.15036,0.46198,of_to_sc
59183,0.16699999999999998,0.04988,0.28412,of_to_sc
59184,0.33785,0.1793,0.4964,of_to_sc
59185,0.320615,0.16993,0.4713,of_to_sc
59186,0.274155,0.14895,0.39936,of_to_sc
59187,0.278685,0.11671,0.44066,of_to_sc
59188,0.26952,0.1228,0.41624,of_to_sc
59189,0.27837,0.11095,0.44579,of_to_sc
59190,0.405395,0.2115,0.59929,of_to_sc
59191,0.286585,0.15259,0.42058,of_to_sc
59192,0.240195,0.09496,0.38543,of_to_sc
59193,0.327715,0.18384,0.47159,of_to_sc
59194,0.37155000000000005,0.17707,0.56603,of_to_sc
59195,0.3086,0.15591,0.46129,of_to_sc
59196,0.40234,0.20521,0.59947,of_to_sc
59197,0.35727,0.17082,0.54372,of_to_sc
59198,0.29435,0.13606,0.45264,of_to_sc
59199,0.248925,0.1118,0.38605,of_to_sc
59200,0.195365,0.07937,0.31136,of_to_sc
59201,0.166795,0.05937,0.27422,of_to_sc
59202,0.32538,0.15103,0.49973,of_to_sc
59203,0.22921,0.12094,0.33748,of_to_sc
59204,0.313735,0.10732,0.52015,of_to_sc
59205,0.293495,0.14957,0.43742,of_to_sc
59206,0.28205,0.1101,0.454,of_to_sc
59207,0.30484,0.14641,0.46327,of_to_sc
59208,0.270545,0.10567,0.43542,of_to_sc
59209,0.335675,0.19242,0.47893,of_to_sc
59210,0.482085,0.29451,0.66966,of_to_sc
59211,0.21760000000000002,0.08734,0.34786,of_to_sc
59212,0.248145,0.11353,0.38276,of_to_sc
59213,0.30628,0.14359,0.46897,of_to_sc
59214,0.36846999999999996,0.16302,0.57392,of_to_sc
59215,0.22843000000000002,0.10027,0.35659,of_to_sc
59216,0.268475,0.13306,0.40389,of_to_sc
59217,0.260815,0.10699,0.41464,of_to_sc
59218,0.34043,0.19173,0.48913,of_to_sc
59219,0.452735,0.25497,0.6505,of_to_sc
59220,0.25209,0.10343,0.40075,of_to_sc
59221,0.20844,0.08979,0.32709,of_to_sc
59222,0.17873499999999998,0.04788,0.30959,of_to_sc
59223,0.283735,0.12945,0.43802,of_to_sc
59224,0.266465,0.12706,0.40587,of_to_sc
59225,0.25841000000000003,0.1184,0.39842,of_to_sc
59226,0.332165,0.13715,0.52718,of_to_sc
59227,0.27159500000000003,0.1281,0.41509,of_to_sc
59228,0.2885,0.11671,0.46029,of_to_sc
59229,0.320695,0.17214,0.46925,of_to_sc
59230,0.27263000000000004,0.11384,0.43142,of_to_sc
59231,0.290905,0.14752,0.43429,of_to_sc
59232,0.29703,0.1361,0.45796,of_to_sc
59233,0.36763,0.16459,0.57067,of_to_sc
59234,0.18032,0.07667,0.28397,of_to_sc
59235,0.34187999999999996,0.15946,0.5243,of_to_sc
59236,0.20339000000000002,0.08246,0.32432,of_to_sc
59237,0.33024,0.16685,0.49363,of_to_sc
59238,0.30072,0.14247,0.45897,of_to_sc
59239,0.489225,0.31311,0.66534,of_to_sc
59240,0.228385,0.10195,0.35482,of_to_sc
59241,0.1593,0.04803,0.27057,of_to_sc
59242,0.20488,0.10335,0.30641,of_to_sc
59243,0.29559,0.11887,0.47231,of_to_sc
59244,0.322415,0.16573,0.4791,of_to_sc
59245,0.22560999999999998,0.08628,0.36494,of_to_sc
59246,0.426145,0.24241,0.60988,of_to_sc
59247,0.30845,0.13785,0.47905,of_to_sc
59248,0.24857,0.09001,0.40713,of_to_sc
59249,0.264075,0.10375,0.4244,of_to_sc
59250,0.40037500000000004,0.21986,0.58089,of_to_sc
59251,0.32331,0.16018,0.48644,of_to_sc
59252,0.33718000000000004,0.15871,0.51565,of_to_sc
59253,0.265805,0.1053,0.42631,of_to_sc
59254,0.328035,0.1646,0.49147,of_to_sc
59255,0.19116999999999998,0.08774,0.2946,of_to_sc
59256,0.42375,0.22868,0.61882,of_to_sc
59257,0.424105,0.24997,0.59824,of_to_sc
59258,0.323145,0.14711,0.49918,of_to_sc
59259,0.30948,0.16091,0.45805,of_to_sc
59260,0.22807,0.07696,0.37918,of_to_sc
59261,0.190285,0.07554,0.30503,of_to_sc
59262,0.28709,0.1246,0.44958,of_to_sc
59263,0.3104,0.13776,0.48304,of_to_sc
59264,0.18772499999999998,0.07652,0.29893,of_to_sc
59265,0.35211000000000003,0.17744,0.52678,of_to_sc
59266,0.218385,0.08735,0.34942,of_to_sc
59267,0.308955,0.15026,0.46765,of_to_sc
59268,0.354135,0.15913,0.54914,of_to_sc
59269,0.307085,0.148,0.46617,of_to_sc
59270,0.30832000000000004,0.17374,0.4429,of_to_sc
59271,0.186195,0.08348,0.28891,of_to_sc
59272,0.232675,0.11006,0.35529,of_to_sc
59273,0.301585,0.14201,0.46116,of_to_sc
59274,0.251175,0.1041,0.39825,of_to_sc
59275,0.2228,0.06808,0.37752,of_to_sc
